customer_id,churn_probability_90d
CUST000001,0.0251
CUST000002,0.0452
CUST000003,0.037
CUST000004,0.045
CUST000005,0.0427
CUST000006,0.0487
CUST000007,0.0922
CUST000008,0.0496
CUST000009,0.0335
CUST000010,0.0924
CUST000011,0.0386
CUST000012,0.0427
CUST000013,0.994
CUST000014,0.9942
CUST000015,0.0495
CUST000016,0.036
CUST000017,0.0223
CUST000018,0.0271
CUST000019,0.0517
CUST000020,0.0418
CUST000021,0.9942
CUST000022,0.049
CUST000023,0.9955
CUST000024,0.9951
CUST000025,0.0609
CUST000026,0.0822
CUST000027,0.0354
CUST000028,0.0418
CUST000029,0.0337
CUST000030,0.0773
CUST000031,0.0612
CUST000032,0.0333
CUST000033,0.9943
CUST000034,0.0216
CUST000035,0.9964
CUST000036,0.0407
CUST000037,0.0848
CUST000038,0.0971
CUST000039,0.0945
CUST000040,0.0337
CUST000041,0.0658
CUST000042,0.9948
CUST000043,0.9951
CUST000044,0.0385
CUST000045,0.9916
CUST000046,0.0287
CUST000047,0.0799
CUST000048,0.0329
CUST000049,0.0807
CUST000050,0.0671
CUST000051,0.1959
CUST000052,0.0724
CUST000053,0.0554
CUST000054,0.0311
CUST000055,0.0378
CUST000056,0.9945
CUST000057,0.0349
CUST000058,0.0486
CUST000059,0.047
CUST000060,0.1159
CUST000061,0.0728
CUST000062,0.0416
CUST000063,0.0343
CUST000064,0.9932
CUST000065,0.0388
CUST000066,0.0243
CUST000067,0.0356
CUST000068,0.0805
CUST000069,0.0368
CUST000070,0.1298
CUST000071,0.0371
CUST000072,0.0459
CUST000073,0.0503
CUST000074,0.0492
CUST000075,0.057
CUST000076,0.0584
CUST000077,0.9934
CUST000078,0.994
CUST000079,0.0517
CUST000080,0.0344
CUST000081,0.0769
CUST000082,0.0788
CUST000083,0.0476
CUST000084,0.1003
CUST000085,0.1308
CUST000086,0.0211
CUST000087,0.111
CUST000088,0.0903
CUST000089,0.0484
CUST000090,0.0937
CUST000091,0.0311
CUST000092,0.041
CUST000093,0.0602
CUST000094,0.0539
CUST000095,0.1077
CUST000096,0.0352
CUST000097,0.0177
CUST000098,0.0343
CUST000099,0.0475
CUST000100,0.0357
CUST000101,0.0288
CUST000102,0.027
CUST000103,0.1223
CUST000104,0.0426
CUST000105,0.0471
CUST000106,0.0249
CUST000107,0.0735
CUST000108,0.1362
CUST000109,0.0558
CUST000110,0.0295
CUST000111,0.9969
CUST000112,0.0366
CUST000113,0.1064
CUST000114,0.9966
CUST000115,0.0281
CUST000116,0.1831
CUST000117,0.044
CUST000118,0.0878
CUST000119,0.0498
CUST000120,0.9953
CUST000121,0.0623
CUST000122,0.0556
CUST000123,0.9974
CUST000124,0.0529
CUST000125,0.041
CUST000126,0.0269
CUST000127,0.0385
CUST000128,0.0585
CUST000129,0.164
CUST000130,0.1287
CUST000131,0.0571
CUST000132,0.9952
CUST000133,0.03
CUST000134,0.0426
CUST000135,0.0496
CUST000136,0.0629
CUST000137,0.0706
CUST000138,0.0665
CUST000139,0.0233
CUST000140,0.0488
CUST000141,0.0512
CUST000142,0.0411
CUST000143,0.0651
CUST000144,0.0347
CUST000145,0.0652
CUST000146,0.9968
CUST000147,0.0544
CUST000148,0.0325
CUST000149,0.0424
CUST000150,0.0318
CUST000151,0.1504
CUST000152,0.0269
CUST000153,0.9956
CUST000154,0.0522
CUST000155,0.997
CUST000156,0.0428
CUST000157,0.0572
CUST000158,0.0361
CUST000159,0.9954
CUST000160,0.1786
CUST000161,0.0444
CUST000162,0.0566
CUST000163,0.0409
CUST000164,0.0416
CUST000165,0.062
CUST000166,0.0296
CUST000167,0.0472
CUST000168,0.0468
CUST000169,0.997
CUST000170,0.0836
CUST000171,0.0301
CUST000172,0.052
CUST000173,0.9979
CUST000174,0.0464
CUST000175,0.0342
CUST000176,0.0461
CUST000177,0.0453
CUST000178,0.9943
CUST000179,0.034
CUST000180,0.0258
CUST000181,0.0275
CUST000182,0.0582
CUST000183,0.0492
CUST000184,0.0867
CUST000185,0.0308
CUST000186,0.0305
CUST000187,0.0348
CUST000188,0.9965
CUST000189,0.0301
CUST000190,0.0357
CUST000191,0.1671
CUST000192,0.0561
CUST000193,0.9937
CUST000194,0.996
CUST000195,0.0425
CUST000196,0.0944
CUST000197,0.0446
CUST000198,0.0288
CUST000199,0.0348
CUST000200,0.0738
CUST000201,0.0617
CUST000202,0.2022
CUST000203,0.0673
CUST000204,0.0262
CUST000205,0.1603
CUST000206,0.06
CUST000207,0.0521
CUST000208,0.037
CUST000209,0.0512
CUST000210,0.0396
CUST000211,0.9952
CUST000212,0.0482
CUST000213,0.0355
CUST000214,0.0316
CUST000215,0.0503
CUST000216,0.05
CUST000217,0.0395
CUST000218,0.0341
CUST000219,0.0546
CUST000220,0.9948
CUST000221,0.0587
CUST000222,0.0679
CUST000223,0.0364
CUST000224,0.0447
CUST000225,0.0744
CUST000226,0.0489
CUST000227,0.0695
CUST000228,0.9973
CUST000229,0.0462
CUST000230,0.9931
CUST000231,0.0482
CUST000232,0.0672
CUST000233,0.0503
CUST000234,0.0293
CUST000235,0.0279
CUST000236,0.9942
CUST000237,0.0499
CUST000238,0.0727
CUST000239,0.0596
CUST000240,0.0188
CUST000241,0.0322
CUST000242,0.044
CUST000243,0.9924
CUST000244,0.0344
CUST000245,0.084
CUST000246,0.0356
CUST000247,0.0626
CUST000248,0.0417
CUST000249,0.0333
CUST000250,0.0388
CUST000251,0.0303
CUST000252,0.023
CUST000253,0.0415
CUST000254,0.0456
CUST000255,0.1423
CUST000256,0.0407
CUST000257,0.0612
CUST000258,0.0376
CUST000259,0.0344
CUST000260,0.0529
CUST000261,0.0472
CUST000262,0.0403
CUST000263,0.0379
CUST000264,0.0198
CUST000265,0.0593
CUST000266,0.2407
CUST000267,0.0378
CUST000268,0.0555
CUST000269,0.0547
CUST000270,0.0568
CUST000271,0.0659
CUST000272,0.0441
CUST000273,0.0549
CUST000274,0.0578
CUST000275,0.0408
CUST000276,0.0474
CUST000277,0.0445
CUST000278,0.0236
CUST000279,0.0766
CUST000280,0.1168
CUST000281,0.0261
CUST000282,0.0398
CUST000283,0.0209
CUST000284,0.1001
CUST000285,0.0314
CUST000286,0.0425
CUST000287,0.058
CUST000288,0.0548
CUST000289,0.0235
CUST000290,0.0574
CUST000291,0.9944
CUST000292,0.0527
CUST000293,0.9929
CUST000294,0.0866
CUST000295,0.0274
CUST000296,0.0403
CUST000297,0.0863
CUST000298,0.0425
CUST000299,0.0308
CUST000300,0.0663
CUST000301,0.1163
CUST000302,0.0218
CUST000303,0.0326
CUST000304,0.0416
CUST000305,0.0489
CUST000306,0.0531
CUST000307,0.0489
CUST000308,0.0341
CUST000309,0.039
CUST000310,0.0372
CUST000311,0.0486
CUST000312,0.0243
CUST000313,0.0232
CUST000314,0.0303
CUST000315,0.9948
CUST000316,0.9965
CUST000317,0.0256
CUST000318,0.0237
CUST000319,0.0529
CUST000320,0.0568
CUST000321,0.039
CUST000322,0.0282
CUST000323,0.0531
CUST000324,0.0359
CUST000325,0.0734
CUST000326,0.0796
CUST000327,0.0504
CUST000328,0.0709
CUST000329,0.0656
CUST000330,0.9965
CUST000331,0.0365
CUST000332,0.9956
CUST000333,0.0426
CUST000334,0.0519
CUST000335,0.0455
CUST000336,0.063
CUST000337,0.0683
CUST000338,0.0297
CUST000339,0.0379
CUST000340,0.0418
CUST000341,0.0171
CUST000342,0.0831
CUST000343,0.0498
CUST000344,0.0508
CUST000345,0.0672
CUST000346,0.0396
CUST000347,0.0446
CUST000348,0.0426
CUST000349,0.0248
CUST000350,0.1275
CUST000351,0.113
CUST000352,0.1085
CUST000353,0.037
CUST000354,0.073
CUST000355,0.9944
CUST000356,0.0954
CUST000357,0.9959
CUST000358,0.9966
CUST000359,0.0474
CUST000360,0.0207
CUST000361,0.0295
CUST000362,0.0768
CUST000363,0.0393
CUST000364,0.0676
CUST000365,0.1062
CUST000366,0.0272
CUST000367,0.0432
CUST000368,0.0259
CUST000369,0.0389
CUST000370,0.3171
CUST000371,0.1504
CUST000372,0.0484
CUST000373,0.9967
CUST000374,0.0389
CUST000375,0.0465
CUST000376,0.0358
CUST000377,0.994
CUST000378,0.9953
CUST000379,0.0247
CUST000380,0.041
CUST000381,0.0559
CUST000382,0.9943
CUST000383,0.0337
CUST000384,0.0932
CUST000385,0.0332
CUST000386,0.0294
CUST000387,0.074
CUST000388,0.0359
CUST000389,0.0446
CUST000390,0.075
CUST000391,0.0447
CUST000392,0.0878
CUST000393,0.0628
CUST000394,0.034
CUST000395,0.0429
CUST000396,0.054
CUST000397,0.0306
CUST000398,0.9957
CUST000399,0.0204
CUST000400,0.1016
CUST000401,0.0172
CUST000402,0.0318
CUST000403,0.0299
CUST000404,0.0333
CUST000405,0.1936
CUST000406,0.0485
CUST000407,0.9937
CUST000408,0.0336
CUST000409,0.0151
CUST000410,0.0465
CUST000411,0.2055
CUST000412,0.1819
CUST000413,0.0136
CUST000414,0.0259
CUST000415,0.9959
CUST000416,0.1261
CUST000417,0.0448
CUST000418,0.0385
CUST000419,0.0316
CUST000420,0.9925
CUST000421,0.0541
CUST000422,0.0564
CUST000423,0.0788
CUST000424,0.0638
CUST000425,0.0656
CUST000426,0.0271
CUST000427,0.0371
CUST000428,0.0566
CUST000429,0.0281
CUST000430,0.11
CUST000431,0.0403
CUST000432,0.0459
CUST000433,0.0237
CUST000434,0.9944
CUST000435,0.0865
CUST000436,0.0822
CUST000437,0.0982
CUST000438,0.0887
CUST000439,0.0607
CUST000440,0.0562
CUST000441,0.0528
CUST000442,0.0817
CUST000443,0.024
CUST000444,0.043
CUST000445,0.0888
CUST000446,0.0907
CUST000447,0.0279
CUST000448,0.0345
CUST000449,0.0239
CUST000450,0.1415
CUST000451,0.0657
CUST000452,0.0338
CUST000453,0.0589
CUST000454,0.0585
CUST000455,0.9937
CUST000456,0.0169
CUST000457,0.0379
CUST000458,0.0257
CUST000459,0.0437
CUST000460,0.0483
CUST000461,0.0558
CUST000462,0.0876
CUST000463,0.0289
CUST000464,0.0358
CUST000465,0.0334
CUST000466,0.0449
CUST000467,0.0251
CUST000468,0.9945
CUST000469,0.0487
CUST000470,0.0499
CUST000471,0.0385
CUST000472,0.0326
CUST000473,0.0576
CUST000474,0.0193
CUST000475,0.0439
CUST000476,0.0699
CUST000477,0.0165
CUST000478,0.9945
CUST000479,0.0358
CUST000480,0.1139
CUST000481,0.0477
CUST000482,0.1
CUST000483,0.0524
CUST000484,0.0312
CUST000485,0.0956
CUST000486,0.012
CUST000487,0.0684
CUST000488,0.08
CUST000489,0.0476
CUST000490,0.0383
CUST000491,0.9946
CUST000492,0.9941
CUST000493,0.0672
CUST000494,0.0341
CUST000495,0.9894
CUST000496,0.0953
CUST000497,0.124
CUST000498,0.1243
CUST000499,0.8745
CUST000500,0.0315
CUST000501,0.0241
CUST000502,0.997
CUST000503,0.0343
CUST000504,0.1461
CUST000505,0.018
CUST000506,0.028
CUST000507,0.0198
CUST000508,0.0594
CUST000509,0.0538
CUST000510,0.0699
CUST000511,0.042
CUST000512,0.9891
CUST000513,0.0292
CUST000514,0.1297
CUST000515,0.9946
CUST000516,0.1195
CUST000517,0.0483
CUST000518,0.0366
CUST000519,0.0542
CUST000520,0.0487
CUST000521,0.0596
CUST000522,0.0409
CUST000523,0.0318
CUST000524,0.0545
CUST000525,0.0662
CUST000526,0.0403
CUST000527,0.0954
CUST000528,0.1176
CUST000529,0.0353
CUST000530,0.0606
CUST000531,0.0291
CUST000532,0.0505
CUST000533,0.1412
CUST000534,0.071
CUST000535,0.0538
CUST000536,0.0469
CUST000537,0.0442
CUST000538,0.0465
CUST000539,0.0415
CUST000540,0.0298
CUST000541,0.0431
CUST000542,0.0193
CUST000543,0.0459
CUST000544,0.3273
CUST000545,0.1344
CUST000546,0.0379
CUST000547,0.0585
CUST000548,0.0174
CUST000549,0.0406
CUST000550,0.0364
CUST000551,0.0658
CUST000552,0.1642
CUST000553,0.0597
CUST000554,0.1484
CUST000555,0.9941
CUST000556,0.0458
CUST000557,0.0265
CUST000558,0.1676
CUST000559,0.0446
CUST000560,0.0494
CUST000561,0.037
CUST000562,0.9891
CUST000563,0.0292
CUST000564,0.9861
CUST000565,0.0347
CUST000566,0.0734
CUST000567,0.053
CUST000568,0.117
CUST000569,0.1427
CUST000570,0.0591
CUST000571,0.0646
CUST000572,0.9924
CUST000573,0.0229
CUST000574,0.045
CUST000575,0.0768
CUST000576,0.0629
CUST000577,0.0306
CUST000578,0.0578
CUST000579,0.0328
CUST000580,0.0442
CUST000581,0.0685
CUST000582,0.1755
CUST000583,0.0366
CUST000584,0.0356
CUST000585,0.9947
CUST000586,0.0684
CUST000587,0.0575
CUST000588,0.0322
CUST000589,0.0794
CUST000590,0.0378
CUST000591,0.0566
CUST000592,0.9949
CUST000593,0.0404
CUST000594,0.0892
CUST000595,0.0437
CUST000596,0.0375
CUST000597,0.0354
CUST000598,0.0211
CUST000599,0.1297
CUST000600,0.0901
CUST000601,0.0315
CUST000602,0.0345
CUST000603,0.0367
CUST000604,0.9954
CUST000605,0.1314
CUST000606,0.157
CUST000607,0.026
CUST000608,0.0606
CUST000609,0.0427
CUST000610,0.0851
CUST000611,0.0166
CUST000612,0.024
CUST000613,0.9955
CUST000614,0.0591
CUST000615,0.0679
CUST000616,0.0329
CUST000617,0.2355
CUST000618,0.0289
CUST000619,0.9941
CUST000620,0.0513
CUST000621,0.0398
CUST000622,0.0416
CUST000623,0.0292
CUST000624,0.0278
CUST000625,0.0361
CUST000626,0.0441
CUST000627,0.0381
CUST000628,0.0765
CUST000629,0.0441
CUST000630,0.0614
CUST000631,0.9952
CUST000632,0.0116
CUST000633,0.0679
CUST000634,0.9956
CUST000635,0.1116
CUST000636,0.0342
CUST000637,0.0288
CUST000638,0.071
CUST000639,0.0922
CUST000640,0.0499
CUST000641,0.0373
CUST000642,0.0438
CUST000643,0.0345
CUST000644,0.0675
CUST000645,0.0412
CUST000646,0.2825
CUST000647,0.0313
CUST000648,0.0376
CUST000649,0.0455
CUST000650,0.0755
CUST000651,0.0253
CUST000652,0.0342
CUST000653,0.0492
CUST000654,0.0619
CUST000655,0.0495
CUST000656,0.0371
CUST000657,0.0647
CUST000658,0.0287
CUST000659,0.0277
CUST000660,0.0818
CUST000661,0.0264
CUST000662,0.023
CUST000663,0.0814
CUST000664,0.0424
CUST000665,0.996
CUST000666,0.0805
CUST000667,0.0276
CUST000668,0.0524
CUST000669,0.0498
CUST000670,0.0656
CUST000671,0.995
CUST000672,0.1679
CUST000673,0.0613
CUST000674,0.0342
CUST000675,0.024
CUST000676,0.0325
CUST000677,0.029
CUST000678,0.0315
CUST000679,0.0568
CUST000680,0.0192
CUST000681,0.0712
CUST000682,0.039
CUST000683,0.0483
CUST000684,0.0226
CUST000685,0.0365
CUST000686,0.0692
CUST000687,0.0991
CUST000688,0.166
CUST000689,0.0294
CUST000690,0.0652
CUST000691,0.0983
CUST000692,0.9977
CUST000693,0.0283
CUST000694,0.0702
CUST000695,0.0807
CUST000696,0.0166
CUST000697,0.0314
CUST000698,0.0316
CUST000699,0.0614
CUST000700,0.147
CUST000701,0.0421
CUST000702,0.0395
CUST000703,0.0694
CUST000704,0.0617
CUST000705,0.0371
CUST000706,0.0412
CUST000707,0.3702
CUST000708,0.0607
CUST000709,0.3918
CUST000710,0.0486
CUST000711,0.0326
CUST000712,0.0722
CUST000713,0.0456
CUST000714,0.0906
CUST000715,0.0553
CUST000716,0.0554
CUST000717,0.0431
CUST000718,0.0388
CUST000719,0.9959
CUST000720,0.0529
CUST000721,0.0918
CUST000722,0.9966
CUST000723,0.0754
CUST000724,0.0381
CUST000725,0.0448
CUST000726,0.0631
CUST000727,0.0341
CUST000728,0.0342
CUST000729,0.0583
CUST000730,0.0353
CUST000731,0.0779
CUST000732,0.0564
CUST000733,0.0348
CUST000734,0.0413
CUST000735,0.033
CUST000736,0.0718
CUST000737,0.0473
CUST000738,0.0901
CUST000739,0.0868
CUST000740,0.0547
CUST000741,0.9949
CUST000742,0.0397
CUST000743,0.0374
CUST000744,0.0906
CUST000745,0.0837
CUST000746,0.0773
CUST000747,0.9943
CUST000748,0.0342
CUST000749,0.0364
CUST000750,0.0576
CUST000751,0.0624
CUST000752,0.0309
CUST000753,0.0331
CUST000754,0.0954
CUST000755,0.0426
CUST000756,0.037
CUST000757,0.0861
CUST000758,0.0348
CUST000759,0.0498
CUST000760,0.0527
CUST000761,0.0336
CUST000762,0.0407
CUST000763,0.0565
CUST000764,0.0548
CUST000765,0.0274
CUST000766,0.0756
CUST000767,0.9958
CUST000768,0.035
CUST000769,0.1166
CUST000770,0.0387
CUST000771,0.0299
CUST000772,0.0397
CUST000773,0.0419
CUST000774,0.0496
CUST000775,0.0371
CUST000776,0.0389
CUST000777,0.9941
CUST000778,0.9941
CUST000779,0.2387
CUST000780,0.1079
CUST000781,0.222
CUST000782,0.1254
CUST000783,0.0502
CUST000784,0.03
CUST000785,0.0438
CUST000786,0.0536
CUST000787,0.0488
CUST000788,0.0314
CUST000789,0.0694
CUST000790,0.0714
CUST000791,0.0383
CUST000792,0.0311
CUST000793,0.0265
CUST000794,0.0587
CUST000795,0.1044
CUST000796,0.0482
CUST000797,0.0343
CUST000798,0.0415
CUST000799,0.1034
CUST000800,0.0309
CUST000801,0.0215
CUST000802,0.0077
CUST000803,0.0373
CUST000804,0.1895
CUST000805,0.1921
CUST000806,0.1386
CUST000807,0.9949
CUST000808,0.1041
CUST000809,0.1034
CUST000810,0.0555
CUST000811,0.0485
CUST000812,0.0317
CUST000813,0.0421
CUST000814,0.0314
CUST000815,0.0187
CUST000816,0.0271
CUST000817,0.024
CUST000818,0.9945
CUST000819,0.0509
CUST000820,0.0356
CUST000821,0.0263
CUST000822,0.0366
CUST000823,0.0473
CUST000824,0.0644
CUST000825,0.0311
CUST000826,0.0726
CUST000827,0.0978
CUST000828,0.0674
CUST000829,0.1849
CUST000830,0.0696
CUST000831,0.147
CUST000832,0.032
CUST000833,0.0293
CUST000834,0.0727
CUST000835,0.0396
CUST000836,0.0316
CUST000837,0.1398
CUST000838,0.9948
CUST000839,0.1705
CUST000840,0.0703
CUST000841,0.0326
CUST000842,0.0387
CUST000843,0.0895
CUST000844,0.0615
CUST000845,0.9968
CUST000846,0.0264
CUST000847,0.9977
CUST000848,0.0723
CUST000849,0.0279
CUST000850,0.3442
CUST000851,0.0222
CUST000852,0.1432
CUST000853,0.0348
CUST000854,0.0618
CUST000855,0.0725
CUST000856,0.9918
CUST000857,0.0529
CUST000858,0.0635
CUST000859,0.0547
CUST000860,0.0359
CUST000861,0.9927
CUST000862,0.0483
CUST000863,0.0453
CUST000864,0.9941
CUST000865,0.0663
CUST000866,0.036
CUST000867,0.0519
CUST000868,0.0826
CUST000869,0.1009
CUST000870,0.0445
CUST000871,0.0408
CUST000872,0.9948
CUST000873,0.0289
CUST000874,0.0612
CUST000875,0.0364
CUST000876,0.0765
CUST000877,0.0766
CUST000878,0.0343
CUST000879,0.1486
CUST000880,0.0855
CUST000881,0.0405
CUST000882,0.0152
CUST000883,0.0253
CUST000884,0.0775
CUST000885,0.0657
CUST000886,0.049
CUST000887,0.038
CUST000888,0.0623
CUST000889,0.0391
CUST000890,0.0297
CUST000891,0.9965
CUST000892,0.0394
CUST000893,0.0718
CUST000894,0.0387
CUST000895,0.1051
CUST000896,0.0222
CUST000897,0.0652
CUST000898,0.0852
CUST000899,0.032
CUST000900,0.05
CUST000901,0.0413
CUST000902,0.0536
CUST000903,0.1302
CUST000904,0.0941
CUST000905,0.0384
CUST000906,0.0624
CUST000907,0.9961
CUST000908,0.0341
CUST000909,0.0246
CUST000910,0.0519
CUST000911,0.0781
CUST000912,0.0664
CUST000913,0.132
CUST000914,0.1445
CUST000915,0.0498
CUST000916,0.0941
CUST000917,0.9965
CUST000918,0.0606
CUST000919,0.0542
CUST000920,0.0383
CUST000921,0.0223
CUST000922,0.0314
CUST000923,0.0394
CUST000924,0.1362
CUST000925,0.0717
CUST000926,0.0442
CUST000927,0.1082
CUST000928,0.0636
CUST000929,0.0461
CUST000930,0.0324
CUST000931,0.0492
CUST000932,0.0452
CUST000933,0.0746
CUST000934,0.0746
CUST000935,0.0375
CUST000936,0.0555
CUST000937,0.068
CUST000938,0.0342
CUST000939,0.0712
CUST000940,0.1173
CUST000941,0.1478
CUST000942,0.9944
CUST000943,0.0454
CUST000944,0.0504
CUST000945,0.0376
CUST000946,0.0463
CUST000947,0.0264
CUST000948,0.0493
CUST000949,0.047
CUST000950,0.027
CUST000951,0.0522
CUST000952,0.1192
CUST000953,0.0935
CUST000954,0.1113
CUST000955,0.2457
CUST000956,0.9968
CUST000957,0.0845
CUST000958,0.0431
CUST000959,0.0467
CUST000960,0.0403
CUST000961,0.1278
CUST000962,0.0278
CUST000963,0.0336
CUST000964,0.0359
CUST000965,0.0479
CUST000966,0.0485
CUST000967,0.0312
CUST000968,0.995
CUST000969,0.0601
CUST000970,0.0281
CUST000971,0.035
CUST000972,0.0973
CUST000973,0.0477
CUST000974,0.0488
CUST000975,0.9959
CUST000976,0.0359
CUST000977,0.162
CUST000978,0.0432
CUST000979,0.0467
CUST000980,0.0436
CUST000981,0.0769
CUST000982,0.0759
CUST000983,0.9964
CUST000984,0.0282
CUST000985,0.0327
CUST000986,0.0379
CUST000987,0.0989
CUST000988,0.0314
CUST000989,0.1097
CUST000990,0.052
CUST000991,0.9963
CUST000992,0.046
CUST000993,0.0402
CUST000994,0.044
CUST000995,0.9927
CUST000996,0.0353
CUST000997,0.0312
CUST000998,0.0363
CUST000999,0.0425
CUST001000,0.1105
CUST001001,0.0454
CUST001002,0.0475
CUST001003,0.0271
CUST001004,0.0261
CUST001005,0.0408
CUST001006,0.0337
CUST001007,0.0327
CUST001008,0.0472
CUST001009,0.0557
CUST001010,0.0489
CUST001011,0.997
CUST001012,0.0389
CUST001013,0.07
CUST001014,0.0231
CUST001015,0.0367
CUST001016,0.03
CUST001017,0.0472
CUST001018,0.0265
CUST001019,0.1976
CUST001020,0.9965
CUST001021,0.035
CUST001022,0.0606
CUST001023,0.0888
CUST001024,0.0358
CUST001025,0.0519
CUST001026,0.0322
CUST001027,0.9942
CUST001028,0.0289
CUST001029,0.0472
CUST001030,0.0824
CUST001031,0.0477
CUST001032,0.9961
CUST001033,0.0491
CUST001034,0.3901
CUST001035,0.0742
CUST001036,0.0483
CUST001037,0.9965
CUST001038,0.0469
CUST001039,0.0448
CUST001040,0.026
CUST001041,0.0969
CUST001042,0.0594
CUST001043,0.1784
CUST001044,0.101
CUST001045,0.0489
CUST001046,0.0581
CUST001047,0.0319
CUST001048,0.0403
CUST001049,0.037
CUST001050,0.0568
CUST001051,0.0595
CUST001052,0.0134
CUST001053,0.0547
CUST001054,0.1779
CUST001055,0.1003
CUST001056,0.5358
CUST001057,0.0662
CUST001058,0.0904
CUST001059,0.1245
CUST001060,0.0422
CUST001061,0.0927
CUST001062,0.039
CUST001063,0.105
CUST001064,0.0205
CUST001065,0.0615
CUST001066,0.1136
CUST001067,0.0235
CUST001068,0.9936
CUST001069,0.1803
CUST001070,0.0282
CUST001071,0.9923
CUST001072,0.1402
CUST001073,0.0681
CUST001074,0.0372
CUST001075,0.0251
CUST001076,0.05
CUST001077,0.051
CUST001078,0.0789
CUST001079,0.0259
CUST001080,0.0412
CUST001081,0.0396
CUST001082,0.0712
CUST001083,0.1658
CUST001084,0.0331
CUST001085,0.9962
CUST001086,0.0379
CUST001087,0.0674
CUST001088,0.0364
CUST001089,0.9958
CUST001090,0.0223
CUST001091,0.0729
CUST001092,0.0697
CUST001093,0.9947
CUST001094,0.0422
CUST001095,0.0414
CUST001096,0.0687
CUST001097,0.0634
CUST001098,0.051
CUST001099,0.0636
CUST001100,0.0504
CUST001101,0.0339
CUST001102,0.9947
CUST001103,0.0373
CUST001104,0.0417
CUST001105,0.2683
CUST001106,0.043
CUST001107,0.0284
CUST001108,0.0489
CUST001109,0.0356
CUST001110,0.0532
CUST001111,0.038
CUST001112,0.0569
CUST001113,0.1062
CUST001114,0.029
CUST001115,0.0187
CUST001116,0.0768
CUST001117,0.9963
CUST001118,0.0398
CUST001119,0.0658
CUST001120,0.9962
CUST001121,0.0364
CUST001122,0.039
CUST001123,0.0432
CUST001124,0.0397
CUST001125,0.033
CUST001126,0.9953
CUST001127,0.0388
CUST001128,0.0707
CUST001129,0.0567
CUST001130,0.0355
CUST001131,0.0224
CUST001132,0.0486
CUST001133,0.0454
CUST001134,0.0417
CUST001135,0.0156
CUST001136,0.0273
CUST001137,0.0747
CUST001138,0.0371
CUST001139,0.0371
CUST001140,0.0386
CUST001141,0.0678
CUST001142,0.9983
CUST001143,0.024
CUST001144,0.0296
CUST001145,0.0641
CUST001146,0.0272
CUST001147,0.0576
CUST001148,0.0911
CUST001149,0.0107
CUST001150,0.0287
CUST001151,0.1275
CUST001152,0.058
CUST001153,0.0357
CUST001154,0.0411
CUST001155,0.0449
CUST001156,0.0598
CUST001157,0.059
CUST001158,0.0314
CUST001159,0.0327
CUST001160,0.0353
CUST001161,0.0329
CUST001162,0.0364
CUST001163,0.0701
CUST001164,0.0602
CUST001165,0.0719
CUST001166,0.0429
CUST001167,0.0359
CUST001168,0.048
CUST001169,0.0459
CUST001170,0.0366
CUST001171,0.0233
CUST001172,0.0346
CUST001173,0.1095
CUST001174,0.0535
CUST001175,0.9962
CUST001176,0.0895
CUST001177,0.0297
CUST001178,0.0429
CUST001179,0.0197
CUST001180,0.1002
CUST001181,0.0584
CUST001182,0.9929
CUST001183,0.0337
CUST001184,0.6204
CUST001185,0.044
CUST001186,0.0381
CUST001187,0.0443
CUST001188,0.0335
CUST001189,0.0646
CUST001190,0.0591
CUST001191,0.026
CUST001192,0.0794
CUST001193,0.9921
CUST001194,0.0358
CUST001195,0.0737
CUST001196,0.0527
CUST001197,0.0963
CUST001198,0.056
CUST001199,0.0933
CUST001200,0.9964
CUST001201,0.0493
CUST001202,0.0428
CUST001203,0.1414
CUST001204,0.046
CUST001205,0.0481
CUST001206,0.0368
CUST001207,0.9933
CUST001208,0.0295
CUST001209,0.0563
CUST001210,0.0442
CUST001211,0.0569
CUST001212,0.0859
CUST001213,0.0529
CUST001214,0.4986
CUST001215,0.0728
CUST001216,0.0411
CUST001217,0.0172
CUST001218,0.0327
CUST001219,0.0436
CUST001220,0.075
CUST001221,0.0407
CUST001222,0.0732
CUST001223,0.0634
CUST001224,0.0288
CUST001225,0.051
CUST001226,0.0234
CUST001227,0.0452
CUST001228,0.034
CUST001229,0.0411
CUST001230,0.1208
CUST001231,0.9928
CUST001232,0.0391
CUST001233,0.115
CUST001234,0.1109
CUST001235,0.0334
CUST001236,0.0715
CUST001237,0.0504
CUST001238,0.0343
CUST001239,0.0322
CUST001240,0.0677
CUST001241,0.0385
CUST001242,0.0819
CUST001243,0.102
CUST001244,0.0639
CUST001245,0.9955
CUST001246,0.0327
CUST001247,0.0304
CUST001248,0.0528
CUST001249,0.0959
CUST001250,0.0466
CUST001251,0.0328
CUST001252,0.0379
CUST001253,0.0173
CUST001254,0.9957
CUST001255,0.0378
CUST001256,0.272
CUST001257,0.0319
CUST001258,0.0535
CUST001259,0.0608
CUST001260,0.114
CUST001261,0.0331
CUST001262,0.0906
CUST001263,0.0474
CUST001264,0.0331
CUST001265,0.0888
CUST001266,0.0314
CUST001267,0.1805
CUST001268,0.9971
CUST001269,0.0316
CUST001270,0.1175
CUST001271,0.033
CUST001272,0.0561
CUST001273,0.0344
CUST001274,0.0287
CUST001275,0.0519
CUST001276,0.0553
CUST001277,0.0269
CUST001278,0.0803
CUST001279,0.1068
CUST001280,0.0345
CUST001281,0.3209
CUST001282,0.031
CUST001283,0.9938
CUST001284,0.9957
CUST001285,0.0776
CUST001286,0.0456
CUST001287,0.0306
CUST001288,0.079
CUST001289,0.0713
CUST001290,0.0374
CUST001291,0.0345
CUST001292,0.0413
CUST001293,0.9953
CUST001294,0.9962
CUST001295,0.0339
CUST001296,0.0927
CUST001297,0.0461
CUST001298,0.0432
CUST001299,0.0245
CUST001300,0.0304
CUST001301,0.0471
CUST001302,0.0313
CUST001303,0.1127
CUST001304,0.094
CUST001305,0.0815
CUST001306,0.9969
CUST001307,0.0755
CUST001308,0.1021
CUST001309,0.035
CUST001310,0.0272
CUST001311,0.058
CUST001312,0.041
CUST001313,0.9971
CUST001314,0.0754
CUST001315,0.0289
CUST001316,0.0242
CUST001317,0.0445
CUST001318,0.0496
CUST001319,0.0394
CUST001320,0.0285
CUST001321,0.0372
CUST001322,0.0402
CUST001323,0.0703
CUST001324,0.0392
CUST001325,0.0476
CUST001326,0.0586
CUST001327,0.045
CUST001328,0.0436
CUST001329,0.0697
CUST001330,0.9954
CUST001331,0.0499
CUST001332,0.0407
CUST001333,0.052
CUST001334,0.0717
CUST001335,0.0983
CUST001336,0.0549
CUST001337,0.029
CUST001338,0.0562
CUST001339,0.9946
CUST001340,0.0644
CUST001341,0.1062
CUST001342,0.1338
CUST001343,0.0237
CUST001344,0.0486
CUST001345,0.0834
CUST001346,0.9921
CUST001347,0.0742
CUST001348,0.0382
CUST001349,0.0586
CUST001350,0.0767
CUST001351,0.0321
CUST001352,0.9953
CUST001353,0.0634
CUST001354,0.0508
CUST001355,0.9941
CUST001356,0.0403
CUST001357,0.0285
CUST001358,0.0276
CUST001359,0.0406
CUST001360,0.0396
CUST001361,0.0318
CUST001362,0.9926
CUST001363,0.0677
CUST001364,0.0398
CUST001365,0.0976
CUST001366,0.9933
CUST001367,0.0177
CUST001368,0.9954
CUST001369,0.0182
CUST001370,0.0522
CUST001371,0.0729
CUST001372,0.0711
CUST001373,0.0407
CUST001374,0.0323
CUST001375,0.0699
CUST001376,0.0745
CUST001377,0.054
CUST001378,0.9959
CUST001379,0.0349
CUST001380,0.0395
CUST001381,0.0464
CUST001382,0.0426
CUST001383,0.0621
CUST001384,0.085
CUST001385,0.0394
CUST001386,0.0462
CUST001387,0.0264
CUST001388,0.0872
CUST001389,0.0518
CUST001390,0.0349
CUST001391,0.0362
CUST001392,0.0504
CUST001393,0.0371
CUST001394,0.0437
CUST001395,0.0498
CUST001396,0.0516
CUST001397,0.0829
CUST001398,0.0286
CUST001399,0.0247
CUST001400,0.1634
CUST001401,0.995
CUST001402,0.995
CUST001403,0.9966
CUST001404,0.0376
CUST001405,0.1454
CUST001406,0.9958
CUST001407,0.0397
CUST001408,0.0429
CUST001409,0.0484
CUST001410,0.0329
CUST001411,0.0187
CUST001412,0.0451
CUST001413,0.0295
CUST001414,0.07
CUST001415,0.0236
CUST001416,0.0345
CUST001417,0.0511
CUST001418,0.0374
CUST001419,0.036
CUST001420,0.0282
CUST001421,0.1203
CUST001422,0.0403
CUST001423,0.0701
CUST001424,0.0696
CUST001425,0.0686
CUST001426,0.06
CUST001427,0.0403
CUST001428,0.993
CUST001429,0.1002
CUST001430,0.0309
CUST001431,0.994
CUST001432,0.1453
CUST001433,0.1461
CUST001434,0.0774
CUST001435,0.9971
CUST001436,0.0696
CUST001437,0.0766
CUST001438,0.0314
CUST001439,0.0631
CUST001440,0.0576
CUST001441,0.0383
CUST001442,0.9959
CUST001443,0.1097
CUST001444,0.0665
CUST001445,0.0582
CUST001446,0.9933
CUST001447,0.0467
CUST001448,0.026
CUST001449,0.039
CUST001450,0.0148
CUST001451,0.0409
CUST001452,0.1031
CUST001453,0.0465
CUST001454,0.0389
CUST001455,0.0258
CUST001456,0.9936
CUST001457,0.0912
CUST001458,0.0429
CUST001459,0.0476
CUST001460,0.0569
CUST001461,0.0605
CUST001462,0.044
CUST001463,0.9928
CUST001464,0.205
CUST001465,0.0363
CUST001466,0.994
CUST001467,0.077
CUST001468,0.0357
CUST001469,0.9928
CUST001470,0.121
CUST001471,0.051
CUST001472,0.993
CUST001473,0.0276
CUST001474,0.0537
CUST001475,0.9979
CUST001476,0.9939
CUST001477,0.1536
CUST001478,0.027
CUST001479,0.0985
CUST001480,0.9956
CUST001481,0.0792
CUST001482,0.9934
CUST001483,0.0613
CUST001484,0.0353
CUST001485,0.1541
CUST001486,0.0909
CUST001487,0.0179
CUST001488,0.0437
CUST001489,0.9941
CUST001490,0.0615
CUST001491,0.9967
CUST001492,0.0593
CUST001493,0.0573
CUST001494,0.0636
CUST001495,0.9931
CUST001496,0.101
CUST001497,0.9965
CUST001498,0.0446
CUST001499,0.0734
CUST001500,0.4403
CUST001501,0.0402
CUST001502,0.0413
CUST001503,0.0522
CUST001504,0.0273
CUST001505,0.099
CUST001506,0.0205
CUST001507,0.0227
CUST001508,0.0303
CUST001509,0.0297
CUST001510,0.0314
CUST001511,0.0429
CUST001512,0.0567
CUST001513,0.0464
CUST001514,0.041
CUST001515,0.0546
CUST001516,0.0408
CUST001517,0.0556
CUST001518,0.0363
CUST001519,0.0426
CUST001520,0.0518
CUST001521,0.0276
CUST001522,0.0473
CUST001523,0.0396
CUST001524,0.0433
CUST001525,0.0464
CUST001526,0.0422
CUST001527,0.0551
CUST001528,0.0535
CUST001529,0.1172
CUST001530,0.0685
CUST001531,0.0853
CUST001532,0.0306
CUST001533,0.0465
CUST001534,0.0214
CUST001535,0.0791
CUST001536,0.0387
CUST001537,0.0531
CUST001538,0.0376
CUST001539,0.0573
CUST001540,0.051
CUST001541,0.9963
CUST001542,0.0358
CUST001543,0.0435
CUST001544,0.0416
CUST001545,0.0405
CUST001546,0.2277
CUST001547,0.0633
CUST001548,0.0489
CUST001549,0.054
CUST001550,0.0418
CUST001551,0.0378
CUST001552,0.0706
CUST001553,0.0595
CUST001554,0.0568
CUST001555,0.9957
CUST001556,0.0448
CUST001557,0.0495
CUST001558,0.0567
CUST001559,0.9964
CUST001560,0.6669
CUST001561,0.0605
CUST001562,0.04
CUST001563,0.0849
CUST001564,0.0516
CUST001565,0.0441
CUST001566,0.1489
CUST001567,0.9962
CUST001568,0.0418
CUST001569,0.0413
CUST001570,0.0332
CUST001571,0.0107
CUST001572,0.0579
CUST001573,0.0794
CUST001574,0.0484
CUST001575,0.0332
CUST001576,0.095
CUST001577,0.075
CUST001578,0.0408
CUST001579,0.027
CUST001580,0.0499
CUST001581,0.0365
CUST001582,0.0392
CUST001583,0.0381
CUST001584,0.0346
CUST001585,0.046
CUST001586,0.0524
CUST001587,0.0416
CUST001588,0.0875
CUST001589,0.037
CUST001590,0.9958
CUST001591,0.0384
CUST001592,0.061
CUST001593,0.0494
CUST001594,0.0227
CUST001595,0.0376
CUST001596,0.0328
CUST001597,0.0998
CUST001598,0.0281
CUST001599,0.9975
CUST001600,0.0479
CUST001601,0.033
CUST001602,0.0309
CUST001603,0.0339
CUST001604,0.0349
CUST001605,0.0624
CUST001606,0.1076
CUST001607,0.0179
CUST001608,0.0629
CUST001609,0.9942
CUST001610,0.0579
CUST001611,0.3084
CUST001612,0.047
CUST001613,0.036
CUST001614,0.0172
CUST001615,0.0681
CUST001616,0.0537
CUST001617,0.0561
CUST001618,0.0401
CUST001619,0.1654
CUST001620,0.0476
CUST001621,0.9963
CUST001622,0.0498
CUST001623,0.0662
CUST001624,0.1078
CUST001625,0.053
CUST001626,0.0345
CUST001627,0.0122
CUST001628,0.1527
CUST001629,0.0446
CUST001630,0.0564
CUST001631,0.9961
CUST001632,0.042
CUST001633,0.047
CUST001634,0.0506
CUST001635,0.1203
CUST001636,0.9929
CUST001637,0.0698
CUST001638,0.0385
CUST001639,0.0243
CUST001640,0.0363
CUST001641,0.0411
CUST001642,0.0793
CUST001643,0.1431
CUST001644,0.0427
CUST001645,0.0423
CUST001646,0.0318
CUST001647,0.0247
CUST001648,0.1457
CUST001649,0.019
CUST001650,0.0238
CUST001651,0.0112
CUST001652,0.0402
CUST001653,0.0197
CUST001654,0.9944
CUST001655,0.2132
CUST001656,0.0335
CUST001657,0.0461
CUST001658,0.1309
CUST001659,0.0609
CUST001660,0.0476
CUST001661,0.0666
CUST001662,0.0609
CUST001663,0.0285
CUST001664,0.0421
CUST001665,0.0603
CUST001666,0.055
CUST001667,0.0364
CUST001668,0.0244
CUST001669,0.0582
CUST001670,0.03
CUST001671,0.0295
CUST001672,0.0502
CUST001673,0.0351
CUST001674,0.1342
CUST001675,0.085
CUST001676,0.0634
CUST001677,0.0463
CUST001678,0.0796
CUST001679,0.0369
CUST001680,0.0299
CUST001681,0.0469
CUST001682,0.0302
CUST001683,0.0339
CUST001684,0.0446
CUST001685,0.0322
CUST001686,0.0475
CUST001687,0.037
CUST001688,0.0413
CUST001689,0.0537
CUST001690,0.9957
CUST001691,0.0347
CUST001692,0.0351
CUST001693,0.0341
CUST001694,0.0382
CUST001695,0.0912
CUST001696,0.9946
CUST001697,0.053
CUST001698,0.0703
CUST001699,0.069
CUST001700,0.0514
CUST001701,0.031
CUST001702,0.0131
CUST001703,0.0399
CUST001704,0.9897
CUST001705,0.9942
CUST001706,0.0326
CUST001707,0.0286
CUST001708,0.0906
CUST001709,0.049
CUST001710,0.0299
CUST001711,0.1939
CUST001712,0.9962
CUST001713,0.0377
CUST001714,0.0441
CUST001715,0.0406
CUST001716,0.9958
CUST001717,0.0415
CUST001718,0.3292
CUST001719,0.9938
CUST001720,0.9935
CUST001721,0.9955
CUST001722,0.0553
CUST001723,0.0273
CUST001724,0.0114
CUST001725,0.0209
CUST001726,0.0447
CUST001727,0.0993
CUST001728,0.0934
CUST001729,0.0543
CUST001730,0.0453
CUST001731,0.0551
CUST001732,0.0407
CUST001733,0.0583
CUST001734,0.0531
CUST001735,0.0201
CUST001736,0.05
CUST001737,0.0733
CUST001738,0.163
CUST001739,0.0488
CUST001740,0.1578
CUST001741,0.0407
CUST001742,0.0564
CUST001743,0.0585
CUST001744,0.1475
CUST001745,0.0355
CUST001746,0.0236
CUST001747,0.0541
CUST001748,0.0404
CUST001749,0.056
CUST001750,0.0444
CUST001751,0.1373
CUST001752,0.0647
CUST001753,0.0316
CUST001754,0.051
CUST001755,0.0346
CUST001756,0.0787
CUST001757,0.0602
CUST001758,0.044
CUST001759,0.0344
CUST001760,0.0541
CUST001761,0.0601
CUST001762,0.0805
CUST001763,0.0656
CUST001764,0.027
CUST001765,0.0339
CUST001766,0.14
CUST001767,0.04
CUST001768,0.0568
CUST001769,0.0338
CUST001770,0.0394
CUST001771,0.2924
CUST001772,0.0683
CUST001773,0.0578
CUST001774,0.0266
CUST001775,0.0213
CUST001776,0.0329
CUST001777,0.9944
CUST001778,0.0666
CUST001779,0.0346
CUST001780,0.0455
CUST001781,0.1267
CUST001782,0.0665
CUST001783,0.0726
CUST001784,0.0648
CUST001785,0.0521
CUST001786,0.051
CUST001787,0.029
CUST001788,0.0238
CUST001789,0.0323
CUST001790,0.0305
CUST001791,0.0406
CUST001792,0.9951
CUST001793,0.0364
CUST001794,0.0477
CUST001795,0.0451
CUST001796,0.0446
CUST001797,0.0158
CUST001798,0.038
CUST001799,0.035
CUST001800,0.0258
CUST001801,0.1002
CUST001802,0.1062
CUST001803,0.0809
CUST001804,0.0286
CUST001805,0.0485
CUST001806,0.9967
CUST001807,0.088
CUST001808,0.3388
CUST001809,0.9963
CUST001810,0.0452
CUST001811,0.0595
CUST001812,0.0469
CUST001813,0.9973
CUST001814,0.9951
CUST001815,0.042
CUST001816,0.1411
CUST001817,0.0778
CUST001818,0.077
CUST001819,0.052
CUST001820,0.0498
CUST001821,0.0437
CUST001822,0.2979
CUST001823,0.9935
CUST001824,0.0273
CUST001825,0.0332
CUST001826,0.0228
CUST001827,0.0465
CUST001828,0.9942
CUST001829,0.9935
CUST001830,0.064
CUST001831,0.0248
CUST001832,0.9942
CUST001833,0.2229
CUST001834,0.0432
CUST001835,0.0693
CUST001836,0.0607
CUST001837,0.0373
CUST001838,0.0375
CUST001839,0.9968
CUST001840,0.0394
CUST001841,0.0335
CUST001842,0.0612
CUST001843,0.038
CUST001844,0.0421
CUST001845,0.0387
CUST001846,0.0336
CUST001847,0.0901
CUST001848,0.0434
CUST001849,0.1621
CUST001850,0.0212
CUST001851,0.0887
CUST001852,0.0384
CUST001853,0.0358
CUST001854,0.1159
CUST001855,0.0458
CUST001856,0.9944
CUST001857,0.0264
CUST001858,0.0311
CUST001859,0.0446
CUST001860,0.0577
CUST001861,0.1132
CUST001862,0.053
CUST001863,0.0853
CUST001864,0.0138
CUST001865,0.0375
CUST001866,0.9944
CUST001867,0.1403
CUST001868,0.0507
CUST001869,0.0348
CUST001870,0.1996
CUST001871,0.0389
CUST001872,0.0362
CUST001873,0.075
CUST001874,0.0543
CUST001875,0.0703
CUST001876,0.0547
CUST001877,0.078
CUST001878,0.0413
CUST001879,0.0526
CUST001880,0.0594
CUST001881,0.0505
CUST001882,0.0908
CUST001883,0.1356
CUST001884,0.053
CUST001885,0.023
CUST001886,0.996
CUST001887,0.0432
CUST001888,0.1085
CUST001889,0.0671
CUST001890,0.0232
CUST001891,0.9956
CUST001892,0.0383
CUST001893,0.0946
CUST001894,0.0238
CUST001895,0.9949
CUST001896,0.0143
CUST001897,0.993
CUST001898,0.996
CUST001899,0.0393
CUST001900,0.0455
CUST001901,0.1163
CUST001902,0.0366
CUST001903,0.0697
CUST001904,0.0385
CUST001905,0.0324
CUST001906,0.996
CUST001907,0.0348
CUST001908,0.0558
CUST001909,0.0559
CUST001910,0.9946
CUST001911,0.0152
CUST001912,0.0553
CUST001913,0.037
CUST001914,0.0638
CUST001915,0.0372
CUST001916,0.0371
CUST001917,0.0711
CUST001918,0.0614
CUST001919,0.0828
CUST001920,0.0715
CUST001921,0.0351
CUST001922,0.3073
CUST001923,0.1003
CUST001924,0.0363
CUST001925,0.9968
CUST001926,0.0208
CUST001927,0.0346
CUST001928,0.0417
CUST001929,0.049
CUST001930,0.0498
CUST001931,0.128
CUST001932,0.9922
CUST001933,0.03
CUST001934,0.2148
CUST001935,0.9962
CUST001936,0.0416
CUST001937,0.0683
CUST001938,0.0351
CUST001939,0.0392
CUST001940,0.0571
CUST001941,0.0576
CUST001942,0.0339
CUST001943,0.0149
CUST001944,0.0638
CUST001945,0.078
CUST001946,0.0322
CUST001947,0.0404
CUST001948,0.9962
CUST001949,0.038
CUST001950,0.0072
CUST001951,0.9969
CUST001952,0.0902
CUST001953,0.0227
CUST001954,0.0707
CUST001955,0.1734
CUST001956,0.0519
CUST001957,0.0474
CUST001958,0.0525
CUST001959,0.0431
CUST001960,0.0159
CUST001961,0.0313
CUST001962,0.0605
CUST001963,0.0402
CUST001964,0.0456
CUST001965,0.0149
CUST001966,0.0235
CUST001967,0.042
CUST001968,0.0888
CUST001969,0.0377
CUST001970,0.9922
CUST001971,0.0495
CUST001972,0.5056
CUST001973,0.0389
CUST001974,0.1575
CUST001975,0.0363
CUST001976,0.0578
CUST001977,0.0265
CUST001978,0.0421
CUST001979,0.0516
CUST001980,0.0451
CUST001981,0.0498
CUST001982,0.0651
CUST001983,0.0269
CUST001984,0.0529
CUST001985,0.0517
CUST001986,0.0417
CUST001987,0.0674
CUST001988,0.0419
CUST001989,0.9944
CUST001990,0.0375
CUST001991,0.0356
CUST001992,0.0278
CUST001993,0.0341
CUST001994,0.0387
CUST001995,0.0302
CUST001996,0.0387
CUST001997,0.0422
CUST001998,0.0269
CUST001999,0.0301
CUST002000,0.0506
CUST002001,0.0612
CUST002002,0.0498
CUST002003,0.0369
CUST002004,0.0226
CUST002005,0.1729
CUST002006,0.0203
CUST002007,0.0377
CUST002008,0.0436
CUST002009,0.0304
CUST002010,0.9967
CUST002011,0.0995
CUST002012,0.0459
CUST002013,0.996
CUST002014,0.0404
CUST002015,0.0386
CUST002016,0.9938
CUST002017,0.0184
CUST002018,0.0546
CUST002019,0.0709
CUST002020,0.0102
CUST002021,0.1007
CUST002022,0.0223
CUST002023,0.1383
CUST002024,0.0458
CUST002025,0.1166
CUST002026,0.0673
CUST002027,0.1519
CUST002028,0.0385
CUST002029,0.1087
CUST002030,0.0448
CUST002031,0.1598
CUST002032,0.0479
CUST002033,0.045
CUST002034,0.0419
CUST002035,0.0357
CUST002036,0.0444
CUST002037,0.1164
CUST002038,0.0645
CUST002039,0.0389
CUST002040,0.0557
CUST002041,0.9957
CUST002042,0.0266
CUST002043,0.0864
CUST002044,0.9957
CUST002045,0.0364
CUST002046,0.0374
CUST002047,0.0399
CUST002048,0.0394
CUST002049,0.0298
CUST002050,0.0307
CUST002051,0.0275
CUST002052,0.0498
CUST002053,0.0372
CUST002054,0.0311
CUST002055,0.9945
CUST002056,0.0361
CUST002057,0.0283
CUST002058,0.0301
CUST002059,0.0384
CUST002060,0.0805
CUST002061,0.0626
CUST002062,0.9945
CUST002063,0.0184
CUST002064,0.0462
CUST002065,0.0753
CUST002066,0.0315
CUST002067,0.0426
CUST002068,0.0549
CUST002069,0.998
CUST002070,0.0457
CUST002071,0.0369
CUST002072,0.0382
CUST002073,0.0237
CUST002074,0.0272
CUST002075,0.0294
CUST002076,0.0455
CUST002077,0.024
CUST002078,0.0478
CUST002079,0.0288
CUST002080,0.0976
CUST002081,0.0588
CUST002082,0.0424
CUST002083,0.9946
CUST002084,0.9952
CUST002085,0.1165
CUST002086,0.0673
CUST002087,0.0656
CUST002088,0.0267
CUST002089,0.9932
CUST002090,0.0227
CUST002091,0.0331
CUST002092,0.0299
CUST002093,0.0337
CUST002094,0.0624
CUST002095,0.1086
CUST002096,0.9933
CUST002097,0.1675
CUST002098,0.042
CUST002099,0.0442
CUST002100,0.0433
CUST002101,0.0969
CUST002102,0.0497
CUST002103,0.0379
CUST002104,0.1126
CUST002105,0.1065
CUST002106,0.033
CUST002107,0.9946
CUST002108,0.0288
CUST002109,0.017
CUST002110,0.0365
CUST002111,0.0389
CUST002112,0.1003
CUST002113,0.069
CUST002114,0.0619
CUST002115,0.057
CUST002116,0.1105
CUST002117,0.0408
CUST002118,0.0597
CUST002119,0.0294
CUST002120,0.0516
CUST002121,0.0422
CUST002122,0.0589
CUST002123,0.9962
CUST002124,0.0773
CUST002125,0.0284
CUST002126,0.0598
CUST002127,0.0445
CUST002128,0.0289
CUST002129,0.2134
CUST002130,0.1135
CUST002131,0.1638
CUST002132,0.0429
CUST002133,0.1412
CUST002134,0.0434
CUST002135,0.0401
CUST002136,0.0519
CUST002137,0.9975
CUST002138,0.0399
CUST002139,0.053
CUST002140,0.0218
CUST002141,0.0211
CUST002142,0.0734
CUST002143,0.9945
CUST002144,0.9961
CUST002145,0.9941
CUST002146,0.9951
CUST002147,0.0486
CUST002148,0.1006
CUST002149,0.0697
CUST002150,0.9957
CUST002151,0.0099
CUST002152,0.0805
CUST002153,0.9953
CUST002154,0.1168
CUST002155,0.0379
CUST002156,0.9922
CUST002157,0.0218
CUST002158,0.135
CUST002159,0.054
CUST002160,0.0312
CUST002161,0.022
CUST002162,0.0343
CUST002163,0.0363
CUST002164,0.0423
CUST002165,0.0951
CUST002166,0.0564
CUST002167,0.1415
CUST002168,0.0157
CUST002169,0.0684
CUST002170,0.0541
CUST002171,0.1422
CUST002172,0.0684
CUST002173,0.022
CUST002174,0.0814
CUST002175,0.0297
CUST002176,0.0434
CUST002177,0.0204
CUST002178,0.0336
CUST002179,0.0369
CUST002180,0.0892
CUST002181,0.0531
CUST002182,0.0466
CUST002183,0.0383
CUST002184,0.9953
CUST002185,0.0344
CUST002186,0.1097
CUST002187,0.0508
CUST002188,0.0157
CUST002189,0.0529
CUST002190,0.0426
CUST002191,0.0428
CUST002192,0.062
CUST002193,0.0324
CUST002194,0.0409
CUST002195,0.0491
CUST002196,0.2062
CUST002197,0.0289
CUST002198,0.2865
CUST002199,0.0347
CUST002200,0.0322
CUST002201,0.9944
CUST002202,0.0278
CUST002203,0.0262
CUST002204,0.0562
CUST002205,0.0372
CUST002206,0.0376
CUST002207,0.0704
CUST002208,0.0617
CUST002209,0.0333
CUST002210,0.0286
CUST002211,0.044
CUST002212,0.9943
CUST002213,0.0416
CUST002214,0.0512
CUST002215,0.0318
CUST002216,0.0347
CUST002217,0.0745
CUST002218,0.0319
CUST002219,0.0592
CUST002220,0.053
CUST002221,0.9961
CUST002222,0.0575
CUST002223,0.0479
CUST002224,0.0683
CUST002225,0.038
CUST002226,0.0313
CUST002227,0.0185
CUST002228,0.0364
CUST002229,0.034
CUST002230,0.0329
CUST002231,0.14
CUST002232,0.058
CUST002233,0.0454
CUST002234,0.0467
CUST002235,0.0229
CUST002236,0.0378
CUST002237,0.0694
CUST002238,0.0845
CUST002239,0.0773
CUST002240,0.0092
CUST002241,0.0828
CUST002242,0.172
CUST002243,0.0442
CUST002244,0.0744
CUST002245,0.0487
CUST002246,0.0478
CUST002247,0.058
CUST002248,0.9973
CUST002249,0.0435
CUST002250,0.0561
CUST002251,0.0589
CUST002252,0.0378
CUST002253,0.0454
CUST002254,0.1117
CUST002255,0.058
CUST002256,0.994
CUST002257,0.0333
CUST002258,0.0994
CUST002259,0.9946
CUST002260,0.0346
CUST002261,0.1659
CUST002262,0.0482
CUST002263,0.0322
CUST002264,0.0762
CUST002265,0.9954
CUST002266,0.0566
CUST002267,0.0234
CUST002268,0.0484
CUST002269,0.9973
CUST002270,0.0382
CUST002271,0.0355
CUST002272,0.9967
CUST002273,0.0533
CUST002274,0.0804
CUST002275,0.0371
CUST002276,0.1644
CUST002277,0.0521
CUST002278,0.058
CUST002279,0.0563
CUST002280,0.0199
CUST002281,0.0472
CUST002282,0.04
CUST002283,0.0255
CUST002284,0.0576
CUST002285,0.0859
CUST002286,0.9965
CUST002287,0.0404
CUST002288,0.0472
CUST002289,0.0646
CUST002290,0.0611
CUST002291,0.0375
CUST002292,0.0667
CUST002293,0.0666
CUST002294,0.0383
CUST002295,0.0482
CUST002296,0.0525
CUST002297,0.997
CUST002298,0.036
CUST002299,0.0595
CUST002300,0.0711
CUST002301,0.995
CUST002302,0.0379
CUST002303,0.0135
CUST002304,0.0241
CUST002305,0.9951
CUST002306,0.0436
CUST002307,0.1908
CUST002308,0.9945
CUST002309,0.0738
CUST002310,0.062
CUST002311,0.0873
CUST002312,0.0993
CUST002313,0.0285
CUST002314,0.0644
CUST002315,0.0445
CUST002316,0.0247
CUST002317,0.0367
CUST002318,0.0318
CUST002319,0.0382
CUST002320,0.0334
CUST002321,0.1113
CUST002322,0.0439
CUST002323,0.0478
CUST002324,0.031
CUST002325,0.0439
CUST002326,0.0979
CUST002327,0.9948
CUST002328,0.0368
CUST002329,0.0465
CUST002330,0.0918
CUST002331,0.0537
CUST002332,0.9967
CUST002333,0.0464
CUST002334,0.0311
CUST002335,0.0305
CUST002336,0.061
CUST002337,0.0926
CUST002338,0.0536
CUST002339,0.0425
CUST002340,0.0592
CUST002341,0.0285
CUST002342,0.1038
CUST002343,0.0409
CUST002344,0.0448
CUST002345,0.9938
CUST002346,0.9954
CUST002347,0.0582
CUST002348,0.0741
CUST002349,0.0561
CUST002350,0.0491
CUST002351,0.0212
CUST002352,0.0404
CUST002353,0.1127
CUST002354,0.9966
CUST002355,0.0709
CUST002356,0.0226
CUST002357,0.0714
CUST002358,0.0441
CUST002359,0.9929
CUST002360,0.0624
CUST002361,0.0371
CUST002362,0.0323
CUST002363,0.9949
CUST002364,0.0577
CUST002365,0.0579
CUST002366,0.1552
CUST002367,0.0442
CUST002368,0.9924
CUST002369,0.0236
CUST002370,0.0396
CUST002371,0.1669
CUST002372,0.0824
CUST002373,0.0653
CUST002374,0.9944
CUST002375,0.0524
CUST002376,0.0635
CUST002377,0.0531
CUST002378,0.0421
CUST002379,0.0315
CUST002380,0.0724
CUST002381,0.0436
CUST002382,0.1196
CUST002383,0.0385
CUST002384,0.0516
CUST002385,0.9946
CUST002386,0.0523
CUST002387,0.0324
CUST002388,0.0207
CUST002389,0.08
CUST002390,0.0185
CUST002391,0.9973
CUST002392,0.9951
CUST002393,0.047
CUST002394,0.0228
CUST002395,0.0445
CUST002396,0.0442
CUST002397,0.0448
CUST002398,0.0368
CUST002399,0.0372
CUST002400,0.0808
CUST002401,0.2081
CUST002402,0.9966
CUST002403,0.0431
CUST002404,0.0852
CUST002405,0.0345
CUST002406,0.0336
CUST002407,0.0963
CUST002408,0.044
CUST002409,0.0434
CUST002410,0.051
CUST002411,0.0488
CUST002412,0.0293
CUST002413,0.0987
CUST002414,0.047
CUST002415,0.0275
CUST002416,0.0248
CUST002417,0.0613
CUST002418,0.0618
CUST002419,0.0384
CUST002420,0.0379
CUST002421,0.0644
CUST002422,0.0488
CUST002423,0.0291
CUST002424,0.9965
CUST002425,0.04
CUST002426,0.9963
CUST002427,0.0532
CUST002428,0.0519
CUST002429,0.0362
CUST002430,0.0417
CUST002431,0.0355
CUST002432,0.032
CUST002433,0.0406
CUST002434,0.0387
CUST002435,0.0275
CUST002436,0.1857
CUST002437,0.0431
CUST002438,0.0562
CUST002439,0.0464
CUST002440,0.0552
CUST002441,0.0765
CUST002442,0.0816
CUST002443,0.0353
CUST002444,0.0438
CUST002445,0.113
CUST002446,0.0462
CUST002447,0.0735
CUST002448,0.0147
CUST002449,0.9951
CUST002450,0.0299
CUST002451,0.0587
CUST002452,0.0389
CUST002453,0.0404
CUST002454,0.0623
CUST002455,0.0339
CUST002456,0.0338
CUST002457,0.0476
CUST002458,0.0424
CUST002459,0.0337
CUST002460,0.0577
CUST002461,0.0452
CUST002462,0.1049
CUST002463,0.9963
CUST002464,0.0457
CUST002465,0.1911
CUST002466,0.0951
CUST002467,0.9888
CUST002468,0.0469
CUST002469,0.0689
CUST002470,0.0608
CUST002471,0.0626
CUST002472,0.0797
CUST002473,0.0209
CUST002474,0.0241
CUST002475,0.2018
CUST002476,0.0363
CUST002477,0.993
CUST002478,0.03
CUST002479,0.0355
CUST002480,0.0279
CUST002481,0.0367
CUST002482,0.0468
CUST002483,0.0329
CUST002484,0.0352
CUST002485,0.0464
CUST002486,0.0567
CUST002487,0.0314
CUST002488,0.0817
CUST002489,0.0447
CUST002490,0.063
CUST002491,0.0184
CUST002492,0.0371
CUST002493,0.0208
CUST002494,0.0327
CUST002495,0.0304
CUST002496,0.0451
CUST002497,0.0459
CUST002498,0.0513
CUST002499,0.0467
CUST002500,0.0336
CUST002501,0.059
CUST002502,0.0258
CUST002503,0.0339
CUST002504,0.0171
CUST002505,0.996
CUST002506,0.0854
CUST002507,0.0484
CUST002508,0.0535
CUST002509,0.033
CUST002510,0.2159
CUST002511,0.1146
CUST002512,0.0437
CUST002513,0.0651
CUST002514,0.0482
CUST002515,0.0349
CUST002516,0.0237
CUST002517,0.9938
CUST002518,0.1542
CUST002519,0.1774
CUST002520,0.0805
CUST002521,0.0888
CUST002522,0.0341
CUST002523,0.0423
CUST002524,0.0392
CUST002525,0.0486
CUST002526,0.0506
CUST002527,0.0319
CUST002528,0.0289
CUST002529,0.0415
CUST002530,0.0287
CUST002531,0.0482
CUST002532,0.0858
CUST002533,0.0351
CUST002534,0.0267
CUST002535,0.0733
CUST002536,0.0356
CUST002537,0.0449
CUST002538,0.0482
CUST002539,0.0386
CUST002540,0.0298
CUST002541,0.044
CUST002542,0.027
CUST002543,0.0616
CUST002544,0.042
CUST002545,0.0514
CUST002546,0.0232
CUST002547,0.0484
CUST002548,0.0361
CUST002549,0.0241
CUST002550,0.0311
CUST002551,0.0958
CUST002552,0.0354
CUST002553,0.067
CUST002554,0.0643
CUST002555,0.0352
CUST002556,0.0362
CUST002557,0.0682
CUST002558,0.0405
CUST002559,0.1251
CUST002560,0.0527
CUST002561,0.0489
CUST002562,0.0611
CUST002563,0.0897
CUST002564,0.03
CUST002565,0.9983
CUST002566,0.0487
CUST002567,0.9946
CUST002568,0.0434
CUST002569,0.0198
CUST002570,0.1059
CUST002571,0.037
CUST002572,0.028
CUST002573,0.0386
CUST002574,0.0884
CUST002575,0.2375
CUST002576,0.0564
CUST002577,0.0261
CUST002578,0.0382
CUST002579,0.0613
CUST002580,0.0319
CUST002581,0.0397
CUST002582,0.1298
CUST002583,0.0406
CUST002584,0.0272
CUST002585,0.0459
CUST002586,0.0588
CUST002587,0.0196
CUST002588,0.0796
CUST002589,0.994
CUST002590,0.047
CUST002591,0.0554
CUST002592,0.0374
CUST002593,0.0507
CUST002594,0.0452
CUST002595,0.1138
CUST002596,0.0343
CUST002597,0.0476
CUST002598,0.0331
CUST002599,0.0424
CUST002600,0.0581
CUST002601,0.0267
CUST002602,0.0912
CUST002603,0.0625
CUST002604,0.0127
CUST002605,0.9953
CUST002606,0.9947
CUST002607,0.0309
CUST002608,0.0601
CUST002609,0.03
CUST002610,0.0474
CUST002611,0.0349
CUST002612,0.0521
CUST002613,0.0847
CUST002614,0.0518
CUST002615,0.0235
CUST002616,0.2553
CUST002617,0.035
CUST002618,0.1607
CUST002619,0.1052
CUST002620,0.0578
CUST002621,0.0585
CUST002622,0.0324
CUST002623,0.018
CUST002624,0.0383
CUST002625,0.0329
CUST002626,0.0262
CUST002627,0.0227
CUST002628,0.0313
CUST002629,0.0439
CUST002630,0.9943
CUST002631,0.0382
CUST002632,0.0526
CUST002633,0.0275
CUST002634,0.0562
CUST002635,0.0385
CUST002636,0.0706
CUST002637,0.0149
CUST002638,0.0899
CUST002639,0.9953
CUST002640,0.1401
CUST002641,0.0775
CUST002642,0.0367
CUST002643,0.0166
CUST002644,0.0263
CUST002645,0.9945
CUST002646,0.0285
CUST002647,0.0577
CUST002648,0.9976
CUST002649,0.0294
CUST002650,0.063
CUST002651,0.0787
CUST002652,0.0402
CUST002653,0.0336
CUST002654,0.0623
CUST002655,0.0357
CUST002656,0.0727
CUST002657,0.0358
CUST002658,0.0546
CUST002659,0.0152
CUST002660,0.1862
CUST002661,0.0441
CUST002662,0.028
CUST002663,0.0563
CUST002664,0.0625
CUST002665,0.031
CUST002666,0.1753
CUST002667,0.0893
CUST002668,0.0366
CUST002669,0.1045
CUST002670,0.0495
CUST002671,0.0321
CUST002672,0.9958
CUST002673,0.067
CUST002674,0.0551
CUST002675,0.1037
CUST002676,0.0427
CUST002677,0.0553
CUST002678,0.0799
CUST002679,0.0506
CUST002680,0.0586
CUST002681,0.1879
CUST002682,0.0993
CUST002683,0.0316
CUST002684,0.0501
CUST002685,0.0221
CUST002686,0.0301
CUST002687,0.0427
CUST002688,0.027
CUST002689,0.0478
CUST002690,0.0393
CUST002691,0.0216
CUST002692,0.0404
CUST002693,0.0883
CUST002694,0.9975
CUST002695,0.0732
CUST002696,0.1006
CUST002697,0.031
CUST002698,0.0357
CUST002699,0.0573
CUST002700,0.0287
CUST002701,0.0647
CUST002702,0.036
CUST002703,0.0616
CUST002704,0.9955
CUST002705,0.0288
CUST002706,0.0578
CUST002707,0.0548
CUST002708,0.1224
CUST002709,0.9964
CUST002710,0.0496
CUST002711,0.0202
CUST002712,0.0529
CUST002713,0.1138
CUST002714,0.0375
CUST002715,0.0431
CUST002716,0.0505
CUST002717,0.0995
CUST002718,0.0569
CUST002719,0.0653
CUST002720,0.0772
CUST002721,0.0634
CUST002722,0.0224
CUST002723,0.0476
CUST002724,0.0258
CUST002725,0.139
CUST002726,0.997
CUST002727,0.9953
CUST002728,0.0533
CUST002729,0.0288
CUST002730,0.0624
CUST002731,0.0493
CUST002732,0.0432
CUST002733,0.0434
CUST002734,0.0911
CUST002735,0.0374
CUST002736,0.0417
CUST002737,0.9977
CUST002738,0.1418
CUST002739,0.0437
CUST002740,0.0441
CUST002741,0.0475
CUST002742,0.0564
CUST002743,0.1418
CUST002744,0.2066
CUST002745,0.0517
CUST002746,0.1003
CUST002747,0.0701
CUST002748,0.9944
CUST002749,0.0447
CUST002750,0.0518
CUST002751,0.0198
CUST002752,0.0326
CUST002753,0.0615
CUST002754,0.056
CUST002755,0.0411
CUST002756,0.0317
CUST002757,0.0382
CUST002758,0.0353
CUST002759,0.0295
CUST002760,0.04
CUST002761,0.9955
CUST002762,0.059
CUST002763,0.0533
CUST002764,0.0824
CUST002765,0.0505
CUST002766,0.0401
CUST002767,0.0362
CUST002768,0.0323
CUST002769,0.1922
CUST002770,0.0343
CUST002771,0.0243
CUST002772,0.0359
CUST002773,0.0606
CUST002774,0.04
CUST002775,0.0695
CUST002776,0.995
CUST002777,0.1152
CUST002778,0.0511
CUST002779,0.0204
CUST002780,0.027
CUST002781,0.1009
CUST002782,0.0528
CUST002783,0.0714
CUST002784,0.9952
CUST002785,0.0394
CUST002786,0.0475
CUST002787,0.0893
CUST002788,0.0219
CUST002789,0.0524
CUST002790,0.0509
CUST002791,0.0603
CUST002792,0.0811
CUST002793,0.0581
CUST002794,0.0511
CUST002795,0.0499
CUST002796,0.9938
CUST002797,0.0286
CUST002798,0.0959
CUST002799,0.0466
CUST002800,0.0407
CUST002801,0.1574
CUST002802,0.9956
CUST002803,0.0759
CUST002804,0.0474
CUST002805,0.0336
CUST002806,0.1337
CUST002807,0.0465
CUST002808,0.0697
CUST002809,0.0226
CUST002810,0.0392
CUST002811,0.0422
CUST002812,0.0973
CUST002813,0.0562
CUST002814,0.0485
CUST002815,0.0902
CUST002816,0.0387
CUST002817,0.0738
CUST002818,0.0392
CUST002819,0.9947
CUST002820,0.0998
CUST002821,0.0405
CUST002822,0.0498
CUST002823,0.0499
CUST002824,0.0137
CUST002825,0.994
CUST002826,0.0432
CUST002827,0.0345
CUST002828,0.0598
CUST002829,0.0568
CUST002830,0.0227
CUST002831,0.044
CUST002832,0.0673
CUST002833,0.0628
CUST002834,0.0365
CUST002835,0.0512
CUST002836,0.9887
CUST002837,0.0282
CUST002838,0.0285
CUST002839,0.1343
CUST002840,0.0341
CUST002841,0.9944
CUST002842,0.047
CUST002843,0.0297
CUST002844,0.9976
CUST002845,0.0773
CUST002846,0.0142
CUST002847,0.0378
CUST002848,0.995
CUST002849,0.0913
CUST002850,0.1105
CUST002851,0.0798
CUST002852,0.9955
CUST002853,0.0763
CUST002854,0.0171
CUST002855,0.0661
CUST002856,0.0453
CUST002857,0.0396
CUST002858,0.0261
CUST002859,0.0298
CUST002860,0.0254
CUST002861,0.0317
CUST002862,0.034
CUST002863,0.0565
CUST002864,0.015
CUST002865,0.0281
CUST002866,0.0518
CUST002867,0.2482
CUST002868,0.0339
CUST002869,0.0576
CUST002870,0.0502
CUST002871,0.0383
CUST002872,0.051
CUST002873,0.0516
CUST002874,0.0418
CUST002875,0.042
CUST002876,0.0943
CUST002877,0.0593
CUST002878,0.0256
CUST002879,0.0131
CUST002880,0.0378
CUST002881,0.0692
CUST002882,0.036
CUST002883,0.0815
CUST002884,0.0299
CUST002885,0.0464
CUST002886,0.0249
CUST002887,0.9908
CUST002888,0.9957
CUST002889,0.0281
CUST002890,0.1614
CUST002891,0.9926
CUST002892,0.0374
CUST002893,0.0202
CUST002894,0.1001
CUST002895,0.1082
CUST002896,0.0812
CUST002897,0.0093
CUST002898,0.9974
CUST002899,0.0787
CUST002900,0.0359
CUST002901,0.046
CUST002902,0.9936
CUST002903,0.0268
CUST002904,0.9957
CUST002905,0.0311
CUST002906,0.0374
CUST002907,0.0394
CUST002908,0.127
CUST002909,0.2436
CUST002910,0.04
CUST002911,0.0351
CUST002912,0.0431
CUST002913,0.0611
CUST002914,0.9964
CUST002915,0.0423
CUST002916,0.0648
CUST002917,0.0582
CUST002918,0.0839
CUST002919,0.0346
CUST002920,0.0593
CUST002921,0.0304
CUST002922,0.9951
CUST002923,0.0312
CUST002924,0.1028
CUST002925,0.0259
CUST002926,0.032
CUST002927,0.1396
CUST002928,0.0437
CUST002929,0.0522
CUST002930,0.1413
CUST002931,0.1247
CUST002932,0.1119
CUST002933,0.0371
CUST002934,0.0091
CUST002935,0.1323
CUST002936,0.0546
CUST002937,0.0612
CUST002938,0.034
CUST002939,0.0256
CUST002940,0.0516
CUST002941,0.1895
CUST002942,0.037
CUST002943,0.0259
CUST002944,0.0963
CUST002945,0.0288
CUST002946,0.0427
CUST002947,0.0834
CUST002948,0.0238
CUST002949,0.0516
CUST002950,0.1006
CUST002951,0.0547
CUST002952,0.0388
CUST002953,0.0418
CUST002954,0.0415
CUST002955,0.0652
CUST002956,0.0463
CUST002957,0.0327
CUST002958,0.0353
CUST002959,0.0473
CUST002960,0.1256
CUST002961,0.0315
CUST002962,0.9967
CUST002963,0.054
CUST002964,0.1402
CUST002965,0.0383
CUST002966,0.0395
CUST002967,0.0451
CUST002968,0.0629
CUST002969,0.0667
CUST002970,0.0763
CUST002971,0.0371
CUST002972,0.0303
CUST002973,0.073
CUST002974,0.0277
CUST002975,0.042
CUST002976,0.0259
CUST002977,0.0669
CUST002978,0.9958
CUST002979,0.0426
CUST002980,0.0835
CUST002981,0.0921
CUST002982,0.0546
CUST002983,0.0894
CUST002984,0.0141
CUST002985,0.0218
CUST002986,0.0433
CUST002987,0.0415
CUST002988,0.0309
CUST002989,0.0255
CUST002990,0.0233
CUST002991,0.0749
CUST002992,0.0549
CUST002993,0.0742
CUST002994,0.2019
CUST002995,0.0559
CUST002996,0.0957
CUST002997,0.0362
CUST002998,0.06
CUST002999,0.0599
CUST003000,0.2138
CUST003001,0.038
CUST003002,0.1464
CUST003003,0.04
CUST003004,0.1375
CUST003005,0.0705
CUST003006,0.0549
CUST003007,0.9943
CUST003008,0.0959
CUST003009,0.1183
CUST003010,0.0455
CUST003011,0.0131
CUST003012,0.0089
CUST003013,0.9944
CUST003014,0.0567
CUST003015,0.9973
CUST003016,0.0358
CUST003017,0.0165
CUST003018,0.9933
CUST003019,0.0474
CUST003020,0.035
CUST003021,0.0416
CUST003022,0.0848
CUST003023,0.0637
CUST003024,0.0349
CUST003025,0.9972
CUST003026,0.041
CUST003027,0.0241
CUST003028,0.0604
CUST003029,0.0461
CUST003030,0.0389
CUST003031,0.0727
CUST003032,0.079
CUST003033,0.1299
CUST003034,0.0277
CUST003035,0.0433
CUST003036,0.0727
CUST003037,0.0614
CUST003038,0.0303
CUST003039,0.0189
CUST003040,0.0224
CUST003041,0.0446
CUST003042,0.0346
CUST003043,0.0406
CUST003044,0.9951
CUST003045,0.0322
CUST003046,0.0342
CUST003047,0.9937
CUST003048,0.0605
CUST003049,0.0445
CUST003050,0.0327
CUST003051,0.0375
CUST003052,0.9927
CUST003053,0.0286
CUST003054,0.066
CUST003055,0.9951
CUST003056,0.076
CUST003057,0.0445
CUST003058,0.0546
CUST003059,0.0386
CUST003060,0.0673
CUST003061,0.0668
CUST003062,0.0667
CUST003063,0.0375
CUST003064,0.1131
CUST003065,0.0308
CUST003066,0.0326
CUST003067,0.0508
CUST003068,0.0188
CUST003069,0.039
CUST003070,0.1648
CUST003071,0.9946
CUST003072,0.0857
CUST003073,0.0388
CUST003074,0.0511
CUST003075,0.0398
CUST003076,0.0274
CUST003077,0.064
CUST003078,0.0896
CUST003079,0.053
CUST003080,0.0482
CUST003081,0.078
CUST003082,0.0565
CUST003083,0.0348
CUST003084,0.0544
CUST003085,0.0612
CUST003086,0.0539
CUST003087,0.038
CUST003088,0.9954
CUST003089,0.0788
CUST003090,0.0772
CUST003091,0.0429
CUST003092,0.0247
CUST003093,0.0374
CUST003094,0.1383
CUST003095,0.3602
CUST003096,0.9915
CUST003097,0.0393
CUST003098,0.1804
CUST003099,0.077
CUST003100,0.9925
CUST003101,0.9959
CUST003102,0.0335
CUST003103,0.0676
CUST003104,0.0361
CUST003105,0.0345
CUST003106,0.0542
CUST003107,0.0334
CUST003108,0.0573
CUST003109,0.0517
CUST003110,0.0367
CUST003111,0.0295
CUST003112,0.996
CUST003113,0.0449
CUST003114,0.9941
CUST003115,0.1138
CUST003116,0.0339
CUST003117,0.086
CUST003118,0.0378
CUST003119,0.0243
CUST003120,0.0447
CUST003121,0.0422
CUST003122,0.0811
CUST003123,0.045
CUST003124,0.1334
CUST003125,0.0421
CUST003126,0.0392
CUST003127,0.0577
CUST003128,0.0922
CUST003129,0.2792
CUST003130,0.0634
CUST003131,0.0709
CUST003132,0.054
CUST003133,0.0094
CUST003134,0.0613
CUST003135,0.0256
CUST003136,0.0575
CUST003137,0.0405
CUST003138,0.0272
CUST003139,0.0469
CUST003140,0.056
CUST003141,0.9971
CUST003142,0.0541
CUST003143,0.0203
CUST003144,0.0679
CUST003145,0.0596
CUST003146,0.0417
CUST003147,0.0282
CUST003148,0.0302
CUST003149,0.0346
CUST003150,0.0309
CUST003151,0.0511
CUST003152,0.9949
CUST003153,0.044
CUST003154,0.038
CUST003155,0.0415
CUST003156,0.0406
CUST003157,0.2121
CUST003158,0.0404
CUST003159,0.0217
CUST003160,0.1301
CUST003161,0.0519
CUST003162,0.1272
CUST003163,0.0371
CUST003164,0.9943
CUST003165,0.1263
CUST003166,0.0483
CUST003167,0.043
CUST003168,0.0932
CUST003169,0.0512
CUST003170,0.3047
CUST003171,0.046
CUST003172,0.9931
CUST003173,0.0453
CUST003174,0.0455
CUST003175,0.0931
CUST003176,0.0828
CUST003177,0.0394
CUST003178,0.0455
CUST003179,0.0362
CUST003180,0.9967
CUST003181,0.0156
CUST003182,0.0639
CUST003183,0.0989
CUST003184,0.0389
CUST003185,0.1028
CUST003186,0.0389
CUST003187,0.1461
CUST003188,0.1879
CUST003189,0.0329
CUST003190,0.9968
CUST003191,0.0309
CUST003192,0.0457
CUST003193,0.035
CUST003194,0.0331
CUST003195,0.0671
CUST003196,0.0436
CUST003197,0.0479
CUST003198,0.084
CUST003199,0.0431
CUST003200,0.0676
CUST003201,0.03
CUST003202,0.1872
CUST003203,0.0175
CUST003204,0.096
CUST003205,0.9918
CUST003206,0.0244
CUST003207,0.0422
CUST003208,0.1499
CUST003209,0.1619
CUST003210,0.0413
CUST003211,0.0527
CUST003212,0.0461
CUST003213,0.0783
CUST003214,0.0515
CUST003215,0.0466
CUST003216,0.0335
CUST003217,0.1464
CUST003218,0.0747
CUST003219,0.0322
CUST003220,0.9929
CUST003221,0.0475
CUST003222,0.0883
CUST003223,0.079
CUST003224,0.031
CUST003225,0.0352
CUST003226,0.1474
CUST003227,0.0599
CUST003228,0.0753
CUST003229,0.0411
CUST003230,0.0621
CUST003231,0.0643
CUST003232,0.0522
CUST003233,0.0246
CUST003234,0.0494
CUST003235,0.0389
CUST003236,0.9921
CUST003237,0.9952
CUST003238,0.0449
CUST003239,0.9961
CUST003240,0.9938
CUST003241,0.0967
CUST003242,0.0755
CUST003243,0.044
CUST003244,0.0603
CUST003245,0.104
CUST003246,0.9941
CUST003247,0.0307
CUST003248,0.0488
CUST003249,0.0482
CUST003250,0.0289
CUST003251,0.122
CUST003252,0.0318
CUST003253,0.0797
CUST003254,0.0451
CUST003255,0.0412
CUST003256,0.0905
CUST003257,0.0335
CUST003258,0.0635
CUST003259,0.0652
CUST003260,0.0442
CUST003261,0.0766
CUST003262,0.0461
CUST003263,0.0379
CUST003264,0.0751
CUST003265,0.1767
CUST003266,0.0338
CUST003267,0.9956
CUST003268,0.035
CUST003269,0.9928
CUST003270,0.0976
CUST003271,0.1043
CUST003272,0.0369
CUST003273,0.0333
CUST003274,0.0293
CUST003275,0.0502
CUST003276,0.0145
CUST003277,0.9931
CUST003278,0.0202
CUST003279,0.0657
CUST003280,0.0352
CUST003281,0.1042
CUST003282,0.0178
CUST003283,0.0432
CUST003284,0.0413
CUST003285,0.0214
CUST003286,0.1458
CUST003287,0.0462
CUST003288,0.046
CUST003289,0.0357
CUST003290,0.9949
CUST003291,0.017
CUST003292,0.0334
CUST003293,0.1176
CUST003294,0.0221
CUST003295,0.1194
CUST003296,0.0387
CUST003297,0.04
CUST003298,0.0317
CUST003299,0.0224
CUST003300,0.2307
CUST003301,0.0429
CUST003302,0.0307
CUST003303,0.0335
CUST003304,0.9956
CUST003305,0.1784
CUST003306,0.0525
CUST003307,0.0248
CUST003308,0.0807
CUST003309,0.0293
CUST003310,0.174
CUST003311,0.0479
CUST003312,0.9953
CUST003313,0.0663
CUST003314,0.0615
CUST003315,0.9946
CUST003316,0.0294
CUST003317,0.0417
CUST003318,0.0726
CUST003319,0.122
CUST003320,0.9945
CUST003321,0.0614
CUST003322,0.0436
CUST003323,0.0479
CUST003324,0.0442
CUST003325,0.0521
CUST003326,0.0293
CUST003327,0.0311
CUST003328,0.1462
CUST003329,0.0383
CUST003330,0.0539
CUST003331,0.1467
CUST003332,0.0913
CUST003333,0.0664
CUST003334,0.0321
CUST003335,0.029
CUST003336,0.0358
CUST003337,0.0963
CUST003338,0.9931
CUST003339,0.0332
CUST003340,0.0507
CUST003341,0.049
CUST003342,0.2077
CUST003343,0.0283
CUST003344,0.0348
CUST003345,0.0369
CUST003346,0.031
CUST003347,0.0624
CUST003348,0.0361
CUST003349,0.047
CUST003350,0.0619
CUST003351,0.0385
CUST003352,0.0495
CUST003353,0.2195
CUST003354,0.0761
CUST003355,0.0288
CUST003356,0.0866
CUST003357,0.0628
CUST003358,0.1547
CUST003359,0.0329
CUST003360,0.0924
CUST003361,0.0436
CUST003362,0.0371
CUST003363,0.0352
CUST003364,0.0447
CUST003365,0.0411
CUST003366,0.0973
CUST003367,0.0566
CUST003368,0.0287
CUST003369,0.1362
CUST003370,0.0336
CUST003371,0.996
CUST003372,0.0671
CUST003373,0.0233
CUST003374,0.9941
CUST003375,0.0539
CUST003376,0.0357
CUST003377,0.0328
CUST003378,0.0278
CUST003379,0.1641
CUST003380,0.099
CUST003381,0.0818
CUST003382,0.0714
CUST003383,0.0289
CUST003384,0.9955
CUST003385,0.047
CUST003386,0.0387
CUST003387,0.0448
CUST003388,0.0425
CUST003389,0.0277
CUST003390,0.0451
CUST003391,0.0482
CUST003392,0.0375
CUST003393,0.0464
CUST003394,0.0352
CUST003395,0.0576
CUST003396,0.0596
CUST003397,0.0395
CUST003398,0.0491
CUST003399,0.9928
CUST003400,0.0424
CUST003401,0.0312
CUST003402,0.061
CUST003403,0.9942
CUST003404,0.0364
CUST003405,0.0974
CUST003406,0.049
CUST003407,0.0648
CUST003408,0.0364
CUST003409,0.9948
CUST003410,0.9942
CUST003411,0.0546
CUST003412,0.9967
CUST003413,0.048
CUST003414,0.1541
CUST003415,0.0511
CUST003416,0.0294
CUST003417,0.0163
CUST003418,0.0364
CUST003419,0.0722
CUST003420,0.1115
CUST003421,0.0303
CUST003422,0.0315
CUST003423,0.0974
CUST003424,0.9887
CUST003425,0.9941
CUST003426,0.0632
CUST003427,0.0332
CUST003428,0.0319
CUST003429,0.0928
CUST003430,0.0688
CUST003431,0.0882
CUST003432,0.0634
CUST003433,0.0348
CUST003434,0.0504
CUST003435,0.0345
CUST003436,0.0596
CUST003437,0.0782
CUST003438,0.0531
CUST003439,0.0256
CUST003440,0.0458
CUST003441,0.0664
CUST003442,0.0704
CUST003443,0.0827
CUST003444,0.0668
CUST003445,0.0842
CUST003446,0.0609
CUST003447,0.0386
CUST003448,0.053
CUST003449,0.0574
CUST003450,0.0298
CUST003451,0.0378
CUST003452,0.1221
CUST003453,0.043
CUST003454,0.9912
CUST003455,0.0288
CUST003456,0.0219
CUST003457,0.0735
CUST003458,0.9969
CUST003459,0.0528
CUST003460,0.0468
CUST003461,0.9946
CUST003462,0.9937
CUST003463,0.0434
CUST003464,0.0502
CUST003465,0.0569
CUST003466,0.0636
CUST003467,0.08
CUST003468,0.0235
CUST003469,0.0414
CUST003470,0.0656
CUST003471,0.0814
CUST003472,0.0539
CUST003473,0.0685
CUST003474,0.0227
CUST003475,0.0337
CUST003476,0.06
CUST003477,0.0737
CUST003478,0.0619
CUST003479,0.0445
CUST003480,0.076
CUST003481,0.0375
CUST003482,0.0713
CUST003483,0.0295
CUST003484,0.0388
CUST003485,0.03
CUST003486,0.0486
CUST003487,0.0554
CUST003488,0.0369
CUST003489,0.0388
CUST003490,0.2625
CUST003491,0.2207
CUST003492,0.0329
CUST003493,0.0367
CUST003494,0.9946
CUST003495,0.0842
CUST003496,0.2911
CUST003497,0.0382
CUST003498,0.0751
CUST003499,0.0366
CUST003500,0.0423
CUST003501,0.0971
CUST003502,0.9968
CUST003503,0.0438
CUST003504,0.9953
CUST003505,0.0996
CUST003506,0.0598
CUST003507,0.0483
CUST003508,0.0491
CUST003509,0.0314
CUST003510,0.0305
CUST003511,0.0312
CUST003512,0.0488
CUST003513,0.0182
CUST003514,0.0355
CUST003515,0.0312
CUST003516,0.9965
CUST003517,0.0479
CUST003518,0.0796
CUST003519,0.059
CUST003520,0.1117
CUST003521,0.0785
CUST003522,0.0283
CUST003523,0.0565
CUST003524,0.2625
CUST003525,0.0945
CUST003526,0.0395
CUST003527,0.9948
CUST003528,0.03
CUST003529,0.0527
CUST003530,0.0538
CUST003531,0.0476
CUST003532,0.0879
CUST003533,0.0521
CUST003534,0.0628
CUST003535,0.0571
CUST003536,0.078
CUST003537,0.277
CUST003538,0.3119
CUST003539,0.051
CUST003540,0.0424
CUST003541,0.9938
CUST003542,0.0531
CUST003543,0.0735
CUST003544,0.0437
CUST003545,0.0564
CUST003546,0.0236
CUST003547,0.0367
CUST003548,0.068
CUST003549,0.031
CUST003550,0.0319
CUST003551,0.9961
CUST003552,0.0667
CUST003553,0.0664
CUST003554,0.0583
CUST003555,0.0832
CUST003556,0.0438
CUST003557,0.0417
CUST003558,0.0572
CUST003559,0.0323
CUST003560,0.0308
CUST003561,0.0432
CUST003562,0.1524
CUST003563,0.9941
CUST003564,0.9935
CUST003565,0.0701
CUST003566,0.0584
CUST003567,0.0754
CUST003568,0.0516
CUST003569,0.041
CUST003570,0.0088
CUST003571,0.9974
CUST003572,0.0232
CUST003573,0.0367
CUST003574,0.1412
CUST003575,0.0605
CUST003576,0.0499
CUST003577,0.0221
CUST003578,0.0543
CUST003579,0.0369
CUST003580,0.0456
CUST003581,0.0329
CUST003582,0.045
CUST003583,0.0265
CUST003584,0.0633
CUST003585,0.0474
CUST003586,0.0267
CUST003587,0.0948
CUST003588,0.059
CUST003589,0.0837
CUST003590,0.1297
CUST003591,0.0337
CUST003592,0.0464
CUST003593,0.056
CUST003594,0.0635
CUST003595,0.0442
CUST003596,0.0252
CUST003597,0.0928
CUST003598,0.0565
CUST003599,0.0438
CUST003600,0.0313
CUST003601,0.0943
CUST003602,0.0469
CUST003603,0.0289
CUST003604,0.0349
CUST003605,0.0363
CUST003606,0.0294
CUST003607,0.1421
CUST003608,0.0325
CUST003609,0.0582
CUST003610,0.0222
CUST003611,0.0133
CUST003612,0.0645
CUST003613,0.1817
CUST003614,0.0421
CUST003615,0.0473
CUST003616,0.0394
CUST003617,0.1598
CUST003618,0.0383
CUST003619,0.9964
CUST003620,0.0386
CUST003621,0.9955
CUST003622,0.0532
CUST003623,0.0646
CUST003624,0.0602
CUST003625,0.0625
CUST003626,0.0881
CUST003627,0.0299
CUST003628,0.0495
CUST003629,0.9965
CUST003630,0.0894
CUST003631,0.0444
CUST003632,0.053
CUST003633,0.0386
CUST003634,0.1677
CUST003635,0.0295
CUST003636,0.9958
CUST003637,0.055
CUST003638,0.0263
CUST003639,0.0783
CUST003640,0.0463
CUST003641,0.9964
CUST003642,0.0849
CUST003643,0.0591
CUST003644,0.9939
CUST003645,0.0131
CUST003646,0.035
CUST003647,0.0348
CUST003648,0.0507
CUST003649,0.0944
CUST003650,0.0643
CUST003651,0.9968
CUST003652,0.1652
CUST003653,0.0622
CUST003654,0.0448
CUST003655,0.029
CUST003656,0.0936
CUST003657,0.0511
CUST003658,0.0938
CUST003659,0.0672
CUST003660,0.1686
CUST003661,0.9942
CUST003662,0.0187
CUST003663,0.0688
CUST003664,0.0533
CUST003665,0.03
CUST003666,0.1204
CUST003667,0.1934
CUST003668,0.9963
CUST003669,0.0866
CUST003670,0.0402
CUST003671,0.9944
CUST003672,0.9959
CUST003673,0.0416
CUST003674,0.071
CUST003675,0.0454
CUST003676,0.1201
CUST003677,0.0616
CUST003678,0.9964
CUST003679,0.0593
CUST003680,0.1071
CUST003681,0.042
CUST003682,0.9971
CUST003683,0.051
CUST003684,0.0326
CUST003685,0.0574
CUST003686,0.0318
CUST003687,0.0256
CUST003688,0.0218
CUST003689,0.0264
CUST003690,0.1377
CUST003691,0.0781
CUST003692,0.1279
CUST003693,0.1891
CUST003694,0.102
CUST003695,0.0229
CUST003696,0.1193
CUST003697,0.0503
CUST003698,0.0389
CUST003699,0.034
CUST003700,0.0264
CUST003701,0.1084
CUST003702,0.0384
CUST003703,0.0827
CUST003704,0.0687
CUST003705,0.0816
CUST003706,0.0416
CUST003707,0.0507
CUST003708,0.0508
CUST003709,0.0545
CUST003710,0.0387
CUST003711,0.0226
CUST003712,0.0317
CUST003713,0.0334
CUST003714,0.0504
CUST003715,0.041
CUST003716,0.9926
CUST003717,0.0539
CUST003718,0.0386
CUST003719,0.0555
CUST003720,0.0383
CUST003721,0.0541
CUST003722,0.034
CUST003723,0.0728
CUST003724,0.0717
CUST003725,0.0436
CUST003726,0.0411
CUST003727,0.0167
CUST003728,0.0972
CUST003729,0.0268
CUST003730,0.034
CUST003731,0.1356
CUST003732,0.0582
CUST003733,0.9968
CUST003734,0.0385
CUST003735,0.0659
CUST003736,0.0303
CUST003737,0.1195
CUST003738,0.9923
CUST003739,0.052
CUST003740,0.102
CUST003741,0.049
CUST003742,0.9949
CUST003743,0.0618
CUST003744,0.0814
CUST003745,0.0312
CUST003746,0.0238
CUST003747,0.995
CUST003748,0.0687
CUST003749,0.9957
CUST003750,0.0402
CUST003751,0.0838
CUST003752,0.0367
CUST003753,0.0404
CUST003754,0.0228
CUST003755,0.0245
CUST003756,0.0256
CUST003757,0.0415
CUST003758,0.0474
CUST003759,0.0239
CUST003760,0.0239
CUST003761,0.1395
CUST003762,0.045
CUST003763,0.0953
CUST003764,0.0479
CUST003765,0.1858
CUST003766,0.0427
CUST003767,0.0341
CUST003768,0.0242
CUST003769,0.295
CUST003770,0.9952
CUST003771,0.2581
CUST003772,0.0419
CUST003773,0.0331
CUST003774,0.0346
CUST003775,0.0261
CUST003776,0.0282
CUST003777,0.0621
CUST003778,0.05
CUST003779,0.9937
CUST003780,0.0476
CUST003781,0.0199
CUST003782,0.0395
CUST003783,0.0599
CUST003784,0.0457
CUST003785,0.0337
CUST003786,0.0576
CUST003787,0.0414
CUST003788,0.0665
CUST003789,0.0421
CUST003790,0.07
CUST003791,0.0904
CUST003792,0.0377
CUST003793,0.9953
CUST003794,0.0583
CUST003795,0.0439
CUST003796,0.9934
CUST003797,0.0386
CUST003798,0.9951
CUST003799,0.0608
CUST003800,0.0543
CUST003801,0.0578
CUST003802,0.1268
CUST003803,0.0218
CUST003804,0.9944
CUST003805,0.0413
CUST003806,0.0348
CUST003807,0.0528
CUST003808,0.9963
CUST003809,0.0362
CUST003810,0.047
CUST003811,0.0399
CUST003812,0.0463
CUST003813,0.0385
CUST003814,0.0411
CUST003815,0.0269
CUST003816,0.0271
CUST003817,0.0356
CUST003818,0.3374
CUST003819,0.0223
CUST003820,0.0859
CUST003821,0.0404
CUST003822,0.0566
CUST003823,0.1043
CUST003824,0.0604
CUST003825,0.1135
CUST003826,0.0312
CUST003827,0.0429
CUST003828,0.0199
CUST003829,0.0957
CUST003830,0.083
CUST003831,0.0378
CUST003832,0.0734
CUST003833,0.0562
CUST003834,0.0343
CUST003835,0.9944
CUST003836,0.0429
CUST003837,0.9963
CUST003838,0.0255
CUST003839,0.0452
CUST003840,0.0222
CUST003841,0.9971
CUST003842,0.0489
CUST003843,0.9956
CUST003844,0.0811
CUST003845,0.0414
CUST003846,0.0557
CUST003847,0.0755
CUST003848,0.0643
CUST003849,0.0479
CUST003850,0.1015
CUST003851,0.0535
CUST003852,0.9953
CUST003853,0.058
CUST003854,0.0352
CUST003855,0.0448
CUST003856,0.0367
CUST003857,0.9959
CUST003858,0.1487
CUST003859,0.0333
CUST003860,0.0943
CUST003861,0.039
CUST003862,0.0649
CUST003863,0.0413
CUST003864,0.0512
CUST003865,0.0257
CUST003866,0.0357
CUST003867,0.0306
CUST003868,0.0362
CUST003869,0.0218
CUST003870,0.0499
CUST003871,0.1052
CUST003872,0.0323
CUST003873,0.0282
CUST003874,0.047
CUST003875,0.0247
CUST003876,0.0517
CUST003877,0.0639
CUST003878,0.0672
CUST003879,0.0344
CUST003880,0.0255
CUST003881,0.0539
CUST003882,0.0271
CUST003883,0.9963
CUST003884,0.0621
CUST003885,0.0449
CUST003886,0.0567
CUST003887,0.0387
CUST003888,0.0744
CUST003889,0.0384
CUST003890,0.0394
CUST003891,0.0592
CUST003892,0.0608
CUST003893,0.0555
CUST003894,0.0474
CUST003895,0.0296
CUST003896,0.0293
CUST003897,0.1029
CUST003898,0.0352
CUST003899,0.0514
CUST003900,0.048
CUST003901,0.0314
CUST003902,0.0931
CUST003903,0.0445
CUST003904,0.0526
CUST003905,0.0449
CUST003906,0.0166
CUST003907,0.0602
CUST003908,0.0452
CUST003909,0.0406
CUST003910,0.0277
CUST003911,0.0345
CUST003912,0.1405
CUST003913,0.996
CUST003914,0.0526
CUST003915,0.0401
CUST003916,0.9946
CUST003917,0.04
CUST003918,0.9954
CUST003919,0.0268
CUST003920,0.0801
CUST003921,0.0873
CUST003922,0.9933
CUST003923,0.0885
CUST003924,0.0756
CUST003925,0.9963
CUST003926,0.024
CUST003927,0.0369
CUST003928,0.6911
CUST003929,0.0468
CUST003930,0.0504
CUST003931,0.0726
CUST003932,0.0509
CUST003933,0.0545
CUST003934,0.9963
CUST003935,0.0514
CUST003936,0.0231
CUST003937,0.0544
CUST003938,0.9948
CUST003939,0.0356
CUST003940,0.0475
CUST003941,0.0567
CUST003942,0.0451
CUST003943,0.0238
CUST003944,0.0264
CUST003945,0.026
CUST003946,0.0319
CUST003947,0.0358
CUST003948,0.0544
CUST003949,0.0355
CUST003950,0.1228
CUST003951,0.0321
CUST003952,0.0619
CUST003953,0.0934
CUST003954,0.993
CUST003955,0.0528
CUST003956,0.0515
CUST003957,0.0501
CUST003958,0.059
CUST003959,0.0303
CUST003960,0.0933
CUST003961,0.0256
CUST003962,0.0359
CUST003963,0.0439
CUST003964,0.0226
CUST003965,0.0328
CUST003966,0.1036
CUST003967,0.0288
CUST003968,0.0405
CUST003969,0.0305
CUST003970,0.0215
CUST003971,0.1059
CUST003972,0.0436
CUST003973,0.066
CUST003974,0.0297
CUST003975,0.029
CUST003976,0.0399
CUST003977,0.033
CUST003978,0.0465
CUST003979,0.0191
CUST003980,0.0483
CUST003981,0.0737
CUST003982,0.0438
CUST003983,0.0545
CUST003984,0.0378
CUST003985,0.0431
CUST003986,0.011
CUST003987,0.0796
CUST003988,0.073
CUST003989,0.0596
CUST003990,0.0584
CUST003991,0.0804
CUST003992,0.0466
CUST003993,0.0323
CUST003994,0.9962
CUST003995,0.9931
CUST003996,0.1532
CUST003997,0.0572
CUST003998,0.9975
CUST003999,0.0362
CUST004000,0.0383
CUST004001,0.13
CUST004002,0.0277
CUST004003,0.0334
CUST004004,0.0377
CUST004005,0.0399
CUST004006,0.0606
CUST004007,0.0486
CUST004008,0.0205
CUST004009,0.0784
CUST004010,0.0502
CUST004011,0.9976
CUST004012,0.0415
CUST004013,0.0407
CUST004014,0.9942
CUST004015,0.0414
CUST004016,0.0178
CUST004017,0.018
CUST004018,0.0357
CUST004019,0.0338
CUST004020,0.0599
CUST004021,0.1468
CUST004022,0.0757
CUST004023,0.0678
CUST004024,0.0374
CUST004025,0.0264
CUST004026,0.0242
CUST004027,0.1193
CUST004028,0.0481
CUST004029,0.1622
CUST004030,0.106
CUST004031,0.0648
CUST004032,0.032
CUST004033,0.0337
CUST004034,0.0516
CUST004035,0.0186
CUST004036,0.0698
CUST004037,0.0709
CUST004038,0.0406
CUST004039,0.1052
CUST004040,0.0365
CUST004041,0.0332
CUST004042,0.0685
CUST004043,0.0329
CUST004044,0.1315
CUST004045,0.0479
CUST004046,0.0595
CUST004047,0.0383
CUST004048,0.0368
CUST004049,0.041
CUST004050,0.0606
CUST004051,0.177
CUST004052,0.0418
CUST004053,0.0156
CUST004054,0.0455
CUST004055,0.036
CUST004056,0.0358
CUST004057,0.0191
CUST004058,0.0789
CUST004059,0.0259
CUST004060,0.0356
CUST004061,0.0317
CUST004062,0.0463
CUST004063,0.0625
CUST004064,0.0265
CUST004065,0.089
CUST004066,0.0806
CUST004067,0.9948
CUST004068,0.9966
CUST004069,0.0191
CUST004070,0.0656
CUST004071,0.0518
CUST004072,0.0541
CUST004073,0.0287
CUST004074,0.1325
CUST004075,0.0431
CUST004076,0.0397
CUST004077,0.1933
CUST004078,0.9951
CUST004079,0.0326
CUST004080,0.0317
CUST004081,0.0294
CUST004082,0.0437
CUST004083,0.1119
CUST004084,0.0455
CUST004085,0.0752
CUST004086,0.02
CUST004087,0.996
CUST004088,0.9949
CUST004089,0.0363
CUST004090,0.0755
CUST004091,0.0447
CUST004092,0.0539
CUST004093,0.0964
CUST004094,0.9945
CUST004095,0.0343
CUST004096,0.9951
CUST004097,0.0835
CUST004098,0.0336
CUST004099,0.0296
CUST004100,0.0332
CUST004101,0.996
CUST004102,0.9951
CUST004103,0.1083
CUST004104,0.0519
CUST004105,0.1142
CUST004106,0.0175
CUST004107,0.0384
CUST004108,0.0558
CUST004109,0.0349
CUST004110,0.0809
CUST004111,0.0549
CUST004112,0.9896
CUST004113,0.0357
CUST004114,0.067
CUST004115,0.0647
CUST004116,0.0671
CUST004117,0.042
CUST004118,0.0589
CUST004119,0.0315
CUST004120,0.0186
CUST004121,0.0365
CUST004122,0.0606
CUST004123,0.1203
CUST004124,0.0201
CUST004125,0.0259
CUST004126,0.0402
CUST004127,0.9954
CUST004128,0.0475
CUST004129,0.9928
CUST004130,0.0283
CUST004131,0.0292
CUST004132,0.1047
CUST004133,0.9955
CUST004134,0.0987
CUST004135,0.0484
CUST004136,0.1763
CUST004137,0.0356
CUST004138,0.0433
CUST004139,0.091
CUST004140,0.0718
CUST004141,0.0449
CUST004142,0.0434
CUST004143,0.0337
CUST004144,0.0818
CUST004145,0.031
CUST004146,0.1372
CUST004147,0.061
CUST004148,0.0199
CUST004149,0.0522
CUST004150,0.039
CUST004151,0.0369
CUST004152,0.0797
CUST004153,0.0704
CUST004154,0.0242
CUST004155,0.3334
CUST004156,0.0892
CUST004157,0.0539
CUST004158,0.0473
CUST004159,0.145
CUST004160,0.0234
CUST004161,0.0178
CUST004162,0.025
CUST004163,0.0341
CUST004164,0.0141
CUST004165,0.0523
CUST004166,0.0296
CUST004167,0.9963
CUST004168,0.065
CUST004169,0.0165
CUST004170,0.1964
CUST004171,0.0376
CUST004172,0.0328
CUST004173,0.9953
CUST004174,0.0559
CUST004175,0.0347
CUST004176,0.0552
CUST004177,0.0513
CUST004178,0.9942
CUST004179,0.0426
CUST004180,0.0326
CUST004181,0.04
CUST004182,0.12
CUST004183,0.0875
CUST004184,0.0436
CUST004185,0.0691
CUST004186,0.0486
CUST004187,0.0839
CUST004188,0.0105
CUST004189,0.0843
CUST004190,0.0155
CUST004191,0.9953
CUST004192,0.0909
CUST004193,0.0843
CUST004194,0.0417
CUST004195,0.1155
CUST004196,0.9952
CUST004197,0.1187
CUST004198,0.0645
CUST004199,0.0212
CUST004200,0.032
CUST004201,0.0522
CUST004202,0.0985
CUST004203,0.9934
CUST004204,0.0591
CUST004205,0.995
CUST004206,0.0271
CUST004207,0.0403
CUST004208,0.0446
CUST004209,0.0535
CUST004210,0.0189
CUST004211,0.0639
CUST004212,0.0398
CUST004213,0.044
CUST004214,0.0427
CUST004215,0.0409
CUST004216,0.0644
CUST004217,0.2048
CUST004218,0.0405
CUST004219,0.0884
CUST004220,0.0538
CUST004221,0.0332
CUST004222,0.9936
CUST004223,0.9964
CUST004224,0.1623
CUST004225,0.1176
CUST004226,0.0318
CUST004227,0.1027
CUST004228,0.0247
CUST004229,0.0341
CUST004230,0.0263
CUST004231,0.0293
CUST004232,0.0099
CUST004233,0.0485
CUST004234,0.0545
CUST004235,0.9966
CUST004236,0.0414
CUST004237,0.0403
CUST004238,0.0664
CUST004239,0.0271
CUST004240,0.1218
CUST004241,0.0726
CUST004242,0.0784
CUST004243,0.0748
CUST004244,0.0266
CUST004245,0.037
CUST004246,0.0117
CUST004247,0.0473
CUST004248,0.9965
CUST004249,0.0932
CUST004250,0.0822
CUST004251,0.0595
CUST004252,0.0438
CUST004253,0.9933
CUST004254,0.9948
CUST004255,0.1036
CUST004256,0.0665
CUST004257,0.038
CUST004258,0.0321
CUST004259,0.0691
CUST004260,0.0706
CUST004261,0.0888
CUST004262,0.047
CUST004263,0.0494
CUST004264,0.9957
CUST004265,0.0312
CUST004266,0.9945
CUST004267,0.033
CUST004268,0.0668
CUST004269,0.0349
CUST004270,0.0355
CUST004271,0.0388
CUST004272,0.0284
CUST004273,0.991
CUST004274,0.0568
CUST004275,0.0418
CUST004276,0.988
CUST004277,0.0404
CUST004278,0.0641
CUST004279,0.0664
CUST004280,0.0624
CUST004281,0.9938
CUST004282,0.0364
CUST004283,0.0996
CUST004284,0.0329
CUST004285,0.043
CUST004286,0.0478
CUST004287,0.0443
CUST004288,0.0392
CUST004289,0.0389
CUST004290,0.0397
CUST004291,0.0311
CUST004292,0.0438
CUST004293,0.0689
CUST004294,0.0869
CUST004295,0.1183
CUST004296,0.0632
CUST004297,0.0374
CUST004298,0.0301
CUST004299,0.0476
CUST004300,0.0436
CUST004301,0.0439
CUST004302,0.023
CUST004303,0.0323
CUST004304,0.0555
CUST004305,0.0985
CUST004306,0.0789
CUST004307,0.0351
CUST004308,0.9958
CUST004309,0.0548
CUST004310,0.0193
CUST004311,0.0415
CUST004312,0.0236
CUST004313,0.0559
CUST004314,0.05
CUST004315,0.0878
CUST004316,0.9939
CUST004317,0.1698
CUST004318,0.0263
CUST004319,0.0653
CUST004320,0.0931
CUST004321,0.0478
CUST004322,0.0352
CUST004323,0.0462
CUST004324,0.105
CUST004325,0.9971
CUST004326,0.0409
CUST004327,0.9956
CUST004328,0.0332
CUST004329,0.0413
CUST004330,0.0415
CUST004331,0.0683
CUST004332,0.0882
CUST004333,0.0614
CUST004334,0.0695
CUST004335,0.0785
CUST004336,0.0313
CUST004337,0.114
CUST004338,0.9936
CUST004339,0.0898
CUST004340,0.0294
CUST004341,0.0476
CUST004342,0.9958
CUST004343,0.0929
CUST004344,0.1826
CUST004345,0.0775
CUST004346,0.0255
CUST004347,0.0352
CUST004348,0.9964
CUST004349,0.0327
CUST004350,0.0526
CUST004351,0.0523
CUST004352,0.0394
CUST004353,0.0633
CUST004354,0.1292
CUST004355,0.9967
CUST004356,0.0413
CUST004357,0.0449
CUST004358,0.042
CUST004359,0.0645
CUST004360,0.0648
CUST004361,0.049
CUST004362,0.0357
CUST004363,0.0734
CUST004364,0.0462
CUST004365,0.0512
CUST004366,0.0399
CUST004367,0.0486
CUST004368,0.0688
CUST004369,0.9941
CUST004370,0.0418
CUST004371,0.175
CUST004372,0.0653
CUST004373,0.1134
CUST004374,0.031
CUST004375,0.9953
CUST004376,0.2216
CUST004377,0.0234
CUST004378,0.0696
CUST004379,0.029
CUST004380,0.0415
CUST004381,0.0352
CUST004382,0.0321
CUST004383,0.1484
CUST004384,0.9959
CUST004385,0.9968
CUST004386,0.0393
CUST004387,0.0562
CUST004388,0.0545
CUST004389,0.0265
CUST004390,0.0358
CUST004391,0.0392
CUST004392,0.9946
CUST004393,0.1231
CUST004394,0.0316
CUST004395,0.035
CUST004396,0.0574
CUST004397,0.9955
CUST004398,0.0771
CUST004399,0.0776
CUST004400,0.9963
CUST004401,0.1225
CUST004402,0.9982
CUST004403,0.0237
CUST004404,0.0967
CUST004405,0.0623
CUST004406,0.9924
CUST004407,0.9971
CUST004408,0.0854
CUST004409,0.0495
CUST004410,0.9966
CUST004411,0.0421
CUST004412,0.0386
CUST004413,0.0786
CUST004414,0.0398
CUST004415,0.0223
CUST004416,0.1377
CUST004417,0.0688
CUST004418,0.2652
CUST004419,0.0343
CUST004420,0.0194
CUST004421,0.0094
CUST004422,0.0436
CUST004423,0.054
CUST004424,0.1754
CUST004425,0.2305
CUST004426,0.0223
CUST004427,0.1463
CUST004428,0.076
CUST004429,0.9966
CUST004430,0.0479
CUST004431,0.0363
CUST004432,0.0829
CUST004433,0.0393
CUST004434,0.0884
CUST004435,0.0232
CUST004436,0.0457
CUST004437,0.1029
CUST004438,0.1803
CUST004439,0.0575
CUST004440,0.069
CUST004441,0.172
CUST004442,0.0475
CUST004443,0.0367
CUST004444,0.0218
CUST004445,0.0623
CUST004446,0.0507
CUST004447,0.2734
CUST004448,0.043
CUST004449,0.0355
CUST004450,0.9944
CUST004451,0.048
CUST004452,0.0391
CUST004453,0.053
CUST004454,0.0447
CUST004455,0.0456
CUST004456,0.0251
CUST004457,0.0157
CUST004458,0.0205
CUST004459,0.0831
CUST004460,0.0194
CUST004461,0.9938
CUST004462,0.0329
CUST004463,0.0586
CUST004464,0.0313
CUST004465,0.0344
CUST004466,0.075
CUST004467,0.0677
CUST004468,0.0159
CUST004469,0.0478
CUST004470,0.9963
CUST004471,0.9939
CUST004472,0.0692
CUST004473,0.0704
CUST004474,0.0506
CUST004475,0.0328
CUST004476,0.0706
CUST004477,0.0916
CUST004478,0.0404
CUST004479,0.0229
CUST004480,0.0332
CUST004481,0.0918
CUST004482,0.051
CUST004483,0.0559
CUST004484,0.0387
CUST004485,0.0219
CUST004486,0.0368
CUST004487,0.0681
CUST004488,0.0444
CUST004489,0.0265
CUST004490,0.0509
CUST004491,0.0381
CUST004492,0.061
CUST004493,0.0246
CUST004494,0.0318
CUST004495,0.0446
CUST004496,0.0586
CUST004497,0.039
CUST004498,0.1028
CUST004499,0.9916
CUST004500,0.0437
CUST004501,0.1464
CUST004502,0.9946
CUST004503,0.0387
CUST004504,0.0346
CUST004505,0.0343
CUST004506,0.0464
CUST004507,0.174
CUST004508,0.1056
CUST004509,0.0358
CUST004510,0.0296
CUST004511,0.0475
CUST004512,0.0421
CUST004513,0.0416
CUST004514,0.0541
CUST004515,0.0529
CUST004516,0.1112
CUST004517,0.0576
CUST004518,0.0759
CUST004519,0.9929
CUST004520,0.0274
CUST004521,0.0961
CUST004522,0.0337
CUST004523,0.0684
CUST004524,0.0382
CUST004525,0.0364
CUST004526,0.9953
CUST004527,0.0299
CUST004528,0.0544
CUST004529,0.0272
CUST004530,0.0875
CUST004531,0.0731
CUST004532,0.0321
CUST004533,0.0398
CUST004534,0.0583
CUST004535,0.0247
CUST004536,0.0385
CUST004537,0.0365
CUST004538,0.0414
CUST004539,0.0316
CUST004540,0.0258
CUST004541,0.0621
CUST004542,0.0538
CUST004543,0.0392
CUST004544,0.054
CUST004545,0.0295
CUST004546,0.9957
CUST004547,0.0339
CUST004548,0.0304
CUST004549,0.0326
CUST004550,0.1097
CUST004551,0.0759
CUST004552,0.1318
CUST004553,0.033
CUST004554,0.014
CUST004555,0.0922
CUST004556,0.0451
CUST004557,0.0186
CUST004558,0.04
CUST004559,0.0532
CUST004560,0.0444
CUST004561,0.0333
CUST004562,0.0839
CUST004563,0.0479
CUST004564,0.9943
CUST004565,0.0411
CUST004566,0.0567
CUST004567,0.0763
CUST004568,0.0224
CUST004569,0.0411
CUST004570,0.9938
CUST004571,0.1297
CUST004572,0.0622
CUST004573,0.0604
CUST004574,0.0477
CUST004575,0.0255
CUST004576,0.047
CUST004577,0.0507
CUST004578,0.0351
CUST004579,0.0412
CUST004580,0.0243
CUST004581,0.0252
CUST004582,0.0408
CUST004583,0.0509
CUST004584,0.0921
CUST004585,0.0244
CUST004586,0.0266
CUST004587,0.0257
CUST004588,0.0759
CUST004589,0.0424
CUST004590,0.9912
CUST004591,0.0573
CUST004592,0.9963
CUST004593,0.0558
CUST004594,0.0562
CUST004595,0.0571
CUST004596,0.2945
CUST004597,0.0883
CUST004598,0.0708
CUST004599,0.0225
CUST004600,0.1245
CUST004601,0.0742
CUST004602,0.0353
CUST004603,0.9961
CUST004604,0.036
CUST004605,0.0884
CUST004606,0.0983
CUST004607,0.0319
CUST004608,0.0335
CUST004609,0.0366
CUST004610,0.0445
CUST004611,0.0465
CUST004612,0.0637
CUST004613,0.0464
CUST004614,0.0588
CUST004615,0.0795
CUST004616,0.0618
CUST004617,0.0557
CUST004618,0.0344
CUST004619,0.0253
CUST004620,0.0581
CUST004621,0.0936
CUST004622,0.052
CUST004623,0.0293
CUST004624,0.0819
CUST004625,0.017
CUST004626,0.0435
CUST004627,0.027
CUST004628,0.0588
CUST004629,0.0594
CUST004630,0.0552
CUST004631,0.0777
CUST004632,0.0299
CUST004633,0.0629
CUST004634,0.0645
CUST004635,0.031
CUST004636,0.9944
CUST004637,0.0371
CUST004638,0.0578
CUST004639,0.0234
CUST004640,0.1315
CUST004641,0.0261
CUST004642,0.0404
CUST004643,0.0598
CUST004644,0.9939
CUST004645,0.0458
CUST004646,0.0402
CUST004647,0.1919
CUST004648,0.1833
CUST004649,0.051
CUST004650,0.0641
CUST004651,0.0358
CUST004652,0.0349
CUST004653,0.0476
CUST004654,0.0759
CUST004655,0.1365
CUST004656,0.996
CUST004657,0.0382
CUST004658,0.0619
CUST004659,0.0414
CUST004660,0.0252
CUST004661,0.9947
CUST004662,0.0493
CUST004663,0.9971
CUST004664,0.9942
CUST004665,0.0489
CUST004666,0.9966
CUST004667,0.0554
CUST004668,0.9924
CUST004669,0.0288
CUST004670,0.0576
CUST004671,0.1178
CUST004672,0.0541
CUST004673,0.0327
CUST004674,0.0296
CUST004675,0.0517
CUST004676,0.0667
CUST004677,0.0263
CUST004678,0.0307
CUST004679,0.0457
CUST004680,0.9919
CUST004681,0.0576
CUST004682,0.022
CUST004683,0.0173
CUST004684,0.9964
CUST004685,0.9957
CUST004686,0.1483
CUST004687,0.0399
CUST004688,0.0448
CUST004689,0.9946
CUST004690,0.0653
CUST004691,0.0195
CUST004692,0.0836
CUST004693,0.0233
CUST004694,0.0398
CUST004695,0.0391
CUST004696,0.0113
CUST004697,0.0435
CUST004698,0.0366
CUST004699,0.0504
CUST004700,0.0704
CUST004701,0.0444
CUST004702,0.0646
CUST004703,0.0337
CUST004704,0.1325
CUST004705,0.0719
CUST004706,0.9937
CUST004707,0.0293
CUST004708,0.1863
CUST004709,0.9955
CUST004710,0.1181
CUST004711,0.0925
CUST004712,0.9932
CUST004713,0.0504
CUST004714,0.0492
CUST004715,0.9971
CUST004716,0.0238
CUST004717,0.0487
CUST004718,0.0396
CUST004719,0.0446
CUST004720,0.0489
CUST004721,0.0289
CUST004722,0.06
CUST004723,0.9957
CUST004724,0.0208
CUST004725,0.0819
CUST004726,0.0394
CUST004727,0.0542
CUST004728,0.0352
CUST004729,0.9954
CUST004730,0.0356
CUST004731,0.0258
CUST004732,0.9979
CUST004733,0.045
CUST004734,0.0444
CUST004735,0.0399
CUST004736,0.0266
CUST004737,0.0418
CUST004738,0.0503
CUST004739,0.0488
CUST004740,0.1142
CUST004741,0.0258
CUST004742,0.0375
CUST004743,0.0271
CUST004744,0.3005
CUST004745,0.1125
CUST004746,0.0253
CUST004747,0.0627
CUST004748,0.0539
CUST004749,0.0678
CUST004750,0.0846
CUST004751,0.0894
CUST004752,0.0327
CUST004753,0.0488
CUST004754,0.0358
CUST004755,0.0582
CUST004756,0.0778
CUST004757,0.033
CUST004758,0.0288
CUST004759,0.0417
CUST004760,0.9936
CUST004761,0.0792
CUST004762,0.0281
CUST004763,0.0436
CUST004764,0.1024
CUST004765,0.08
CUST004766,0.0638
CUST004767,0.133
CUST004768,0.0691
CUST004769,0.053
CUST004770,0.0462
CUST004771,0.9963
CUST004772,0.2436
CUST004773,0.0392
CUST004774,0.0388
CUST004775,0.0806
CUST004776,0.1426
CUST004777,0.0684
CUST004778,0.0459
CUST004779,0.9976
CUST004780,0.0425
CUST004781,0.0287
CUST004782,0.0352
CUST004783,0.0961
CUST004784,0.0624
CUST004785,0.0251
CUST004786,0.0523
CUST004787,0.0655
CUST004788,0.0472
CUST004789,0.0735
CUST004790,0.0603
CUST004791,0.029
CUST004792,0.0655
CUST004793,0.0326
CUST004794,0.0455
CUST004795,0.0267
CUST004796,0.0255
CUST004797,0.0612
CUST004798,0.036
CUST004799,0.0376
CUST004800,0.0364
CUST004801,0.0556
CUST004802,0.1867
CUST004803,0.0493
CUST004804,0.0408
CUST004805,0.0424
CUST004806,0.0364
CUST004807,0.0869
CUST004808,0.0757
CUST004809,0.0336
CUST004810,0.0357
CUST004811,0.1302
CUST004812,0.0746
CUST004813,0.0515
CUST004814,0.0583
CUST004815,0.0443
CUST004816,0.0237
CUST004817,0.0587
CUST004818,0.9947
CUST004819,0.0191
CUST004820,0.0364
CUST004821,0.0828
CUST004822,0.0374
CUST004823,0.1253
CUST004824,0.0735
CUST004825,0.9949
CUST004826,0.033
CUST004827,0.9951
CUST004828,0.0529
CUST004829,0.056
CUST004830,0.088
CUST004831,0.0386
CUST004832,0.065
CUST004833,0.0171
CUST004834,0.0777
CUST004835,0.9925
CUST004836,0.0466
CUST004837,0.9953
CUST004838,0.0875
CUST004839,0.0379
CUST004840,0.0554
CUST004841,0.0762
CUST004842,0.05
CUST004843,0.2829
CUST004844,0.0485
CUST004845,0.0292
CUST004846,0.0425
CUST004847,0.1032
CUST004848,0.1189
CUST004849,0.0462
CUST004850,0.0384
CUST004851,0.0889
CUST004852,0.0625
CUST004853,0.0364
CUST004854,0.9947
CUST004855,0.9934
CUST004856,0.0384
CUST004857,0.0559
CUST004858,0.0413
CUST004859,0.0189
CUST004860,0.0416
CUST004861,0.0438
CUST004862,0.0348
CUST004863,0.0781
CUST004864,0.0368
CUST004865,0.0551
CUST004866,0.0421
CUST004867,0.035
CUST004868,0.0345
CUST004869,0.0382
CUST004870,0.0713
CUST004871,0.0334
CUST004872,0.9962
CUST004873,0.0247
CUST004874,0.0399
CUST004875,0.0498
CUST004876,0.9974
CUST004877,0.0381
CUST004878,0.13
CUST004879,0.0878
CUST004880,0.06
CUST004881,0.038
CUST004882,0.0509
CUST004883,0.0305
CUST004884,0.0576
CUST004885,0.1016
CUST004886,0.0829
CUST004887,0.0753
CUST004888,0.035
CUST004889,0.9951
CUST004890,0.9956
CUST004891,0.9935
CUST004892,0.0132
CUST004893,0.0308
CUST004894,0.0242
CUST004895,0.0462
CUST004896,0.0318
CUST004897,0.0516
CUST004898,0.9963
CUST004899,0.0362
CUST004900,0.0857
CUST004901,0.0474
CUST004902,0.035
CUST004903,0.0557
CUST004904,0.1126
CUST004905,0.0345
CUST004906,0.0457
CUST004907,0.0538
CUST004908,0.0377
CUST004909,0.9939
CUST004910,0.0544
CUST004911,0.0279
CUST004912,0.0311
CUST004913,0.0372
CUST004914,0.0335
CUST004915,0.0891
CUST004916,0.178
CUST004917,0.1178
CUST004918,0.037
CUST004919,0.2173
CUST004920,0.0888
CUST004921,0.0382
CUST004922,0.0341
CUST004923,0.0277
CUST004924,0.0349
CUST004925,0.0786
CUST004926,0.0284
CUST004927,0.997
CUST004928,0.023
CUST004929,0.0442
CUST004930,0.0377
CUST004931,0.0246
CUST004932,0.0605
CUST004933,0.1184
CUST004934,0.0659
CUST004935,0.0466
CUST004936,0.0415
CUST004937,0.048
CUST004938,0.0258
CUST004939,0.0378
CUST004940,0.0307
CUST004941,0.0785
CUST004942,0.0622
CUST004943,0.0428
CUST004944,0.0288
CUST004945,0.0377
CUST004946,0.046
CUST004947,0.0215
CUST004948,0.0633
CUST004949,0.1466
CUST004950,0.995
CUST004951,0.0306
CUST004952,0.9952
CUST004953,0.0285
CUST004954,0.0377
CUST004955,0.0665
CUST004956,0.0509
CUST004957,0.0545
CUST004958,0.0857
CUST004959,0.0903
CUST004960,0.0276
CUST004961,0.0361
CUST004962,0.9958
CUST004963,0.0401
CUST004964,0.035
CUST004965,0.2093
CUST004966,0.9942
CUST004967,0.0414
CUST004968,0.0273
CUST004969,0.0315
CUST004970,0.0782
CUST004971,0.0332
CUST004972,0.0284
CUST004973,0.1135
CUST004974,0.0434
CUST004975,0.9932
CUST004976,0.9937
CUST004977,0.066
CUST004978,0.0622
CUST004979,0.0575
CUST004980,0.0608
CUST004981,0.0594
CUST004982,0.1059
CUST004983,0.0591
CUST004984,0.0462
CUST004985,0.0462
CUST004986,0.0298
CUST004987,0.0546
CUST004988,0.0263
CUST004989,0.051
CUST004990,0.0159
CUST004991,0.0612
CUST004992,0.1069
CUST004993,0.9957
CUST004994,0.023
CUST004995,0.042
CUST004996,0.0927
CUST004997,0.0355
CUST004998,0.0785
CUST004999,0.0536
CUST005000,0.0527
CUST005001,0.042
CUST005002,0.0463
CUST005003,0.9938
CUST005004,0.0686
CUST005005,0.0461
CUST005006,0.0418
CUST005007,0.0648
CUST005008,0.1217
CUST005009,0.035
CUST005010,0.0925
CUST005011,0.0592
CUST005012,0.0978
CUST005013,0.1196
CUST005014,0.0363
CUST005015,0.076
CUST005016,0.0706
CUST005017,0.0188
CUST005018,0.0457
CUST005019,0.1876
CUST005020,0.9963
CUST005021,0.0466
CUST005022,0.0909
CUST005023,0.042
CUST005024,0.0442
CUST005025,0.0319
CUST005026,0.0205
CUST005027,0.0589
CUST005028,0.077
CUST005029,0.0448
CUST005030,0.02
CUST005031,0.9978
CUST005032,0.042
CUST005033,0.9945
CUST005034,0.0352
CUST005035,0.0513
CUST005036,0.052
CUST005037,0.1983
CUST005038,0.0494
CUST005039,0.0341
CUST005040,0.0391
CUST005041,0.0885
CUST005042,0.1163
CUST005043,0.9963
CUST005044,0.0234
CUST005045,0.1576
CUST005046,0.076
CUST005047,0.052
CUST005048,0.0575
CUST005049,0.0376
CUST005050,0.1256
CUST005051,0.0593
CUST005052,0.1252
CUST005053,0.9955
CUST005054,0.0569
CUST005055,0.0469
CUST005056,0.0953
CUST005057,0.0826
CUST005058,0.0362
CUST005059,0.127
CUST005060,0.0402
CUST005061,0.066
CUST005062,0.0557
CUST005063,0.0413
CUST005064,0.0382
CUST005065,0.0294
CUST005066,0.0753
CUST005067,0.0292
CUST005068,0.0957
CUST005069,0.0453
CUST005070,0.0273
CUST005071,0.0458
CUST005072,0.0849
CUST005073,0.0473
CUST005074,0.0546
CUST005075,0.0412
CUST005076,0.0357
CUST005077,0.9967
CUST005078,0.0347
CUST005079,0.0594
CUST005080,0.0474
CUST005081,0.9928
CUST005082,0.093
CUST005083,0.0175
CUST005084,0.0514
CUST005085,0.0259
CUST005086,0.0317
CUST005087,0.0443
CUST005088,0.0369
CUST005089,0.0502
CUST005090,0.1139
CUST005091,0.1284
CUST005092,0.1851
CUST005093,0.0808
CUST005094,0.042
CUST005095,0.0518
CUST005096,0.0686
CUST005097,0.0448
CUST005098,0.0292
CUST005099,0.0304
CUST005100,0.0412
CUST005101,0.1477
CUST005102,0.0455
CUST005103,0.0429
CUST005104,0.0499
CUST005105,0.0481
CUST005106,0.0647
CUST005107,0.0389
CUST005108,0.03
CUST005109,0.0264
CUST005110,0.0486
CUST005111,0.996
CUST005112,0.0828
CUST005113,0.0145
CUST005114,0.047
CUST005115,0.0335
CUST005116,0.067
CUST005117,0.0481
CUST005118,0.0414
CUST005119,0.2041
CUST005120,0.0559
CUST005121,0.0733
CUST005122,0.0512
CUST005123,0.1069
CUST005124,0.0661
CUST005125,0.9941
CUST005126,0.0357
CUST005127,0.0405
CUST005128,0.0354
CUST005129,0.9939
CUST005130,0.0613
CUST005131,0.0596
CUST005132,0.0376
CUST005133,0.033
CUST005134,0.0571
CUST005135,0.0586
CUST005136,0.0553
CUST005137,0.0555
CUST005138,0.0361
CUST005139,0.0747
CUST005140,0.0148
CUST005141,0.0735
CUST005142,0.0523
CUST005143,0.0881
CUST005144,0.0503
CUST005145,0.0396
CUST005146,0.0349
CUST005147,0.0548
CUST005148,0.0545
CUST005149,0.0933
CUST005150,0.0747
CUST005151,0.0478
CUST005152,0.047
CUST005153,0.9969
CUST005154,0.1113
CUST005155,0.0333
CUST005156,0.0263
CUST005157,0.0972
CUST005158,0.0555
CUST005159,0.1186
CUST005160,0.0752
CUST005161,0.0501
CUST005162,0.0482
CUST005163,0.0652
CUST005164,0.0384
CUST005165,0.0229
CUST005166,0.0255
CUST005167,0.0377
CUST005168,0.1598
CUST005169,0.0944
CUST005170,0.0356
CUST005171,0.038
CUST005172,0.0304
CUST005173,0.1806
CUST005174,0.0927
CUST005175,0.9949
CUST005176,0.0743
CUST005177,0.9958
CUST005178,0.0694
CUST005179,0.9922
CUST005180,0.1217
CUST005181,0.0427
CUST005182,0.1116
CUST005183,0.0604
CUST005184,0.0196
CUST005185,0.0342
CUST005186,0.0329
CUST005187,0.0506
CUST005188,0.0536
CUST005189,0.1515
CUST005190,0.0473
CUST005191,0.038
CUST005192,0.1042
CUST005193,0.0394
CUST005194,0.0414
CUST005195,0.009
CUST005196,0.0409
CUST005197,0.1011
CUST005198,0.0616
CUST005199,0.0301
CUST005200,0.0655
CUST005201,0.021
CUST005202,0.0693
CUST005203,0.0965
CUST005204,0.0634
CUST005205,0.0885
CUST005206,0.0353
CUST005207,0.089
CUST005208,0.0713
CUST005209,0.997
CUST005210,0.0374
CUST005211,0.0276
CUST005212,0.028
CUST005213,0.0262
CUST005214,0.0296
CUST005215,0.0666
CUST005216,0.0736
CUST005217,0.0441
CUST005218,0.0284
CUST005219,0.0858
CUST005220,0.0796
CUST005221,0.9933
CUST005222,0.0447
CUST005223,0.0822
CUST005224,0.0368
CUST005225,0.0233
CUST005226,0.0647
CUST005227,0.0411
CUST005228,0.1232
CUST005229,0.0519
CUST005230,0.9957
CUST005231,0.0863
CUST005232,0.994
CUST005233,0.0485
CUST005234,0.0286
CUST005235,0.0392
CUST005236,0.0925
CUST005237,0.0495
CUST005238,0.0931
CUST005239,0.0368
CUST005240,0.0444
CUST005241,0.0176
CUST005242,0.0629
CUST005243,0.0652
CUST005244,0.0809
CUST005245,0.0271
CUST005246,0.0312
CUST005247,0.0324
CUST005248,0.0411
CUST005249,0.0581
CUST005250,0.0292
CUST005251,0.0672
CUST005252,0.0498
CUST005253,0.0667
CUST005254,0.0364
CUST005255,0.0448
CUST005256,0.1705
CUST005257,0.0377
CUST005258,0.995
CUST005259,0.9952
CUST005260,0.0708
CUST005261,0.0379
CUST005262,0.0167
CUST005263,0.9945
CUST005264,0.9943
CUST005265,0.1434
CUST005266,0.039
CUST005267,0.0535
CUST005268,0.0485
CUST005269,0.03
CUST005270,0.0698
CUST005271,0.0261
CUST005272,0.1377
CUST005273,0.0318
CUST005274,0.0491
CUST005275,0.0259
CUST005276,0.0492
CUST005277,0.1177
CUST005278,0.0246
CUST005279,0.05
CUST005280,0.0567
CUST005281,0.1154
CUST005282,0.028
CUST005283,0.0634
CUST005284,0.0305
CUST005285,0.0436
CUST005286,0.242
CUST005287,0.0292
CUST005288,0.0555
CUST005289,0.0584
CUST005290,0.0642
CUST005291,0.9941
CUST005292,0.0701
CUST005293,0.1137
CUST005294,0.0494
CUST005295,0.1063
CUST005296,0.9959
CUST005297,0.0469
CUST005298,0.163
CUST005299,0.0388
CUST005300,0.9942
CUST005301,0.0618
CUST005302,0.0295
CUST005303,0.0361
CUST005304,0.0669
CUST005305,0.0372
CUST005306,0.0282
CUST005307,0.0343
CUST005308,0.0569
CUST005309,0.0528
CUST005310,0.9946
CUST005311,0.0774
CUST005312,0.0895
CUST005313,0.9933
CUST005314,0.0575
CUST005315,0.0577
CUST005316,0.0121
CUST005317,0.0315
CUST005318,0.054
CUST005319,0.0359
CUST005320,0.0577
CUST005321,0.0319
CUST005322,0.0503
CUST005323,0.0357
CUST005324,0.0524
CUST005325,0.9937
CUST005326,0.06
CUST005327,0.0282
CUST005328,0.0269
CUST005329,0.0562
CUST005330,0.061
CUST005331,0.0351
CUST005332,0.0851
CUST005333,0.043
CUST005334,0.0464
CUST005335,0.0379
CUST005336,0.0804
CUST005337,0.0386
CUST005338,0.079
CUST005339,0.024
CUST005340,0.0302
CUST005341,0.0428
CUST005342,0.0607
CUST005343,0.998
CUST005344,0.0944
CUST005345,0.0225
CUST005346,0.0399
CUST005347,0.0345
CUST005348,0.9947
CUST005349,0.0438
CUST005350,0.3151
CUST005351,0.0398
CUST005352,0.0306
CUST005353,0.0161
CUST005354,0.9966
CUST005355,0.1568
CUST005356,0.0946
CUST005357,0.074
CUST005358,0.993
CUST005359,0.0341
CUST005360,0.0389
CUST005361,0.0709
CUST005362,0.0278
CUST005363,0.0227
CUST005364,0.0369
CUST005365,0.0794
CUST005366,0.0367
CUST005367,0.2088
CUST005368,0.0903
CUST005369,0.1419
CUST005370,0.0352
CUST005371,0.0389
CUST005372,0.0332
CUST005373,0.031
CUST005374,0.0438
CUST005375,0.0375
CUST005376,0.0637
CUST005377,0.0367
CUST005378,0.9952
CUST005379,0.0889
CUST005380,0.0603
CUST005381,0.038
CUST005382,0.995
CUST005383,0.0337
CUST005384,0.0366
CUST005385,0.0275
CUST005386,0.1406
CUST005387,0.0444
CUST005388,0.0492
CUST005389,0.9954
CUST005390,0.9936
CUST005391,0.0788
CUST005392,0.0279
CUST005393,0.0783
CUST005394,0.0435
CUST005395,0.0931
CUST005396,0.0499
CUST005397,0.0741
CUST005398,0.0387
CUST005399,0.1569
CUST005400,0.9964
CUST005401,0.1147
CUST005402,0.0368
CUST005403,0.9971
CUST005404,0.0241
CUST005405,0.0301
CUST005406,0.061
CUST005407,0.0326
CUST005408,0.1593
CUST005409,0.0497
CUST005410,0.0552
CUST005411,0.0278
CUST005412,0.0375
CUST005413,0.0805
CUST005414,0.0319
CUST005415,0.0496
CUST005416,0.0313
CUST005417,0.2084
CUST005418,0.9953
CUST005419,0.0763
CUST005420,0.061
CUST005421,0.0522
CUST005422,0.032
CUST005423,0.994
CUST005424,0.9967
CUST005425,0.1339
CUST005426,0.1311
CUST005427,0.0459
CUST005428,0.0912
CUST005429,0.0453
CUST005430,0.029
CUST005431,0.0537
CUST005432,0.0565
CUST005433,0.0502
CUST005434,0.0152
CUST005435,0.0711
CUST005436,0.0477
CUST005437,0.0548
CUST005438,0.023
CUST005439,0.0941
CUST005440,0.0194
CUST005441,0.0447
CUST005442,0.0445
CUST005443,0.031
CUST005444,0.0442
CUST005445,0.9937
CUST005446,0.041
CUST005447,0.1086
CUST005448,0.0454
CUST005449,0.0179
CUST005450,0.044
CUST005451,0.0813
CUST005452,0.0703
CUST005453,0.0397
CUST005454,0.0472
CUST005455,0.0814
CUST005456,0.067
CUST005457,0.0227
CUST005458,0.996
CUST005459,0.0688
CUST005460,0.0375
CUST005461,0.9948
CUST005462,0.0442
CUST005463,0.0542
CUST005464,0.0411
CUST005465,0.0272
CUST005466,0.0648
CUST005467,0.3484
CUST005468,0.0399
CUST005469,0.0546
CUST005470,0.057
CUST005471,0.0476
CUST005472,0.0272
CUST005473,0.0518
CUST005474,0.0284
CUST005475,0.0845
CUST005476,0.0595
CUST005477,0.0397
CUST005478,0.0976
CUST005479,0.0338
CUST005480,0.0362
CUST005481,0.0408
CUST005482,0.0828
CUST005483,0.9966
CUST005484,0.0482
CUST005485,0.1123
CUST005486,0.0236
CUST005487,0.0815
CUST005488,0.0325
CUST005489,0.062
CUST005490,0.0486
CUST005491,0.0709
CUST005492,0.0299
CUST005493,0.0327
CUST005494,0.019
CUST005495,0.9938
CUST005496,0.0199
CUST005497,0.1015
CUST005498,0.0677
CUST005499,0.03
CUST005500,0.0629
CUST005501,0.035
CUST005502,0.0107
CUST005503,0.0275
CUST005504,0.052
CUST005505,0.0584
CUST005506,0.035
CUST005507,0.0257
CUST005508,0.9957
CUST005509,0.995
CUST005510,0.0476
CUST005511,0.0271
CUST005512,0.0739
CUST005513,0.0492
CUST005514,0.0267
CUST005515,0.0412
CUST005516,0.0459
CUST005517,0.0321
CUST005518,0.0307
CUST005519,0.0444
CUST005520,0.0467
CUST005521,0.0232
CUST005522,0.082
CUST005523,0.0311
CUST005524,0.0459
CUST005525,0.0409
CUST005526,0.9945
CUST005527,0.0354
CUST005528,0.0583
CUST005529,0.0312
CUST005530,0.1627
CUST005531,0.2256
CUST005532,0.0345
CUST005533,0.0426
CUST005534,0.0461
CUST005535,0.0626
CUST005536,0.0492
CUST005537,0.0496
CUST005538,0.9939
CUST005539,0.0653
CUST005540,0.0522
CUST005541,0.0326
CUST005542,0.0558
CUST005543,0.0215
CUST005544,0.995
CUST005545,0.0281
CUST005546,0.0251
CUST005547,0.1405
CUST005548,0.0609
CUST005549,0.0283
CUST005550,0.0354
CUST005551,0.0433
CUST005552,0.0352
CUST005553,0.9948
CUST005554,0.9934
CUST005555,0.0705
CUST005556,0.9963
CUST005557,0.997
CUST005558,0.1268
CUST005559,0.0339
CUST005560,0.0555
CUST005561,0.994
CUST005562,0.0299
CUST005563,0.0831
CUST005564,0.1037
CUST005565,0.2454
CUST005566,0.0453
CUST005567,0.0564
CUST005568,0.0988
CUST005569,0.0596
CUST005570,0.9963
CUST005571,0.9944
CUST005572,0.0343
CUST005573,0.0678
CUST005574,0.0472
CUST005575,0.0586
CUST005576,0.0497
CUST005577,0.0602
CUST005578,0.1533
CUST005579,0.0485
CUST005580,0.0182
CUST005581,0.1227
CUST005582,0.0561
CUST005583,0.0775
CUST005584,0.9955
CUST005585,0.9941
CUST005586,0.0827
CUST005587,0.0356
CUST005588,0.0486
CUST005589,0.0427
CUST005590,0.1097
CUST005591,0.026
CUST005592,0.0584
CUST005593,0.0464
CUST005594,0.0529
CUST005595,0.995
CUST005596,0.0316
CUST005597,0.0441
CUST005598,0.0513
CUST005599,0.1045
CUST005600,0.0121
CUST005601,0.0685
CUST005602,0.0469
CUST005603,0.052
CUST005604,0.0226
CUST005605,0.9946
CUST005606,0.0338
CUST005607,0.052
CUST005608,0.9965
CUST005609,0.041
CUST005610,0.045
CUST005611,0.0513
CUST005612,0.0774
CUST005613,0.0469
CUST005614,0.0566
CUST005615,0.1817
CUST005616,0.123
CUST005617,0.1199
CUST005618,0.0489
CUST005619,0.0392
CUST005620,0.0274
CUST005621,0.0592
CUST005622,0.0335
CUST005623,0.0323
CUST005624,0.995
CUST005625,0.9926
CUST005626,0.0336
CUST005627,0.035
CUST005628,0.0487
CUST005629,0.0705
CUST005630,0.0528
CUST005631,0.0271
CUST005632,0.0896
CUST005633,0.0314
CUST005634,0.1742
CUST005635,0.1012
CUST005636,0.04
CUST005637,0.0277
CUST005638,0.0303
CUST005639,0.0351
CUST005640,0.9969
CUST005641,0.0737
CUST005642,0.0764
CUST005643,0.0389
CUST005644,0.1342
CUST005645,0.0233
CUST005646,0.139
CUST005647,0.0331
CUST005648,0.9971
CUST005649,0.1276
CUST005650,0.1809
CUST005651,0.0663
CUST005652,0.053
CUST005653,0.0514
CUST005654,0.0346
CUST005655,0.087
CUST005656,0.0433
CUST005657,0.024
CUST005658,0.0616
CUST005659,0.1318
CUST005660,0.2286
CUST005661,0.0505
CUST005662,0.0705
CUST005663,0.05
CUST005664,0.0835
CUST005665,0.092
CUST005666,0.0537
CUST005667,0.062
CUST005668,0.0651
CUST005669,0.061
CUST005670,0.31
CUST005671,0.0841
CUST005672,0.1942
CUST005673,0.0403
CUST005674,0.0356
CUST005675,0.0265
CUST005676,0.0427
CUST005677,0.0274
CUST005678,0.0142
CUST005679,0.0497
CUST005680,0.0379
CUST005681,0.0151
CUST005682,0.0387
CUST005683,0.2665
CUST005684,0.0541
CUST005685,0.0466
CUST005686,0.0418
CUST005687,0.0414
CUST005688,0.0508
CUST005689,0.091
CUST005690,0.044
CUST005691,0.0439
CUST005692,0.0346
CUST005693,0.0349
CUST005694,0.1173
CUST005695,0.0431
CUST005696,0.0293
CUST005697,0.2879
CUST005698,0.0411
CUST005699,0.1007
CUST005700,0.0478
CUST005701,0.039
CUST005702,0.0306
CUST005703,0.9958
CUST005704,0.054
CUST005705,0.9959
CUST005706,0.0336
CUST005707,0.0364
CUST005708,0.0374
CUST005709,0.0163
CUST005710,0.0386
CUST005711,0.0489
CUST005712,0.12
CUST005713,0.0634
CUST005714,0.9941
CUST005715,0.058
CUST005716,0.0803
CUST005717,0.0357
CUST005718,0.0728
CUST005719,0.0918
CUST005720,0.0471
CUST005721,0.0675
CUST005722,0.0465
CUST005723,0.0364
CUST005724,0.0438
CUST005725,0.0798
CUST005726,0.0469
CUST005727,0.0345
CUST005728,0.0872
CUST005729,0.0782
CUST005730,0.0341
CUST005731,0.0279
CUST005732,0.0478
CUST005733,0.0676
CUST005734,0.0325
CUST005735,0.0778
CUST005736,0.0331
CUST005737,0.0565
CUST005738,0.048
CUST005739,0.9958
CUST005740,0.0933
CUST005741,0.0437
CUST005742,0.029
CUST005743,0.0432
CUST005744,0.0268
CUST005745,0.0877
CUST005746,0.0802
CUST005747,0.0374
CUST005748,0.052
CUST005749,0.042
CUST005750,0.0334
CUST005751,0.9958
CUST005752,0.9953
CUST005753,0.0351
CUST005754,0.0822
CUST005755,0.063
CUST005756,0.1358
CUST005757,0.053
CUST005758,0.1725
CUST005759,0.9949
CUST005760,0.0844
CUST005761,0.0705
CUST005762,0.0452
CUST005763,0.0368
CUST005764,0.0299
CUST005765,0.1039
CUST005766,0.126
CUST005767,0.9927
CUST005768,0.1305
CUST005769,0.1032
CUST005770,0.9933
CUST005771,0.089
CUST005772,0.0445
CUST005773,0.9935
CUST005774,0.0396
CUST005775,0.0363
CUST005776,0.9969
CUST005777,0.0414
CUST005778,0.0138
CUST005779,0.2419
CUST005780,0.1058
CUST005781,0.9969
CUST005782,0.0518
CUST005783,0.0284
CUST005784,0.06
CUST005785,0.0614
CUST005786,0.0502
CUST005787,0.9934
CUST005788,0.0611
CUST005789,0.9959
CUST005790,0.0327
CUST005791,0.0265
CUST005792,0.051
CUST005793,0.0625
CUST005794,0.207
CUST005795,0.0243
CUST005796,0.4434
CUST005797,0.0459
CUST005798,0.0666
CUST005799,0.0639
CUST005800,0.163
CUST005801,0.0688
CUST005802,0.0337
CUST005803,0.0398
CUST005804,0.1313
CUST005805,0.995
CUST005806,0.019
CUST005807,0.1637
CUST005808,0.0812
CUST005809,0.0826
CUST005810,0.0338
CUST005811,0.0445
CUST005812,0.0509
CUST005813,0.993
CUST005814,0.0535
CUST005815,0.0427
CUST005816,0.036
CUST005817,0.1194
CUST005818,0.9966
CUST005819,0.0639
CUST005820,0.0338
CUST005821,0.0439
CUST005822,0.0266
CUST005823,0.1182
CUST005824,0.0551
CUST005825,0.0363
CUST005826,0.0643
CUST005827,0.0437
CUST005828,0.0301
CUST005829,0.0773
CUST005830,0.9953
CUST005831,0.052
CUST005832,0.0225
CUST005833,0.9943
CUST005834,0.0765
CUST005835,0.9951
CUST005836,0.0297
CUST005837,0.0467
CUST005838,0.0688
CUST005839,0.0762
CUST005840,0.1393
CUST005841,0.9971
CUST005842,0.0353
CUST005843,0.9934
CUST005844,0.0529
CUST005845,0.1336
CUST005846,0.9945
CUST005847,0.1065
CUST005848,0.0342
CUST005849,0.0473
CUST005850,0.0427
CUST005851,0.0618
CUST005852,0.054
CUST005853,0.0564
CUST005854,0.0961
CUST005855,0.0289
CUST005856,0.0567
CUST005857,0.0253
CUST005858,0.0305
CUST005859,0.0445
CUST005860,0.0415
CUST005861,0.0388
CUST005862,0.025
CUST005863,0.1602
CUST005864,0.0617
CUST005865,0.1646
CUST005866,0.0438
CUST005867,0.996
CUST005868,0.0425
CUST005869,0.0393
CUST005870,0.9948
CUST005871,0.0366
CUST005872,0.0475
CUST005873,0.0169
CUST005874,0.063
CUST005875,0.0242
CUST005876,0.0346
CUST005877,0.048
CUST005878,0.0331
CUST005879,0.0359
CUST005880,0.0268
CUST005881,0.1442
CUST005882,0.9985
CUST005883,0.0523
CUST005884,0.063
CUST005885,0.0289
CUST005886,0.9956
CUST005887,0.0282
CUST005888,0.0368
CUST005889,0.0512
CUST005890,0.0507
CUST005891,0.0364
CUST005892,0.0963
CUST005893,0.043
CUST005894,0.9971
CUST005895,0.031
CUST005896,0.04
CUST005897,0.0537
CUST005898,0.0618
CUST005899,0.0366
CUST005900,0.0564
CUST005901,0.9955
CUST005902,0.2101
CUST005903,0.0584
CUST005904,0.0433
CUST005905,0.0651
CUST005906,0.0215
CUST005907,0.0397
CUST005908,0.0434
CUST005909,0.0727
CUST005910,0.0643
CUST005911,0.0409
CUST005912,0.0359
CUST005913,0.9976
CUST005914,0.0327
CUST005915,0.0682
CUST005916,0.066
CUST005917,0.0143
CUST005918,0.0366
CUST005919,0.0483
CUST005920,0.9954
CUST005921,0.052
CUST005922,0.0305
CUST005923,0.0313
CUST005924,0.0328
CUST005925,0.0408
CUST005926,0.0449
CUST005927,0.0512
CUST005928,0.0821
CUST005929,0.0407
CUST005930,0.0988
CUST005931,0.0473
CUST005932,0.1082
CUST005933,0.995
CUST005934,0.0368
CUST005935,0.018
CUST005936,0.047
CUST005937,0.0611
CUST005938,0.0835
CUST005939,0.0665
CUST005940,0.0321
CUST005941,0.1701
CUST005942,0.9928
CUST005943,0.0187
CUST005944,0.997
CUST005945,0.0854
CUST005946,0.9965
CUST005947,0.0392
CUST005948,0.0564
CUST005949,0.1157
CUST005950,0.0182
CUST005951,0.1711
CUST005952,0.0584
CUST005953,0.9934
CUST005954,0.0491
CUST005955,0.0275
CUST005956,0.0453
CUST005957,0.093
CUST005958,0.0327
CUST005959,0.9929
CUST005960,0.0439
CUST005961,0.0486
CUST005962,0.996
CUST005963,0.0601
CUST005964,0.0352
CUST005965,0.0355
CUST005966,0.0319
CUST005967,0.0838
CUST005968,0.0416
CUST005969,0.0336
CUST005970,0.043
CUST005971,0.0469
CUST005972,0.0344
CUST005973,0.9946
CUST005974,0.0856
CUST005975,0.0525
CUST005976,0.0444
CUST005977,0.9921
CUST005978,0.0484
CUST005979,0.0259
CUST005980,0.0376
CUST005981,0.0833
CUST005982,0.0596
CUST005983,0.9946
CUST005984,0.0376
CUST005985,0.0357
CUST005986,0.0419
CUST005987,0.079
CUST005988,0.0243
CUST005989,0.07
CUST005990,0.0554
CUST005991,0.0453
CUST005992,0.0431
CUST005993,0.0566
CUST005994,0.0806
CUST005995,0.0532
CUST005996,0.997
CUST005997,0.0366
CUST005998,0.0443
CUST005999,0.0469
CUST006000,0.0653
CUST006001,0.9934
CUST006002,0.0362
CUST006003,0.9959
CUST006004,0.0458
CUST006005,0.0486
CUST006006,0.1292
CUST006007,0.0309
CUST006008,0.9933
CUST006009,0.0407
CUST006010,0.0126
CUST006011,0.1115
CUST006012,0.0335
CUST006013,0.0448
CUST006014,0.0483
CUST006015,0.028
CUST006016,0.9956
CUST006017,0.0346
CUST006018,0.0395
CUST006019,0.0504
CUST006020,0.0403
CUST006021,0.0345
CUST006022,0.9963
CUST006023,0.0339
CUST006024,0.0525
CUST006025,0.0436
CUST006026,0.1134
CUST006027,0.039
CUST006028,0.0657
CUST006029,0.03
CUST006030,0.0519
CUST006031,0.9904
CUST006032,0.0349
CUST006033,0.0368
CUST006034,0.0536
CUST006035,0.0301
CUST006036,0.0494
CUST006037,0.0398
CUST006038,0.9935
CUST006039,0.0297
CUST006040,0.0232
CUST006041,0.9944
CUST006042,0.0311
CUST006043,0.0389
CUST006044,0.039
CUST006045,0.0522
CUST006046,0.0577
CUST006047,0.0501
CUST006048,0.9922
CUST006049,0.0309
CUST006050,0.0387
CUST006051,0.1368
CUST006052,0.0173
CUST006053,0.0249
CUST006054,0.0635
CUST006055,0.0368
CUST006056,0.0261
CUST006057,0.0298
CUST006058,0.131
CUST006059,0.0859
CUST006060,0.0538
CUST006061,0.0284
CUST006062,0.0245
CUST006063,0.0948
CUST006064,0.0492
CUST006065,0.049
CUST006066,0.0325
CUST006067,0.9949
CUST006068,0.0625
CUST006069,0.0413
CUST006070,0.0338
CUST006071,0.0491
CUST006072,0.2681
CUST006073,0.0263
CUST006074,0.0465
CUST006075,0.9935
CUST006076,0.0467
CUST006077,0.0251
CUST006078,0.0571
CUST006079,0.2549
CUST006080,0.0414
CUST006081,0.0342
CUST006082,0.9945
CUST006083,0.1252
CUST006084,0.0361
CUST006085,0.0555
CUST006086,0.0572
CUST006087,0.0358
CUST006088,0.061
CUST006089,0.058
CUST006090,0.9973
CUST006091,0.065
CUST006092,0.997
CUST006093,0.0547
CUST006094,0.0541
CUST006095,0.9939
CUST006096,0.0323
CUST006097,0.0298
CUST006098,0.0653
CUST006099,0.041
CUST006100,0.0297
CUST006101,0.0414
CUST006102,0.0764
CUST006103,0.996
CUST006104,0.086
CUST006105,0.0958
CUST006106,0.029
CUST006107,0.0596
CUST006108,0.1524
CUST006109,0.0425
CUST006110,0.9959
CUST006111,0.9963
CUST006112,0.046
CUST006113,0.0364
CUST006114,0.9968
CUST006115,0.0419
CUST006116,0.0303
CUST006117,0.0307
CUST006118,0.0285
CUST006119,0.0491
CUST006120,0.0317
CUST006121,0.0424
CUST006122,0.0688
CUST006123,0.3737
CUST006124,0.0553
CUST006125,0.0636
CUST006126,0.0475
CUST006127,0.0572
CUST006128,0.025
CUST006129,0.034
CUST006130,0.0161
CUST006131,0.0759
CUST006132,0.0698
CUST006133,0.9965
CUST006134,0.0277
CUST006135,0.9947
CUST006136,0.0262
CUST006137,0.0367
CUST006138,0.0178
CUST006139,0.9943
CUST006140,0.1557
CUST006141,0.9954
CUST006142,0.0326
CUST006143,0.0488
CUST006144,0.0421
CUST006145,0.0427
CUST006146,0.094
CUST006147,0.997
CUST006148,0.0426
CUST006149,0.0295
CUST006150,0.0457
CUST006151,0.0321
CUST006152,0.0754
CUST006153,0.04
CUST006154,0.023
CUST006155,0.0429
CUST006156,0.043
CUST006157,0.1097
CUST006158,0.0202
CUST006159,0.0684
CUST006160,0.0426
CUST006161,0.0351
CUST006162,0.0206
CUST006163,0.0411
CUST006164,0.0966
CUST006165,0.0317
CUST006166,0.0178
CUST006167,0.0587
CUST006168,0.0599
CUST006169,0.0945
CUST006170,0.0127
CUST006171,0.9939
CUST006172,0.9928
CUST006173,0.0955
CUST006174,0.0292
CUST006175,0.3648
CUST006176,0.0385
CUST006177,0.0394
CUST006178,0.0304
CUST006179,0.1123
CUST006180,0.0289
CUST006181,0.0437
CUST006182,0.0713
CUST006183,0.0439
CUST006184,0.0313
CUST006185,0.9979
CUST006186,0.0265
CUST006187,0.0627
CUST006188,0.0565
CUST006189,0.0212
CUST006190,0.0307
CUST006191,0.0567
CUST006192,0.0103
CUST006193,0.0433
CUST006194,0.9967
CUST006195,0.9981
CUST006196,0.0294
CUST006197,0.0219
CUST006198,0.0363
CUST006199,0.0534
CUST006200,0.0275
CUST006201,0.087
CUST006202,0.0436
CUST006203,0.0484
CUST006204,0.9948
CUST006205,0.0748
CUST006206,0.039
CUST006207,0.0583
CUST006208,0.0376
CUST006209,0.05
CUST006210,0.0685
CUST006211,0.0544
CUST006212,0.0965
CUST006213,0.0265
CUST006214,0.0322
CUST006215,0.044
CUST006216,0.9951
CUST006217,0.0379
CUST006218,0.0264
CUST006219,0.0592
CUST006220,0.048
CUST006221,0.0278
CUST006222,0.0337
CUST006223,0.9945
CUST006224,0.0503
CUST006225,0.2029
CUST006226,0.0497
CUST006227,0.0563
CUST006228,0.1582
CUST006229,0.0534
CUST006230,0.0409
CUST006231,0.1075
CUST006232,0.0392
CUST006233,0.0479
CUST006234,0.0449
CUST006235,0.9965
CUST006236,0.0442
CUST006237,0.0411
CUST006238,0.0374
CUST006239,0.0812
CUST006240,0.0554
CUST006241,0.9928
CUST006242,0.0691
CUST006243,0.0922
CUST006244,0.9954
CUST006245,0.0531
CUST006246,0.1063
CUST006247,0.0352
CUST006248,0.0384
CUST006249,0.0326
CUST006250,0.1081
CUST006251,0.1368
CUST006252,0.0874
CUST006253,0.0575
CUST006254,0.0214
CUST006255,0.0232
CUST006256,0.0275
CUST006257,0.044
CUST006258,0.0349
CUST006259,0.1864
CUST006260,0.0434
CUST006261,0.0321
CUST006262,0.5051
CUST006263,0.0426
CUST006264,0.0446
CUST006265,0.074
CUST006266,0.9954
CUST006267,0.058
CUST006268,0.0276
CUST006269,0.9954
CUST006270,0.0648
CUST006271,0.0317
CUST006272,0.1728
CUST006273,0.0364
CUST006274,0.046
CUST006275,0.0894
CUST006276,0.9942
CUST006277,0.0337
CUST006278,0.0334
CUST006279,0.0156
CUST006280,0.0365
CUST006281,0.0384
CUST006282,0.0336
CUST006283,0.0473
CUST006284,0.0341
CUST006285,0.0591
CUST006286,0.051
CUST006287,0.0239
CUST006288,0.0309
CUST006289,0.0389
CUST006290,0.0429
CUST006291,0.1077
CUST006292,0.1811
CUST006293,0.1058
CUST006294,0.0665
CUST006295,0.0288
CUST006296,0.1378
CUST006297,0.0519
CUST006298,0.1072
CUST006299,0.0265
CUST006300,0.0459
CUST006301,0.9952
CUST006302,0.0373
CUST006303,0.0342
CUST006304,0.9971
CUST006305,0.9941
CUST006306,0.0471
CUST006307,0.0292
CUST006308,0.0303
CUST006309,0.0258
CUST006310,0.1031
CUST006311,0.0698
CUST006312,0.0331
CUST006313,0.1345
CUST006314,0.1169
CUST006315,0.0789
CUST006316,0.0289
CUST006317,0.0195
CUST006318,0.0835
CUST006319,0.1222
CUST006320,0.056
CUST006321,0.0391
CUST006322,0.0412
CUST006323,0.0414
CUST006324,0.0354
CUST006325,0.1326
CUST006326,0.9974
CUST006327,0.0331
CUST006328,0.1303
CUST006329,0.1344
CUST006330,0.1382
CUST006331,0.9963
CUST006332,0.0247
CUST006333,0.0283
CUST006334,0.0513
CUST006335,0.0429
CUST006336,0.0506
CUST006337,0.0353
CUST006338,0.0336
CUST006339,0.0283
CUST006340,0.0565
CUST006341,0.0479
CUST006342,0.1118
CUST006343,0.0391
CUST006344,0.0363
CUST006345,0.035
CUST006346,0.0823
CUST006347,0.0697
CUST006348,0.0414
CUST006349,0.0663
CUST006350,0.0236
CUST006351,0.0512
CUST006352,0.069
CUST006353,0.0663
CUST006354,0.0807
CUST006355,0.0326
CUST006356,0.9955
CUST006357,0.9949
CUST006358,0.0372
CUST006359,0.0533
CUST006360,0.0421
CUST006361,0.0297
CUST006362,0.0346
CUST006363,0.0394
CUST006364,0.0401
CUST006365,0.0382
CUST006366,0.042
CUST006367,0.1179
CUST006368,0.0483
CUST006369,0.0422
CUST006370,0.0605
CUST006371,0.9928
CUST006372,0.9964
CUST006373,0.9954
CUST006374,0.0212
CUST006375,0.0527
CUST006376,0.1003
CUST006377,0.0384
CUST006378,0.0905
CUST006379,0.0432
CUST006380,0.0486
CUST006381,0.062
CUST006382,0.0334
CUST006383,0.0356
CUST006384,0.0683
CUST006385,0.1077
CUST006386,0.0982
CUST006387,0.1062
CUST006388,0.2353
CUST006389,0.0634
CUST006390,0.0215
CUST006391,0.0563
CUST006392,0.0331
CUST006393,0.0271
CUST006394,0.0368
CUST006395,0.9926
CUST006396,0.0529
CUST006397,0.0235
CUST006398,0.0754
CUST006399,0.0318
CUST006400,0.05
CUST006401,0.0571
CUST006402,0.0573
CUST006403,0.995
CUST006404,0.0314
CUST006405,0.9933
CUST006406,0.0306
CUST006407,0.0882
CUST006408,0.0229
CUST006409,0.057
CUST006410,0.1362
CUST006411,0.0575
CUST006412,0.0521
CUST006413,0.051
CUST006414,0.0579
CUST006415,0.0346
CUST006416,0.0781
CUST006417,0.0457
CUST006418,0.0356
CUST006419,0.0754
CUST006420,0.027
CUST006421,0.9939
CUST006422,0.031
CUST006423,0.0482
CUST006424,0.9969
CUST006425,0.0452
CUST006426,0.0266
CUST006427,0.0189
CUST006428,0.0359
CUST006429,0.0368
CUST006430,0.0347
CUST006431,0.9961
CUST006432,0.0408
CUST006433,0.0247
CUST006434,0.9931
CUST006435,0.0735
CUST006436,0.1149
CUST006437,0.0258
CUST006438,0.0698
CUST006439,0.0381
CUST006440,0.0636
CUST006441,0.9938
CUST006442,0.9963
CUST006443,0.1672
CUST006444,0.0539
CUST006445,0.0345
CUST006446,0.138
CUST006447,0.0419
CUST006448,0.0277
CUST006449,0.0611
CUST006450,0.0438
CUST006451,0.132
CUST006452,0.9963
CUST006453,0.9961
CUST006454,0.0182
CUST006455,0.9956
CUST006456,0.1001
CUST006457,0.0678
CUST006458,0.0467
CUST006459,0.0529
CUST006460,0.9968
CUST006461,0.0482
CUST006462,0.0848
CUST006463,0.045
CUST006464,0.0517
CUST006465,0.0346
CUST006466,0.992
CUST006467,0.048
CUST006468,0.0287
CUST006469,0.9946
CUST006470,0.0782
CUST006471,0.0457
CUST006472,0.0329
CUST006473,0.0203
CUST006474,0.9913
CUST006475,0.0549
CUST006476,0.9953
CUST006477,0.0322
CUST006478,0.042
CUST006479,0.051
CUST006480,0.0231
CUST006481,0.0645
CUST006482,0.0447
CUST006483,0.9965
CUST006484,0.0513
CUST006485,0.0421
CUST006486,0.0389
CUST006487,0.0298
CUST006488,0.0367
CUST006489,0.0791
CUST006490,0.0594
CUST006491,0.0687
CUST006492,0.9963
CUST006493,0.9943
CUST006494,0.0407
CUST006495,0.0262
CUST006496,0.0348
CUST006497,0.0523
CUST006498,0.9955
CUST006499,0.0424
CUST006500,0.0643
CUST006501,0.0847
CUST006502,0.0317
CUST006503,0.0494
CUST006504,0.0432
CUST006505,0.0452
CUST006506,0.9935
CUST006507,0.4107
CUST006508,0.0429
CUST006509,0.0521
CUST006510,0.0559
CUST006511,0.1045
CUST006512,0.0308
CUST006513,0.0513
CUST006514,0.0873
CUST006515,0.094
CUST006516,0.0254
CUST006517,0.2491
CUST006518,0.0262
CUST006519,0.0364
CUST006520,0.0258
CUST006521,0.0278
CUST006522,0.0875
CUST006523,0.0287
CUST006524,0.1296
CUST006525,0.0453
CUST006526,0.0382
CUST006527,0.0264
CUST006528,0.0826
CUST006529,0.0685
CUST006530,0.0402
CUST006531,0.0205
CUST006532,0.0883
CUST006533,0.1969
CUST006534,0.0836
CUST006535,0.084
CUST006536,0.9932
CUST006537,0.0556
CUST006538,0.0401
CUST006539,0.1613
CUST006540,0.9954
CUST006541,0.0295
CUST006542,0.0306
CUST006543,0.0682
CUST006544,0.0724
CUST006545,0.1043
CUST006546,0.1009
CUST006547,0.0256
CUST006548,0.0337
CUST006549,0.9922
CUST006550,0.0273
CUST006551,0.0399
CUST006552,0.9964
CUST006553,0.0401
CUST006554,0.0473
CUST006555,0.0352
CUST006556,0.0485
CUST006557,0.0261
CUST006558,0.9981
CUST006559,0.0375
CUST006560,0.0369
CUST006561,0.0578
CUST006562,0.0568
CUST006563,0.9934
CUST006564,0.0369
CUST006565,0.0595
CUST006566,0.0414
CUST006567,0.0627
CUST006568,0.0605
CUST006569,0.0391
CUST006570,0.0739
CUST006571,0.0886
CUST006572,0.0296
CUST006573,0.0225
CUST006574,0.13
CUST006575,0.0178
CUST006576,0.0644
CUST006577,0.028
CUST006578,0.1801
CUST006579,0.0562
CUST006580,0.9936
CUST006581,0.0768
CUST006582,0.0434
CUST006583,0.0773
CUST006584,0.1732
CUST006585,0.994
CUST006586,0.0549
CUST006587,0.0525
CUST006588,0.045
CUST006589,0.0348
CUST006590,0.0212
CUST006591,0.9954
CUST006592,0.9939
CUST006593,0.0683
CUST006594,0.9939
CUST006595,0.9975
CUST006596,0.0458
CUST006597,0.0419
CUST006598,0.9928
CUST006599,0.0372
CUST006600,0.0362
CUST006601,0.0656
CUST006602,0.0599
CUST006603,0.047
CUST006604,0.018
CUST006605,0.1175
CUST006606,0.0937
CUST006607,0.019
CUST006608,0.0889
CUST006609,0.0426
CUST006610,0.0538
CUST006611,0.0398
CUST006612,0.0591
CUST006613,0.0395
CUST006614,0.9947
CUST006615,0.0769
CUST006616,0.9965
CUST006617,0.1353
CUST006618,0.9961
CUST006619,0.0409
CUST006620,0.0421
CUST006621,0.995
CUST006622,0.9962
CUST006623,0.0828
CUST006624,0.0562
CUST006625,0.0371
CUST006626,0.0472
CUST006627,0.0304
CUST006628,0.0961
CUST006629,0.0555
CUST006630,0.045
CUST006631,0.0464
CUST006632,0.994
CUST006633,0.0374
CUST006634,0.0321
CUST006635,0.0441
CUST006636,0.0387
CUST006637,0.086
CUST006638,0.9979
CUST006639,0.0268
CUST006640,0.1002
CUST006641,0.1045
CUST006642,0.0425
CUST006643,0.0461
CUST006644,0.9959
CUST006645,0.0632
CUST006646,0.0421
CUST006647,0.0321
CUST006648,0.9954
CUST006649,0.0441
CUST006650,0.076
CUST006651,0.1224
CUST006652,0.0355
CUST006653,0.1419
CUST006654,0.0793
CUST006655,0.0356
CUST006656,0.0524
CUST006657,0.9936
CUST006658,0.0405
CUST006659,0.0443
CUST006660,0.0445
CUST006661,0.1221
CUST006662,0.0415
CUST006663,0.0453
CUST006664,0.0591
CUST006665,0.0321
CUST006666,0.0424
CUST006667,0.0218
CUST006668,0.051
CUST006669,0.0579
CUST006670,0.9947
CUST006671,0.0419
CUST006672,0.0398
CUST006673,0.0626
CUST006674,0.0211
CUST006675,0.035
CUST006676,0.9935
CUST006677,0.0603
CUST006678,0.0943
CUST006679,0.0403
CUST006680,0.1748
CUST006681,0.0169
CUST006682,0.0371
CUST006683,0.0747
CUST006684,0.9952
CUST006685,0.0612
CUST006686,0.0256
CUST006687,0.0464
CUST006688,0.0438
CUST006689,0.0506
CUST006690,0.0432
CUST006691,0.0288
CUST006692,0.0374
CUST006693,0.0153
CUST006694,0.0298
CUST006695,0.0462
CUST006696,0.0319
CUST006697,0.994
CUST006698,0.9972
CUST006699,0.0301
CUST006700,0.0129
CUST006701,0.0541
CUST006702,0.0822
CUST006703,0.0811
CUST006704,0.0375
CUST006705,0.0178
CUST006706,0.17
CUST006707,0.0203
CUST006708,0.0533
CUST006709,0.0707
CUST006710,0.0471
CUST006711,0.1241
CUST006712,0.0347
CUST006713,0.0234
CUST006714,0.0182
CUST006715,0.0406
CUST006716,0.0574
CUST006717,0.0409
CUST006718,0.0361
CUST006719,0.037
CUST006720,0.1389
CUST006721,0.068
CUST006722,0.0522
CUST006723,0.0616
CUST006724,0.0329
CUST006725,0.0455
CUST006726,0.0588
CUST006727,0.0287
CUST006728,0.0293
CUST006729,0.041
CUST006730,0.9933
CUST006731,0.0141
CUST006732,0.0392
CUST006733,0.1397
CUST006734,0.0267
CUST006735,0.0441
CUST006736,0.0551
CUST006737,0.0384
CUST006738,0.0491
CUST006739,0.0433
CUST006740,0.0268
CUST006741,0.1808
CUST006742,0.1351
CUST006743,0.0358
CUST006744,0.0369
CUST006745,0.0481
CUST006746,0.0407
CUST006747,0.0371
CUST006748,0.1995
CUST006749,0.0383
CUST006750,0.0473
CUST006751,0.1136
CUST006752,0.9931
CUST006753,0.1833
CUST006754,0.11
CUST006755,0.995
CUST006756,0.0314
CUST006757,0.9965
CUST006758,0.0211
CUST006759,0.0332
CUST006760,0.028
CUST006761,0.9964
CUST006762,0.033
CUST006763,0.0353
CUST006764,0.071
CUST006765,0.0477
CUST006766,0.0848
CUST006767,0.0775
CUST006768,0.0437
CUST006769,0.9962
CUST006770,0.046
CUST006771,0.9957
CUST006772,0.0282
CUST006773,0.0858
CUST006774,0.0321
CUST006775,0.102
CUST006776,0.0519
CUST006777,0.104
CUST006778,0.996
CUST006779,0.0902
CUST006780,0.0345
CUST006781,0.072
CUST006782,0.0129
CUST006783,0.0795
CUST006784,0.0528
CUST006785,0.022
CUST006786,0.0346
CUST006787,0.0638
CUST006788,0.0323
CUST006789,0.0381
CUST006790,0.0426
CUST006791,0.0339
CUST006792,0.0333
CUST006793,0.1127
CUST006794,0.9958
CUST006795,0.9947
CUST006796,0.0708
CUST006797,0.0301
CUST006798,0.0655
CUST006799,0.0635
CUST006800,0.097
CUST006801,0.1002
CUST006802,0.0777
CUST006803,0.0811
CUST006804,0.0786
CUST006805,0.034
CUST006806,0.122
CUST006807,0.071
CUST006808,0.0962
CUST006809,0.033
CUST006810,0.0424
CUST006811,0.0632
CUST006812,0.0439
CUST006813,0.0583
CUST006814,0.0202
CUST006815,0.032
CUST006816,0.0729
CUST006817,0.0491
CUST006818,0.0695
CUST006819,0.1328
CUST006820,0.045
CUST006821,0.2112
CUST006822,0.0476
CUST006823,0.0438
CUST006824,0.9906
CUST006825,0.9949
CUST006826,0.018
CUST006827,0.0723
CUST006828,0.0512
CUST006829,0.0341
CUST006830,0.0325
CUST006831,0.0582
CUST006832,0.0186
CUST006833,0.0513
CUST006834,0.0454
CUST006835,0.05
CUST006836,0.022
CUST006837,0.0318
CUST006838,0.0906
CUST006839,0.0468
CUST006840,0.0627
CUST006841,0.0377
CUST006842,0.0973
CUST006843,0.4326
CUST006844,0.0391
CUST006845,0.0301
CUST006846,0.145
CUST006847,0.061
CUST006848,0.0364
CUST006849,0.0431
CUST006850,0.1162
CUST006851,0.0593
CUST006852,0.0452
CUST006853,0.0427
CUST006854,0.0529
CUST006855,0.9938
CUST006856,0.03
CUST006857,0.0373
CUST006858,0.0218
CUST006859,0.0364
CUST006860,0.9954
CUST006861,0.0835
CUST006862,0.0498
CUST006863,0.0403
CUST006864,0.0319
CUST006865,0.027
CUST006866,0.037
CUST006867,0.041
CUST006868,0.0622
CUST006869,0.0426
CUST006870,0.0412
CUST006871,0.0413
CUST006872,0.0657
CUST006873,0.0798
CUST006874,0.066
CUST006875,0.0716
CUST006876,0.1293
CUST006877,0.0499
CUST006878,0.0734
CUST006879,0.1042
CUST006880,0.042
CUST006881,0.0481
CUST006882,0.066
CUST006883,0.0407
CUST006884,0.0578
CUST006885,0.1485
CUST006886,0.0652
CUST006887,0.0504
CUST006888,0.0174
CUST006889,0.0407
CUST006890,0.0465
CUST006891,0.0931
CUST006892,0.2782
CUST006893,0.0528
CUST006894,0.0736
CUST006895,0.1111
CUST006896,0.0775
CUST006897,0.9928
CUST006898,0.0257
CUST006899,0.0336
CUST006900,0.0327
CUST006901,0.0166
CUST006902,0.0208
CUST006903,0.0465
CUST006904,0.0965
CUST006905,0.0748
CUST006906,0.0303
CUST006907,0.0343
CUST006908,0.1079
CUST006909,0.0556
CUST006910,0.0352
CUST006911,0.0322
CUST006912,0.0943
CUST006913,0.0288
CUST006914,0.0322
CUST006915,0.0669
CUST006916,0.0471
CUST006917,0.0625
CUST006918,0.0163
CUST006919,0.0617
CUST006920,0.0483
CUST006921,0.0459
CUST006922,0.994
CUST006923,0.0598
CUST006924,0.0289
CUST006925,0.1235
CUST006926,0.049
CUST006927,0.023
CUST006928,0.1175
CUST006929,0.0839
CUST006930,0.0266
CUST006931,0.0219
CUST006932,0.0216
CUST006933,0.9949
CUST006934,0.0597
CUST006935,0.0468
CUST006936,0.0529
CUST006937,0.0758
CUST006938,0.075
CUST006939,0.0667
CUST006940,0.0339
CUST006941,0.0317
CUST006942,0.0847
CUST006943,0.0439
CUST006944,0.0241
CUST006945,0.0349
CUST006946,0.0593
CUST006947,0.0435
CUST006948,0.191
CUST006949,0.0443
CUST006950,0.066
CUST006951,0.0508
CUST006952,0.0662
CUST006953,0.0329
CUST006954,0.0763
CUST006955,0.1652
CUST006956,0.0346
CUST006957,0.0682
CUST006958,0.0377
CUST006959,0.0876
CUST006960,0.1091
CUST006961,0.0479
CUST006962,0.994
CUST006963,0.0818
CUST006964,0.0429
CUST006965,0.9963
CUST006966,0.0215
CUST006967,0.0362
CUST006968,0.0647
CUST006969,0.9955
CUST006970,0.0327
CUST006971,0.0705
CUST006972,0.9936
CUST006973,0.0457
CUST006974,0.0566
CUST006975,0.0743
CUST006976,0.035
CUST006977,0.0385
CUST006978,0.9943
CUST006979,0.0466
CUST006980,0.0244
CUST006981,0.9947
CUST006982,0.0488
CUST006983,0.0324
CUST006984,0.0436
CUST006985,0.076
CUST006986,0.9938
CUST006987,0.1771
CUST006988,0.1243
CUST006989,0.0569
CUST006990,0.0497
CUST006991,0.0314
CUST006992,0.2704
CUST006993,0.0366
CUST006994,0.9949
CUST006995,0.0371
CUST006996,0.0282
CUST006997,0.0722
CUST006998,0.0126
CUST006999,0.0436
CUST007000,0.04
CUST007001,0.074
CUST007002,0.044
CUST007003,0.0554
CUST007004,0.0481
CUST007005,0.0391
CUST007006,0.0303
CUST007007,0.0693
CUST007008,0.0281
CUST007009,0.0295
CUST007010,0.0329
CUST007011,0.0198
CUST007012,0.0977
CUST007013,0.994
CUST007014,0.0527
CUST007015,0.0288
CUST007016,0.0805
CUST007017,0.9968
CUST007018,0.105
CUST007019,0.0291
CUST007020,0.0472
CUST007021,0.0513
CUST007022,0.0485
CUST007023,0.0588
CUST007024,0.054
CUST007025,0.9978
CUST007026,0.068
CUST007027,0.0093
CUST007028,0.0476
CUST007029,0.0437
CUST007030,0.0399
CUST007031,0.0475
CUST007032,0.0398
CUST007033,0.0539
CUST007034,0.9959
CUST007035,0.0843
CUST007036,0.0598
CUST007037,0.0666
CUST007038,0.2777
CUST007039,0.0877
CUST007040,0.0971
CUST007041,0.0377
CUST007042,0.0853
CUST007043,0.0481
CUST007044,0.0376
CUST007045,0.0586
CUST007046,0.0245
CUST007047,0.0794
CUST007048,0.0308
CUST007049,0.0349
CUST007050,0.0512
CUST007051,0.0382
CUST007052,0.027
CUST007053,0.0516
CUST007054,0.0325
CUST007055,0.9937
CUST007056,0.0768
CUST007057,0.1383
CUST007058,0.0361
CUST007059,0.0674
CUST007060,0.0375
CUST007061,0.0855
CUST007062,0.0791
CUST007063,0.0842
CUST007064,0.0449
CUST007065,0.0155
CUST007066,0.0619
CUST007067,0.5354
CUST007068,0.0496
CUST007069,0.0303
CUST007070,0.0408
CUST007071,0.9943
CUST007072,0.9932
CUST007073,0.03
CUST007074,0.0279
CUST007075,0.9956
CUST007076,0.9963
CUST007077,0.0487
CUST007078,0.9948
CUST007079,0.0319
CUST007080,0.0458
CUST007081,0.0258
CUST007082,0.996
CUST007083,0.0484
CUST007084,0.0359
CUST007085,0.0586
CUST007086,0.0384
CUST007087,0.9921
CUST007088,0.0972
CUST007089,0.0359
CUST007090,0.0564
CUST007091,0.0458
CUST007092,0.2392
CUST007093,0.0402
CUST007094,0.0308
CUST007095,0.0824
CUST007096,0.0171
CUST007097,0.9939
CUST007098,0.0358
CUST007099,0.0411
CUST007100,0.0456
CUST007101,0.0326
CUST007102,0.144
CUST007103,0.0775
CUST007104,0.9963
CUST007105,0.0312
CUST007106,0.0395
CUST007107,0.9941
CUST007108,0.9961
CUST007109,0.1419
CUST007110,0.0235
CUST007111,0.1734
CUST007112,0.0258
CUST007113,0.0371
CUST007114,0.0837
CUST007115,0.0383
CUST007116,0.0329
CUST007117,0.137
CUST007118,0.0242
CUST007119,0.0415
CUST007120,0.0315
CUST007121,0.0361
CUST007122,0.1486
CUST007123,0.1361
CUST007124,0.0648
CUST007125,0.0433
CUST007126,0.0606
CUST007127,0.0294
CUST007128,0.0666
CUST007129,0.0287
CUST007130,0.0582
CUST007131,0.0787
CUST007132,0.0607
CUST007133,0.0287
CUST007134,0.036
CUST007135,0.0521
CUST007136,0.032
CUST007137,0.0808
CUST007138,0.9961
CUST007139,0.034
CUST007140,0.0564
CUST007141,0.0511
CUST007142,0.0868
CUST007143,0.0316
CUST007144,0.0585
CUST007145,0.041
CUST007146,0.0528
CUST007147,0.0381
CUST007148,0.1087
CUST007149,0.0549
CUST007150,0.0385
CUST007151,0.1009
CUST007152,0.0345
CUST007153,0.0432
CUST007154,0.039
CUST007155,0.9966
CUST007156,0.0615
CUST007157,0.1048
CUST007158,0.0245
CUST007159,0.0422
CUST007160,0.9937
CUST007161,0.0382
CUST007162,0.0503
CUST007163,0.0476
CUST007164,0.0661
CUST007165,0.0595
CUST007166,0.0725
CUST007167,0.0376
CUST007168,0.0827
CUST007169,0.0729
CUST007170,0.1006
CUST007171,0.0348
CUST007172,0.0445
CUST007173,0.054
CUST007174,0.0455
CUST007175,0.0354
CUST007176,0.0482
CUST007177,0.0332
CUST007178,0.0487
CUST007179,0.1203
CUST007180,0.0374
CUST007181,0.0184
CUST007182,0.997
CUST007183,0.0397
CUST007184,0.0531
CUST007185,0.0611
CUST007186,0.065
CUST007187,0.1015
CUST007188,0.041
CUST007189,0.0548
CUST007190,0.0204
CUST007191,0.0272
CUST007192,0.0399
CUST007193,0.0688
CUST007194,0.0409
CUST007195,0.0245
CUST007196,0.0491
CUST007197,0.0349
CUST007198,0.0357
CUST007199,0.0773
CUST007200,0.0701
CUST007201,0.0952
CUST007202,0.0661
CUST007203,0.0308
CUST007204,0.0252
CUST007205,0.1056
CUST007206,0.9926
CUST007207,0.0504
CUST007208,0.0841
CUST007209,0.036
CUST007210,0.04
CUST007211,0.9946
CUST007212,0.0325
CUST007213,0.0633
CUST007214,0.0263
CUST007215,0.1509
CUST007216,0.0579
CUST007217,0.0972
CUST007218,0.152
CUST007219,0.0567
CUST007220,0.03
CUST007221,0.0454
CUST007222,0.0787
CUST007223,0.0583
CUST007224,0.9929
CUST007225,0.0227
CUST007226,0.0369
CUST007227,0.0569
CUST007228,0.2342
CUST007229,0.0501
CUST007230,0.0316
CUST007231,0.9946
CUST007232,0.0295
CUST007233,0.9942
CUST007234,0.0475
CUST007235,0.1146
CUST007236,0.0736
CUST007237,0.1143
CUST007238,0.039
CUST007239,0.0376
CUST007240,0.0961
CUST007241,0.0973
CUST007242,0.038
CUST007243,0.0538
CUST007244,0.9938
CUST007245,0.0793
CUST007246,0.9941
CUST007247,0.0449
CUST007248,0.049
CUST007249,0.0386
CUST007250,0.0353
CUST007251,0.0511
CUST007252,0.993
CUST007253,0.0254
CUST007254,0.0275
CUST007255,0.0377
CUST007256,0.073
CUST007257,0.0313
CUST007258,0.9919
CUST007259,0.9955
CUST007260,0.0386
CUST007261,0.0186
CUST007262,0.9912
CUST007263,0.0358
CUST007264,0.0387
CUST007265,0.0339
CUST007266,0.0304
CUST007267,0.0302
CUST007268,0.0409
CUST007269,0.068
CUST007270,0.0421
CUST007271,0.0326
CUST007272,0.0408
CUST007273,0.1197
CUST007274,0.0197
CUST007275,0.0406
CUST007276,0.0452
CUST007277,0.044
CUST007278,0.0944
CUST007279,0.0424
CUST007280,0.1263
CUST007281,0.0291
CUST007282,0.9921
CUST007283,0.0263
CUST007284,0.0255
CUST007285,0.9973
CUST007286,0.0987
CUST007287,0.0429
CUST007288,0.0327
CUST007289,0.0485
CUST007290,0.0298
CUST007291,0.9947
CUST007292,0.0478
CUST007293,0.0169
CUST007294,0.0318
CUST007295,0.0564
CUST007296,0.0385
CUST007297,0.9942
CUST007298,0.0326
CUST007299,0.1017
CUST007300,0.9958
CUST007301,0.9961
CUST007302,0.0311
CUST007303,0.0612
CUST007304,0.0194
CUST007305,0.0649
CUST007306,0.0256
CUST007307,0.0291
CUST007308,0.1255
CUST007309,0.0416
CUST007310,0.0506
CUST007311,0.0223
CUST007312,0.044
CUST007313,0.0286
CUST007314,0.1535
CUST007315,0.0254
CUST007316,0.0235
CUST007317,0.9936
CUST007318,0.0259
CUST007319,0.0235
CUST007320,0.9955
CUST007321,0.0327
CUST007322,0.0787
CUST007323,0.044
CUST007324,0.0363
CUST007325,0.0361
CUST007326,0.0591
CUST007327,0.0333
CUST007328,0.0775
CUST007329,0.0461
CUST007330,0.03
CUST007331,0.0512
CUST007332,0.9974
CUST007333,0.9954
CUST007334,0.0454
CUST007335,0.0345
CUST007336,0.9971
CUST007337,0.1066
CUST007338,0.0391
CUST007339,0.0467
CUST007340,0.0585
CUST007341,0.9954
CUST007342,0.0376
CUST007343,0.0385
CUST007344,0.0305
CUST007345,0.0646
CUST007346,0.9961
CUST007347,0.0325
CUST007348,0.2109
CUST007349,0.0344
CUST007350,0.0348
CUST007351,0.0231
CUST007352,0.0213
CUST007353,0.9974
CUST007354,0.0717
CUST007355,0.0595
CUST007356,0.0371
CUST007357,0.0413
CUST007358,0.0843
CUST007359,0.057
CUST007360,0.0499
CUST007361,0.0077
CUST007362,0.039
CUST007363,0.0783
CUST007364,0.0335
CUST007365,0.0385
CUST007366,0.0398
CUST007367,0.0326
CUST007368,0.9971
CUST007369,0.0325
CUST007370,0.0458
CUST007371,0.0352
CUST007372,0.0637
CUST007373,0.9938
CUST007374,0.027
CUST007375,0.025
CUST007376,0.0336
CUST007377,0.9945
CUST007378,0.0389
CUST007379,0.0778
CUST007380,0.0672
CUST007381,0.9928
CUST007382,0.9939
CUST007383,0.0289
CUST007384,0.044
CUST007385,0.0756
CUST007386,0.2132
CUST007387,0.2731
CUST007388,0.065
CUST007389,0.1834
CUST007390,0.0553
CUST007391,0.0462
CUST007392,0.0317
CUST007393,0.0352
CUST007394,0.0267
CUST007395,0.0329
CUST007396,0.0607
CUST007397,0.0384
CUST007398,0.0276
CUST007399,0.0434
CUST007400,0.03
CUST007401,0.9957
CUST007402,0.0413
CUST007403,0.0455
CUST007404,0.9951
CUST007405,0.0273
CUST007406,0.0357
CUST007407,0.0446
CUST007408,0.0193
CUST007409,0.0659
CUST007410,0.0838
CUST007411,0.0402
CUST007412,0.0212
CUST007413,0.0313
CUST007414,0.0562
CUST007415,0.0547
CUST007416,0.043
CUST007417,0.1966
CUST007418,0.0517
CUST007419,0.0291
CUST007420,0.0832
CUST007421,0.0479
CUST007422,0.0358
CUST007423,0.0518
CUST007424,0.1672
CUST007425,0.0172
CUST007426,0.0428
CUST007427,0.0336
CUST007428,0.4383
CUST007429,0.0383
CUST007430,0.035
CUST007431,0.0825
CUST007432,0.0342
CUST007433,0.0693
CUST007434,0.0335
CUST007435,0.0353
CUST007436,0.0536
CUST007437,0.0713
CUST007438,0.1239
CUST007439,0.0353
CUST007440,0.0898
CUST007441,0.0497
CUST007442,0.0248
CUST007443,0.0291
CUST007444,0.0428
CUST007445,0.0377
CUST007446,0.0652
CUST007447,0.0477
CUST007448,0.0259
CUST007449,0.0458
CUST007450,0.0497
CUST007451,0.9981
CUST007452,0.0468
CUST007453,0.0515
CUST007454,0.0351
CUST007455,0.1302
CUST007456,0.0707
CUST007457,0.2046
CUST007458,0.0895
CUST007459,0.9952
CUST007460,0.0673
CUST007461,0.0284
CUST007462,0.0825
CUST007463,0.9951
CUST007464,0.0375
CUST007465,0.0333
CUST007466,0.0365
CUST007467,0.0462
CUST007468,0.128
CUST007469,0.7075
CUST007470,0.9964
CUST007471,0.0721
CUST007472,0.0241
CUST007473,0.08
CUST007474,0.058
CUST007475,0.0461
CUST007476,0.0191
CUST007477,0.0627
CUST007478,0.0407
CUST007479,0.0331
CUST007480,0.0695
CUST007481,0.0507
CUST007482,0.9956
CUST007483,0.9958
CUST007484,0.241
CUST007485,0.0823
CUST007486,0.0213
CUST007487,0.0804
CUST007488,0.9948
CUST007489,0.0142
CUST007490,0.0497
CUST007491,0.0839
CUST007492,0.9947
CUST007493,0.9936
CUST007494,0.0492
CUST007495,0.0343
CUST007496,0.0499
CUST007497,0.0263
CUST007498,0.0541
CUST007499,0.994
CUST007500,0.0915
CUST007501,0.0365
CUST007502,0.0603
CUST007503,0.045
CUST007504,0.0186
CUST007505,0.0651
CUST007506,0.163
CUST007507,0.0316
CUST007508,0.0491
CUST007509,0.0865
CUST007510,0.0455
CUST007511,0.0447
CUST007512,0.0294
CUST007513,0.0273
CUST007514,0.0424
CUST007515,0.0732
CUST007516,0.0223
CUST007517,0.0727
CUST007518,0.9943
CUST007519,0.992
CUST007520,0.0302
CUST007521,0.1184
CUST007522,0.063
CUST007523,0.058
CUST007524,0.0408
CUST007525,0.0497
CUST007526,0.1678
CUST007527,0.0342
CUST007528,0.132
CUST007529,0.0402
CUST007530,0.995
CUST007531,0.0444
CUST007532,0.9971
CUST007533,0.0612
CUST007534,0.0283
CUST007535,0.0596
CUST007536,0.9919
CUST007537,0.0779
CUST007538,0.1213
CUST007539,0.1237
CUST007540,0.9963
CUST007541,0.0295
CUST007542,0.0496
CUST007543,0.0713
CUST007544,0.9959
CUST007545,0.1106
CUST007546,0.0662
CUST007547,0.0481
CUST007548,0.034
CUST007549,0.2279
CUST007550,0.1075
CUST007551,0.0451
CUST007552,0.1876
CUST007553,0.136
CUST007554,0.038
CUST007555,0.0297
CUST007556,0.0229
CUST007557,0.0787
CUST007558,0.0909
CUST007559,0.0583
CUST007560,0.0203
CUST007561,0.0277
CUST007562,0.0824
CUST007563,0.044
CUST007564,0.081
CUST007565,0.0413
CUST007566,0.0538
CUST007567,0.0401
CUST007568,0.0963
CUST007569,0.0236
CUST007570,0.0406
CUST007571,0.0888
CUST007572,0.0257
CUST007573,0.098
CUST007574,0.1165
CUST007575,0.0449
CUST007576,0.0501
CUST007577,0.0347
CUST007578,0.0313
CUST007579,0.0645
CUST007580,0.997
CUST007581,0.0457
CUST007582,0.041
CUST007583,0.0521
CUST007584,0.0308
CUST007585,0.2261
CUST007586,0.0723
CUST007587,0.0374
CUST007588,0.1507
CUST007589,0.0312
CUST007590,0.0182
CUST007591,0.0556
CUST007592,0.0281
CUST007593,0.0513
CUST007594,0.13
CUST007595,0.0825
CUST007596,0.144
CUST007597,0.0553
CUST007598,0.0602
CUST007599,0.0516
CUST007600,0.0306
CUST007601,0.0702
CUST007602,0.0558
CUST007603,0.0359
CUST007604,0.0537
CUST007605,0.0746
CUST007606,0.0364
CUST007607,0.0787
CUST007608,0.0512
CUST007609,0.1127
CUST007610,0.9964
CUST007611,0.0342
CUST007612,0.0539
CUST007613,0.9963
CUST007614,0.056
CUST007615,0.0399
CUST007616,0.0216
CUST007617,0.045
CUST007618,0.1863
CUST007619,0.0312
CUST007620,0.1197
CUST007621,0.0515
CUST007622,0.1349
CUST007623,0.1599
CUST007624,0.0282
CUST007625,0.0375
CUST007626,0.0383
CUST007627,0.0428
CUST007628,0.0326
CUST007629,0.0477
CUST007630,0.0535
CUST007631,0.0148
CUST007632,0.0369
CUST007633,0.0267
CUST007634,0.0348
CUST007635,0.0649
CUST007636,0.0381
CUST007637,0.0239
CUST007638,0.2501
CUST007639,0.0643
CUST007640,0.0504
CUST007641,0.0408
CUST007642,0.0578
CUST007643,0.0151
CUST007644,0.0504
CUST007645,0.026
CUST007646,0.0683
CUST007647,0.0376
CUST007648,0.0551
CUST007649,0.0784
CUST007650,0.0686
CUST007651,0.0456
CUST007652,0.0452
CUST007653,0.0267
CUST007654,0.0347
CUST007655,0.0395
CUST007656,0.0353
CUST007657,0.0215
CUST007658,0.0558
CUST007659,0.0487
CUST007660,0.0473
CUST007661,0.0766
CUST007662,0.219
CUST007663,0.0447
CUST007664,0.0566
CUST007665,0.9943
CUST007666,0.0377
CUST007667,0.0341
CUST007668,0.0366
CUST007669,0.0344
CUST007670,0.0932
CUST007671,0.0437
CUST007672,0.0136
CUST007673,0.1302
CUST007674,0.0374
CUST007675,0.0827
CUST007676,0.1272
CUST007677,0.0337
CUST007678,0.0606
CUST007679,0.0129
CUST007680,0.1527
CUST007681,0.0572
CUST007682,0.9958
CUST007683,0.0306
CUST007684,0.0575
CUST007685,0.0358
CUST007686,0.1546
CUST007687,0.0336
CUST007688,0.9968
CUST007689,0.0333
CUST007690,0.0472
CUST007691,0.0498
CUST007692,0.9895
CUST007693,0.0935
CUST007694,0.0209
CUST007695,0.0849
CUST007696,0.0352
CUST007697,0.0403
CUST007698,0.0346
CUST007699,0.1052
CUST007700,0.0484
CUST007701,0.2085
CUST007702,0.0672
CUST007703,0.0331
CUST007704,0.0443
CUST007705,0.9949
CUST007706,0.2695
CUST007707,0.044
CUST007708,0.1085
CUST007709,0.0358
CUST007710,0.0456
CUST007711,0.994
CUST007712,0.061
CUST007713,0.0317
CUST007714,0.0358
CUST007715,0.1321
CUST007716,0.0484
CUST007717,0.0356
CUST007718,0.0614
CUST007719,0.0613
CUST007720,0.0284
CUST007721,0.0293
CUST007722,0.0582
CUST007723,0.9942
CUST007724,0.035
CUST007725,0.0397
CUST007726,0.9941
CUST007727,0.0388
CUST007728,0.0278
CUST007729,0.0426
CUST007730,0.026
CUST007731,0.0313
CUST007732,0.0541
CUST007733,0.9943
CUST007734,0.0487
CUST007735,0.0332
CUST007736,0.0336
CUST007737,0.0629
CUST007738,0.9948
CUST007739,0.032
CUST007740,0.9956
CUST007741,0.9946
CUST007742,0.0516
CUST007743,0.0662
CUST007744,0.0253
CUST007745,0.04
CUST007746,0.0363
CUST007747,0.0827
CUST007748,0.0411
CUST007749,0.1285
CUST007750,0.9943
CUST007751,0.0745
CUST007752,0.0368
CUST007753,0.0687
CUST007754,0.0449
CUST007755,0.0557
CUST007756,0.046
CUST007757,0.9934
CUST007758,0.0377
CUST007759,0.0319
CUST007760,0.1066
CUST007761,0.0646
CUST007762,0.0463
CUST007763,0.0673
CUST007764,0.0359
CUST007765,0.0489
CUST007766,0.0369
CUST007767,0.0353
CUST007768,0.0482
CUST007769,0.9971
CUST007770,0.0242
CUST007771,0.0308
CUST007772,0.0935
CUST007773,0.0382
CUST007774,0.0499
CUST007775,0.0216
CUST007776,0.0395
CUST007777,0.0435
CUST007778,0.0455
CUST007779,0.0116
CUST007780,0.0977
CUST007781,0.1589
CUST007782,0.0553
CUST007783,0.0333
CUST007784,0.0301
CUST007785,0.0353
CUST007786,0.0834
CUST007787,0.0957
CUST007788,0.073
CUST007789,0.0578
CUST007790,0.0602
CUST007791,0.9944
CUST007792,0.1768
CUST007793,0.0576
CUST007794,0.0898
CUST007795,0.0964
CUST007796,0.0868
CUST007797,0.0773
CUST007798,0.9962
CUST007799,0.9942
CUST007800,0.357
CUST007801,0.0432
CUST007802,0.0321
CUST007803,0.0307
CUST007804,0.0411
CUST007805,0.0689
CUST007806,0.0317
CUST007807,0.0313
CUST007808,0.9955
CUST007809,0.0502
CUST007810,0.0303
CUST007811,0.03
CUST007812,0.0338
CUST007813,0.115
CUST007814,0.9964
CUST007815,0.9933
CUST007816,0.2769
CUST007817,0.0502
CUST007818,0.047
CUST007819,0.0315
CUST007820,0.2255
CUST007821,0.04
CUST007822,0.037
CUST007823,0.0298
CUST007824,0.0528
CUST007825,0.0553
CUST007826,0.0857
CUST007827,0.0333
CUST007828,0.1121
CUST007829,0.054
CUST007830,0.0557
CUST007831,0.0923
CUST007832,0.0508
CUST007833,0.0374
CUST007834,0.1511
CUST007835,0.0712
CUST007836,0.0662
CUST007837,0.0666
CUST007838,0.0467
CUST007839,0.0478
CUST007840,0.085
CUST007841,0.0235
CUST007842,0.0349
CUST007843,0.0351
CUST007844,0.0284
CUST007845,0.0689
CUST007846,0.0591
CUST007847,0.0491
CUST007848,0.0613
CUST007849,0.0686
CUST007850,0.0364
CUST007851,0.0524
CUST007852,0.4003
CUST007853,0.0348
CUST007854,0.0374
CUST007855,0.0469
CUST007856,0.0863
CUST007857,0.0485
CUST007858,0.1002
CUST007859,0.111
CUST007860,0.0321
CUST007861,0.0248
CUST007862,0.0341
CUST007863,0.0257
CUST007864,0.0411
CUST007865,0.0396
CUST007866,0.0643
CUST007867,0.0331
CUST007868,0.0284
CUST007869,0.0376
CUST007870,0.0236
CUST007871,0.0346
CUST007872,0.0741
CUST007873,0.0413
CUST007874,0.9966
CUST007875,0.9938
CUST007876,0.0482
CUST007877,0.1315
CUST007878,0.0668
CUST007879,0.0243
CUST007880,0.0422
CUST007881,0.0917
CUST007882,0.029
CUST007883,0.0382
CUST007884,0.0332
CUST007885,0.0613
CUST007886,0.0292
CUST007887,0.0754
CUST007888,0.0344
CUST007889,0.0453
CUST007890,0.0659
CUST007891,0.0587
CUST007892,0.0507
CUST007893,0.0597
CUST007894,0.0342
CUST007895,0.1794
CUST007896,0.0247
CUST007897,0.0739
CUST007898,0.9938
CUST007899,0.2559
CUST007900,0.0486
CUST007901,0.1292
CUST007902,0.1446
CUST007903,0.0735
CUST007904,0.1118
CUST007905,0.0497
CUST007906,0.0379
CUST007907,0.0236
CUST007908,0.0465
CUST007909,0.0424
CUST007910,0.0632
CUST007911,0.0313
CUST007912,0.0245
CUST007913,0.0804
CUST007914,0.0434
CUST007915,0.03
CUST007916,0.0435
CUST007917,0.9952
CUST007918,0.0379
CUST007919,0.0426
CUST007920,0.0993
CUST007921,0.0301
CUST007922,0.0605
CUST007923,0.1756
CUST007924,0.0508
CUST007925,0.0257
CUST007926,0.0982
CUST007927,0.037
CUST007928,0.0472
CUST007929,0.0359
CUST007930,0.1583
CUST007931,0.0273
CUST007932,0.0399
CUST007933,0.11
CUST007934,0.0726
CUST007935,0.036
CUST007936,0.3871
CUST007937,0.0313
CUST007938,0.0926
CUST007939,0.0296
CUST007940,0.0409
CUST007941,0.041
CUST007942,0.0444
CUST007943,0.0451
CUST007944,0.0262
CUST007945,0.0785
CUST007946,0.9932
CUST007947,0.0735
CUST007948,0.0324
CUST007949,0.045
CUST007950,0.0598
CUST007951,0.1919
CUST007952,0.0935
CUST007953,0.0358
CUST007954,0.0683
CUST007955,0.0538
CUST007956,0.0442
CUST007957,0.0248
CUST007958,0.0246
CUST007959,0.0651
CUST007960,0.1094
CUST007961,0.034
CUST007962,0.1135
CUST007963,0.0608
CUST007964,0.1086
CUST007965,0.0349
CUST007966,0.0949
CUST007967,0.0406
CUST007968,0.066
CUST007969,0.1215
CUST007970,0.0349
CUST007971,0.0257
CUST007972,0.0448
CUST007973,0.9969
CUST007974,0.0417
CUST007975,0.0478
CUST007976,0.0458
CUST007977,0.0307
CUST007978,0.0432
CUST007979,0.0314
CUST007980,0.0482
CUST007981,0.0333
CUST007982,0.0397
CUST007983,0.0322
CUST007984,0.0648
CUST007985,0.0288
CUST007986,0.1441
CUST007987,0.0422
CUST007988,0.0831
CUST007989,0.1289
CUST007990,0.9951
CUST007991,0.9969
CUST007992,0.037
CUST007993,0.0408
CUST007994,0.9961
CUST007995,0.0353
CUST007996,0.0399
CUST007997,0.9859
CUST007998,0.034
CUST007999,0.1268
CUST008000,0.0978
CUST008001,0.0555
CUST008002,0.0339
CUST008003,0.045
CUST008004,0.0302
CUST008005,0.066
CUST008006,0.1536
CUST008007,0.0464
CUST008008,0.9954
CUST008009,0.0808
CUST008010,0.9939
CUST008011,0.0487
CUST008012,0.0593
CUST008013,0.0376
CUST008014,0.078
CUST008015,0.0821
CUST008016,0.1812
CUST008017,0.0758
CUST008018,0.1273
CUST008019,0.0796
CUST008020,0.0211
CUST008021,0.0288
CUST008022,0.1347
CUST008023,0.0966
CUST008024,0.091
CUST008025,0.9941
CUST008026,0.0391
CUST008027,0.0426
CUST008028,0.0551
CUST008029,0.0324
CUST008030,0.0754
CUST008031,0.0609
CUST008032,0.0999
CUST008033,0.0442
CUST008034,0.0778
CUST008035,0.0376
CUST008036,0.0499
CUST008037,0.0579
CUST008038,0.0486
CUST008039,0.0626
CUST008040,0.0356
CUST008041,0.0788
CUST008042,0.1376
CUST008043,0.0442
CUST008044,0.0366
CUST008045,0.0935
CUST008046,0.0467
CUST008047,0.0767
CUST008048,0.1018
CUST008049,0.0225
CUST008050,0.0259
CUST008051,0.0496
CUST008052,0.0184
CUST008053,0.0788
CUST008054,0.0687
CUST008055,0.0537
CUST008056,0.0474
CUST008057,0.0391
CUST008058,0.9955
CUST008059,0.0326
CUST008060,0.0335
CUST008061,0.9954
CUST008062,0.1408
CUST008063,0.0203
CUST008064,0.0511
CUST008065,0.0505
CUST008066,0.4723
CUST008067,0.9971
CUST008068,0.0443
CUST008069,0.1807
CUST008070,0.2628
CUST008071,0.1695
CUST008072,0.0578
CUST008073,0.0466
CUST008074,0.0335
CUST008075,0.025
CUST008076,0.1776
CUST008077,0.0186
CUST008078,0.0195
CUST008079,0.0394
CUST008080,0.051
CUST008081,0.0147
CUST008082,0.0807
CUST008083,0.0512
CUST008084,0.0207
CUST008085,0.0389
CUST008086,0.0738
CUST008087,0.9949
CUST008088,0.0332
CUST008089,0.0588
CUST008090,0.0443
CUST008091,0.0442
CUST008092,0.0963
CUST008093,0.0351
CUST008094,0.0672
CUST008095,0.1828
CUST008096,0.0139
CUST008097,0.0221
CUST008098,0.0387
CUST008099,0.0271
CUST008100,0.9937
CUST008101,0.0443
CUST008102,0.9936
CUST008103,0.0353
CUST008104,0.9952
CUST008105,0.0565
CUST008106,0.1987
CUST008107,0.9968
CUST008108,0.0277
CUST008109,0.0575
CUST008110,0.0421
CUST008111,0.0672
CUST008112,0.0474
CUST008113,0.0304
CUST008114,0.0636
CUST008115,0.9944
CUST008116,0.0702
CUST008117,0.0365
CUST008118,0.0392
CUST008119,0.1374
CUST008120,0.0341
CUST008121,0.0441
CUST008122,0.116
CUST008123,0.0506
CUST008124,0.9956
CUST008125,0.0113
CUST008126,0.0483
CUST008127,0.9942
CUST008128,0.0397
CUST008129,0.0757
CUST008130,0.0531
CUST008131,0.0926
CUST008132,0.0572
CUST008133,0.0853
CUST008134,0.0911
CUST008135,0.0176
CUST008136,0.0351
CUST008137,0.037
CUST008138,0.0354
CUST008139,0.0125
CUST008140,0.1889
CUST008141,0.0349
CUST008142,0.9963
CUST008143,0.0305
CUST008144,0.0519
CUST008145,0.0435
CUST008146,0.9929
CUST008147,0.0336
CUST008148,0.0569
CUST008149,0.056
CUST008150,0.0276
CUST008151,0.9955
CUST008152,0.9976
CUST008153,0.1123
CUST008154,0.0698
CUST008155,0.0364
CUST008156,0.1549
CUST008157,0.0253
CUST008158,0.0821
CUST008159,0.0376
CUST008160,0.0777
CUST008161,0.0252
CUST008162,0.0941
CUST008163,0.0672
CUST008164,0.0377
CUST008165,0.0682
CUST008166,0.0537
CUST008167,0.0368
CUST008168,0.042
CUST008169,0.0251
CUST008170,0.0538
CUST008171,0.0389
CUST008172,0.0597
CUST008173,0.0428
CUST008174,0.1056
CUST008175,0.0672
CUST008176,0.028
CUST008177,0.069
CUST008178,0.0464
CUST008179,0.0587
CUST008180,0.0501
CUST008181,0.0501
CUST008182,0.0526
CUST008183,0.3573
CUST008184,0.9967
CUST008185,0.0256
CUST008186,0.0377
CUST008187,0.2235
CUST008188,0.1726
CUST008189,0.2629
CUST008190,0.0349
CUST008191,0.0323
CUST008192,0.0643
CUST008193,0.1006
CUST008194,0.9935
CUST008195,0.125
CUST008196,0.9945
CUST008197,0.0324
CUST008198,0.9944
CUST008199,0.0353
CUST008200,0.064
CUST008201,0.9938
CUST008202,0.0647
CUST008203,0.039
CUST008204,0.0421
CUST008205,0.055
CUST008206,0.0172
CUST008207,0.0403
CUST008208,0.0708
CUST008209,0.059
CUST008210,0.9951
CUST008211,0.0453
CUST008212,0.0397
CUST008213,0.063
CUST008214,0.0574
CUST008215,0.9919
CUST008216,0.0335
CUST008217,0.9955
CUST008218,0.1644
CUST008219,0.0278
CUST008220,0.0346
CUST008221,0.069
CUST008222,0.083
CUST008223,0.2102
CUST008224,0.0515
CUST008225,0.0415
CUST008226,0.0314
CUST008227,0.0524
CUST008228,0.0847
CUST008229,0.116
CUST008230,0.036
CUST008231,0.0695
CUST008232,0.0832
CUST008233,0.0225
CUST008234,0.9958
CUST008235,0.0468
CUST008236,0.0838
CUST008237,0.066
CUST008238,0.0309
CUST008239,0.9948
CUST008240,0.0549
CUST008241,0.0992
CUST008242,0.0457
CUST008243,0.9966
CUST008244,0.1259
CUST008245,0.9965
CUST008246,0.0715
CUST008247,0.0264
CUST008248,0.0655
CUST008249,0.0258
CUST008250,0.0467
CUST008251,0.9949
CUST008252,0.0451
CUST008253,0.0449
CUST008254,0.1056
CUST008255,0.04
CUST008256,0.0323
CUST008257,0.041
CUST008258,0.0509
CUST008259,0.0762
CUST008260,0.0525
CUST008261,0.0335
CUST008262,0.1709
CUST008263,0.0306
CUST008264,0.0563
CUST008265,0.0358
CUST008266,0.0294
CUST008267,0.1002
CUST008268,0.06
CUST008269,0.9958
CUST008270,0.9931
CUST008271,0.0436
CUST008272,0.1413
CUST008273,0.039
CUST008274,0.0362
CUST008275,0.0345
CUST008276,0.0595
CUST008277,0.0201
CUST008278,0.0677
CUST008279,0.1236
CUST008280,0.995
CUST008281,0.0257
CUST008282,0.08
CUST008283,0.0494
CUST008284,0.996
CUST008285,0.0552
CUST008286,0.0666
CUST008287,0.0909
CUST008288,0.0398
CUST008289,0.0494
CUST008290,0.0453
CUST008291,0.0458
CUST008292,0.0443
CUST008293,0.9949
CUST008294,0.0716
CUST008295,0.0462
CUST008296,0.0382
CUST008297,0.0506
CUST008298,0.0439
CUST008299,0.0192
CUST008300,0.0319
CUST008301,0.9952
CUST008302,0.0671
CUST008303,0.0307
CUST008304,0.0272
CUST008305,0.0322
CUST008306,0.9945
CUST008307,0.0349
CUST008308,0.0548
CUST008309,0.9941
CUST008310,0.082
CUST008311,0.0307
CUST008312,0.0867
CUST008313,0.9942
CUST008314,0.0457
CUST008315,0.0275
CUST008316,0.3338
CUST008317,0.0533
CUST008318,0.0414
CUST008319,0.0282
CUST008320,0.0549
CUST008321,0.0491
CUST008322,0.0332
CUST008323,0.0627
CUST008324,0.0685
CUST008325,0.119
CUST008326,0.0929
CUST008327,0.1426
CUST008328,0.1558
CUST008329,0.0408
CUST008330,0.1008
CUST008331,0.0759
CUST008332,0.0545
CUST008333,0.0319
CUST008334,0.0285
CUST008335,0.0274
CUST008336,0.0583
CUST008337,0.109
CUST008338,0.0347
CUST008339,0.0119
CUST008340,0.0231
CUST008341,0.0535
CUST008342,0.028
CUST008343,0.9958
CUST008344,0.0781
CUST008345,0.047
CUST008346,0.0425
CUST008347,0.0231
CUST008348,0.1114
CUST008349,0.1562
CUST008350,0.046
CUST008351,0.0237
CUST008352,0.0301
CUST008353,0.149
CUST008354,0.0394
CUST008355,0.0431
CUST008356,0.1272
CUST008357,0.1525
CUST008358,0.0275
CUST008359,0.997
CUST008360,0.0669
CUST008361,0.094
CUST008362,0.0529
CUST008363,0.0513
CUST008364,0.9936
CUST008365,0.0467
CUST008366,0.067
CUST008367,0.0313
CUST008368,0.033
CUST008369,0.9953
CUST008370,0.0492
CUST008371,0.0535
CUST008372,0.0955
CUST008373,0.1458
CUST008374,0.0576
CUST008375,0.0599
CUST008376,0.9947
CUST008377,0.0341
CUST008378,0.0445
CUST008379,0.0479
CUST008380,0.0519
CUST008381,0.0787
CUST008382,0.0538
CUST008383,0.0348
CUST008384,0.054
CUST008385,0.0435
CUST008386,0.0484
CUST008387,0.1529
CUST008388,0.0735
CUST008389,0.0287
CUST008390,0.0598
CUST008391,0.9951
CUST008392,0.0553
CUST008393,0.9953
CUST008394,0.9945
CUST008395,0.0159
CUST008396,0.0349
CUST008397,0.0826
CUST008398,0.0394
CUST008399,0.1062
CUST008400,0.0301
CUST008401,0.9946
CUST008402,0.0333
CUST008403,0.0671
CUST008404,0.0247
CUST008405,0.0294
CUST008406,0.0376
CUST008407,0.0466
CUST008408,0.0501
CUST008409,0.9975
CUST008410,0.0488
CUST008411,0.0422
CUST008412,0.093
CUST008413,0.0688
CUST008414,0.0196
CUST008415,0.0824
CUST008416,0.0652
CUST008417,0.0289
CUST008418,0.0264
CUST008419,0.0433
CUST008420,0.9934
CUST008421,0.0326
CUST008422,0.0585
CUST008423,0.0444
CUST008424,0.0637
CUST008425,0.0395
CUST008426,0.0306
CUST008427,0.1424
CUST008428,0.0451
CUST008429,0.1324
CUST008430,0.0419
CUST008431,0.9945
CUST008432,0.0321
CUST008433,0.0188
CUST008434,0.0738
CUST008435,0.0397
CUST008436,0.0355
CUST008437,0.0268
CUST008438,0.0483
CUST008439,0.995
CUST008440,0.0299
CUST008441,0.2551
CUST008442,0.0455
CUST008443,0.0364
CUST008444,0.0274
CUST008445,0.044
CUST008446,0.0372
CUST008447,0.041
CUST008448,0.9947
CUST008449,0.9961
CUST008450,0.0345
CUST008451,0.0993
CUST008452,0.0538
CUST008453,0.0461
CUST008454,0.1248
CUST008455,0.9944
CUST008456,0.053
CUST008457,0.0432
CUST008458,0.9956
CUST008459,0.0543
CUST008460,0.1446
CUST008461,0.4314
CUST008462,0.0654
CUST008463,0.063
CUST008464,0.0194
CUST008465,0.0406
CUST008466,0.038
CUST008467,0.0452
CUST008468,0.996
CUST008469,0.0582
CUST008470,0.0408
CUST008471,0.0407
CUST008472,0.0077
CUST008473,0.0543
CUST008474,0.04
CUST008475,0.0482
CUST008476,0.1037
CUST008477,0.0836
CUST008478,0.0412
CUST008479,0.0455
CUST008480,0.0259
CUST008481,0.0287
CUST008482,0.0595
CUST008483,0.0359
CUST008484,0.0757
CUST008485,0.9956
CUST008486,0.0626
CUST008487,0.0573
CUST008488,0.0379
CUST008489,0.1763
CUST008490,0.0273
CUST008491,0.0547
CUST008492,0.0511
CUST008493,0.0417
CUST008494,0.0687
CUST008495,0.0436
CUST008496,0.0445
CUST008497,0.2746
CUST008498,0.0578
CUST008499,0.9965
CUST008500,0.0378
CUST008501,0.0291
CUST008502,0.1025
CUST008503,0.0307
CUST008504,0.0335
CUST008505,0.9925
CUST008506,0.0408
CUST008507,0.0966
CUST008508,0.0273
CUST008509,0.1106
CUST008510,0.0256
CUST008511,0.9943
CUST008512,0.0386
CUST008513,0.0267
CUST008514,0.0542
CUST008515,0.0313
CUST008516,0.0462
CUST008517,0.0374
CUST008518,0.1236
CUST008519,0.0405
CUST008520,0.0436
CUST008521,0.0566
CUST008522,0.0544
CUST008523,0.0372
CUST008524,0.0302
CUST008525,0.025
CUST008526,0.0268
CUST008527,0.0726
CUST008528,0.2588
CUST008529,0.0211
CUST008530,0.0279
CUST008531,0.0832
CUST008532,0.0465
CUST008533,0.9948
CUST008534,0.0402
CUST008535,0.0536
CUST008536,0.0605
CUST008537,0.0618
CUST008538,0.0363
CUST008539,0.0253
CUST008540,0.0893
CUST008541,0.9975
CUST008542,0.0281
CUST008543,0.0417
CUST008544,0.102
CUST008545,0.0868
CUST008546,0.0127
CUST008547,0.1955
CUST008548,0.0423
CUST008549,0.0765
CUST008550,0.0527
CUST008551,0.0604
CUST008552,0.0182
CUST008553,0.053
CUST008554,0.0441
CUST008555,0.0727
CUST008556,0.0673
CUST008557,0.0495
CUST008558,0.0167
CUST008559,0.0275
CUST008560,0.0471
CUST008561,0.0414
CUST008562,0.057
CUST008563,0.0755
CUST008564,0.06
CUST008565,0.0308
CUST008566,0.9932
CUST008567,0.1162
CUST008568,0.0668
CUST008569,0.1128
CUST008570,0.2278
CUST008571,0.0327
CUST008572,0.0755
CUST008573,0.0378
CUST008574,0.9974
CUST008575,0.1013
CUST008576,0.0437
CUST008577,0.0621
CUST008578,0.0418
CUST008579,0.0636
CUST008580,0.0725
CUST008581,0.04
CUST008582,0.1003
CUST008583,0.0423
CUST008584,0.0445
CUST008585,0.0583
CUST008586,0.0638
CUST008587,0.9975
CUST008588,0.055
CUST008589,0.0385
CUST008590,0.0248
CUST008591,0.9947
CUST008592,0.0519
CUST008593,0.0866
CUST008594,0.0228
CUST008595,0.0372
CUST008596,0.0788
CUST008597,0.9965
CUST008598,0.0237
CUST008599,0.1042
CUST008600,0.0293
CUST008601,0.0307
CUST008602,0.0483
CUST008603,0.0288
CUST008604,0.0458
CUST008605,0.0687
CUST008606,0.0833
CUST008607,0.0311
CUST008608,0.0231
CUST008609,0.0432
CUST008610,0.0398
CUST008611,0.0529
CUST008612,0.0256
CUST008613,0.0692
CUST008614,0.1394
CUST008615,0.039
CUST008616,0.0726
CUST008617,0.0083
CUST008618,0.0388
CUST008619,0.0395
CUST008620,0.2274
CUST008621,0.0609
CUST008622,0.0484
CUST008623,0.0646
CUST008624,0.0781
CUST008625,0.0801
CUST008626,0.0707
CUST008627,0.2471
CUST008628,0.0319
CUST008629,0.0724
CUST008630,0.0453
CUST008631,0.9939
CUST008632,0.0532
CUST008633,0.0419
CUST008634,0.056
CUST008635,0.0597
CUST008636,0.0395
CUST008637,0.0254
CUST008638,0.0366
CUST008639,0.078
CUST008640,0.0765
CUST008641,0.034
CUST008642,0.0848
CUST008643,0.0337
CUST008644,0.0534
CUST008645,0.0384
CUST008646,0.0672
CUST008647,0.0527
CUST008648,0.0771
CUST008649,0.0461
CUST008650,0.0154
CUST008651,0.0435
CUST008652,0.0795
CUST008653,0.021
CUST008654,0.1429
CUST008655,0.1054
CUST008656,0.017
CUST008657,0.0441
CUST008658,0.1631
CUST008659,0.066
CUST008660,0.0205
CUST008661,0.0297
CUST008662,0.0178
CUST008663,0.0302
CUST008664,0.4082
CUST008665,0.0228
CUST008666,0.0249
CUST008667,0.0328
CUST008668,0.0591
CUST008669,0.127
CUST008670,0.0549
CUST008671,0.0538
CUST008672,0.0357
CUST008673,0.0513
CUST008674,0.9965
CUST008675,0.0212
CUST008676,0.0261
CUST008677,0.0595
CUST008678,0.0283
CUST008679,0.9941
CUST008680,0.03
CUST008681,0.046
CUST008682,0.0259
CUST008683,0.0305
CUST008684,0.0482
CUST008685,0.0387
CUST008686,0.062
CUST008687,0.0597
CUST008688,0.0345
CUST008689,0.0646
CUST008690,0.0306
CUST008691,0.0492
CUST008692,0.9942
CUST008693,0.0447
CUST008694,0.9955
CUST008695,0.0717
CUST008696,0.0684
CUST008697,0.0125
CUST008698,0.9958
CUST008699,0.0375
CUST008700,0.038
CUST008701,0.1464
CUST008702,0.1173
CUST008703,0.045
CUST008704,0.1064
CUST008705,0.0523
CUST008706,0.0259
CUST008707,0.0998
CUST008708,0.0085
CUST008709,0.0402
CUST008710,0.9978
CUST008711,0.0816
CUST008712,0.0586
CUST008713,0.0431
CUST008714,0.0494
CUST008715,0.0311
CUST008716,0.0322
CUST008717,0.0743
CUST008718,0.024
CUST008719,0.0817
CUST008720,0.1206
CUST008721,0.0334
CUST008722,0.0412
CUST008723,0.0687
CUST008724,0.0247
CUST008725,0.0553
CUST008726,0.0973
CUST008727,0.0539
CUST008728,0.9978
CUST008729,0.0451
CUST008730,0.1566
CUST008731,0.1445
CUST008732,0.0575
CUST008733,0.1451
CUST008734,0.0823
CUST008735,0.09
CUST008736,0.0412
CUST008737,0.0431
CUST008738,0.0688
CUST008739,0.1793
CUST008740,0.0743
CUST008741,0.1639
CUST008742,0.0381
CUST008743,0.0858
CUST008744,0.0777
CUST008745,0.0387
CUST008746,0.0133
CUST008747,0.9948
CUST008748,0.06
CUST008749,0.0641
CUST008750,0.0768
CUST008751,0.0279
CUST008752,0.0586
CUST008753,0.0366
CUST008754,0.0355
CUST008755,0.3633
CUST008756,0.0586
CUST008757,0.0429
CUST008758,0.0635
CUST008759,0.995
CUST008760,0.0195
CUST008761,0.1077
CUST008762,0.0308
CUST008763,0.0438
CUST008764,0.0438
CUST008765,0.0421
CUST008766,0.0247
CUST008767,0.0242
CUST008768,0.0226
CUST008769,0.0375
CUST008770,0.0316
CUST008771,0.9935
CUST008772,0.9962
CUST008773,0.0302
CUST008774,0.0651
CUST008775,0.1199
CUST008776,0.0305
CUST008777,0.0553
CUST008778,0.0154
CUST008779,0.0326
CUST008780,0.0215
CUST008781,0.0931
CUST008782,0.1302
CUST008783,0.0362
CUST008784,0.0818
CUST008785,0.0387
CUST008786,0.0289
CUST008787,0.0453
CUST008788,0.034
CUST008789,0.1752
CUST008790,0.0574
CUST008791,0.0283
CUST008792,0.9954
CUST008793,0.9963
CUST008794,0.0536
CUST008795,0.0309
CUST008796,0.0954
CUST008797,0.0302
CUST008798,0.0334
CUST008799,0.121
CUST008800,0.0402
CUST008801,0.9961
CUST008802,0.0692
CUST008803,0.0861
CUST008804,0.0771
CUST008805,0.0856
CUST008806,0.997
CUST008807,0.0241
CUST008808,0.0327
CUST008809,0.0728
CUST008810,0.0786
CUST008811,0.0325
CUST008812,0.0245
CUST008813,0.0509
CUST008814,0.0313
CUST008815,0.0242
CUST008816,0.0508
CUST008817,0.0415
CUST008818,0.1178
CUST008819,0.0276
CUST008820,0.0317
CUST008821,0.0476
CUST008822,0.0938
CUST008823,0.9942
CUST008824,0.0584
CUST008825,0.0443
CUST008826,0.9973
CUST008827,0.0505
CUST008828,0.9955
CUST008829,0.0356
CUST008830,0.0467
CUST008831,0.0957
CUST008832,0.0676
CUST008833,0.0292
CUST008834,0.0583
CUST008835,0.9955
CUST008836,0.1622
CUST008837,0.0521
CUST008838,0.0327
CUST008839,0.9954
CUST008840,0.0307
CUST008841,0.034
CUST008842,0.0728
CUST008843,0.0547
CUST008844,0.2617
CUST008845,0.0887
CUST008846,0.9948
CUST008847,0.2174
CUST008848,0.2501
CUST008849,0.0744
CUST008850,0.0561
CUST008851,0.0382
CUST008852,0.9962
CUST008853,0.067
CUST008854,0.0755
CUST008855,0.0447
CUST008856,0.0597
CUST008857,0.0461
CUST008858,0.0582
CUST008859,0.0409
CUST008860,0.0807
CUST008861,0.2901
CUST008862,0.0506
CUST008863,0.0618
CUST008864,0.0726
CUST008865,0.0492
CUST008866,0.0387
CUST008867,0.0531
CUST008868,0.0862
CUST008869,0.0514
CUST008870,0.0355
CUST008871,0.0426
CUST008872,0.0599
CUST008873,0.0479
CUST008874,0.9938
CUST008875,0.0514
CUST008876,0.0691
CUST008877,0.0351
CUST008878,0.0641
CUST008879,0.0738
CUST008880,0.0363
CUST008881,0.0287
CUST008882,0.0227
CUST008883,0.1119
CUST008884,0.125
CUST008885,0.0292
CUST008886,0.0299
CUST008887,0.0287
CUST008888,0.0887
CUST008889,0.0512
CUST008890,0.0475
CUST008891,0.0533
CUST008892,0.0281
CUST008893,0.0431
CUST008894,0.2339
CUST008895,0.0434
CUST008896,0.1727
CUST008897,0.0945
CUST008898,0.9963
CUST008899,0.0311
CUST008900,0.1199
CUST008901,0.0634
CUST008902,0.0154
CUST008903,0.1571
CUST008904,0.1011
CUST008905,0.0243
CUST008906,0.0333
CUST008907,0.0525
CUST008908,0.0473
CUST008909,0.996
CUST008910,0.0402
CUST008911,0.0334
CUST008912,0.0734
CUST008913,0.074
CUST008914,0.0275
CUST008915,0.0447
CUST008916,0.0369
CUST008917,0.0602
CUST008918,0.1127
CUST008919,0.0652
CUST008920,0.0965
CUST008921,0.0287
CUST008922,0.0228
CUST008923,0.1257
CUST008924,0.0386
CUST008925,0.9949
CUST008926,0.0614
CUST008927,0.9951
CUST008928,0.9968
CUST008929,0.0425
CUST008930,0.0403
CUST008931,0.0371
CUST008932,0.9979
CUST008933,0.111
CUST008934,0.0255
CUST008935,0.1494
CUST008936,0.059
CUST008937,0.0521
CUST008938,0.0392
CUST008939,0.2972
CUST008940,0.0561
CUST008941,0.0499
CUST008942,0.0313
CUST008943,0.0547
CUST008944,0.1509
CUST008945,0.055
CUST008946,0.0339
CUST008947,0.1406
CUST008948,0.0541
CUST008949,0.9949
CUST008950,0.0515
CUST008951,0.9949
CUST008952,0.0603
CUST008953,0.0579
CUST008954,0.207
CUST008955,0.0369
CUST008956,0.0124
CUST008957,0.0362
CUST008958,0.0368
CUST008959,0.0196
CUST008960,0.0542
CUST008961,0.0392
CUST008962,0.0338
CUST008963,0.039
CUST008964,0.026
CUST008965,0.0451
CUST008966,0.0495
CUST008967,0.0203
CUST008968,0.0316
CUST008969,0.0424
CUST008970,0.0483
CUST008971,0.0917
CUST008972,0.0802
CUST008973,0.0464
CUST008974,0.0395
CUST008975,0.0462
CUST008976,0.0473
CUST008977,0.0318
CUST008978,0.9936
CUST008979,0.131
CUST008980,0.0476
CUST008981,0.0351
CUST008982,0.0357
CUST008983,0.0542
CUST008984,0.0364
CUST008985,0.0945
CUST008986,0.1437
CUST008987,0.0417
CUST008988,0.0742
CUST008989,0.1886
CUST008990,0.0862
CUST008991,0.0259
CUST008992,0.0804
CUST008993,0.1455
CUST008994,0.239
CUST008995,0.0348
CUST008996,0.0515
CUST008997,0.0642
CUST008998,0.0701
CUST008999,0.0469
CUST009000,0.1461
CUST009001,0.0367
CUST009002,0.0514
CUST009003,0.0383
CUST009004,0.9951
CUST009005,0.995
CUST009006,0.0254
CUST009007,0.9947
CUST009008,0.0399
CUST009009,0.0517
CUST009010,0.0266
CUST009011,0.0659
CUST009012,0.9947
CUST009013,0.0447
CUST009014,0.032
CUST009015,0.0446
CUST009016,0.081
CUST009017,0.0995
CUST009018,0.0342
CUST009019,0.0425
CUST009020,0.0196
CUST009021,0.0412
CUST009022,0.0937
CUST009023,0.044
CUST009024,0.075
CUST009025,0.2458
CUST009026,0.1582
CUST009027,0.0754
CUST009028,0.0243
CUST009029,0.0339
CUST009030,0.0638
CUST009031,0.0492
CUST009032,0.0455
CUST009033,0.1204
CUST009034,0.0671
CUST009035,0.0657
CUST009036,0.1757
CUST009037,0.0376
CUST009038,0.052
CUST009039,0.051
CUST009040,0.0489
CUST009041,0.0284
CUST009042,0.0464
CUST009043,0.0297
CUST009044,0.0408
CUST009045,0.0549
CUST009046,0.0344
CUST009047,0.0421
CUST009048,0.0848
CUST009049,0.0417
CUST009050,0.0357
CUST009051,0.0181
CUST009052,0.0496
CUST009053,0.0207
CUST009054,0.0415
CUST009055,0.0397
CUST009056,0.2515
CUST009057,0.9973
CUST009058,0.0997
CUST009059,0.0416
CUST009060,0.0745
CUST009061,0.0414
CUST009062,0.0574
CUST009063,0.055
CUST009064,0.0578
CUST009065,0.0198
CUST009066,0.9912
CUST009067,0.9951
CUST009068,0.025
CUST009069,0.0566
CUST009070,0.0938
CUST009071,0.0447
CUST009072,0.0663
CUST009073,0.0828
CUST009074,0.0228
CUST009075,0.0634
CUST009076,0.0736
CUST009077,0.9962
CUST009078,0.1294
CUST009079,0.0406
CUST009080,0.0484
CUST009081,0.9945
CUST009082,0.067
CUST009083,0.1428
CUST009084,0.9942
CUST009085,0.9941
CUST009086,0.0832
CUST009087,0.0402
CUST009088,0.0473
CUST009089,0.0744
CUST009090,0.0405
CUST009091,0.9943
CUST009092,0.0611
CUST009093,0.071
CUST009094,0.0666
CUST009095,0.038
CUST009096,0.0462
CUST009097,0.0493
CUST009098,0.057
CUST009099,0.9932
CUST009100,0.1587
CUST009101,0.0467
CUST009102,0.0278
CUST009103,0.0478
CUST009104,0.1692
CUST009105,0.0271
CUST009106,0.084
CUST009107,0.9977
CUST009108,0.0447
CUST009109,0.0221
CUST009110,0.0766
CUST009111,0.177
CUST009112,0.0391
CUST009113,0.0565
CUST009114,0.1096
CUST009115,0.1069
CUST009116,0.0481
CUST009117,0.174
CUST009118,0.0229
CUST009119,0.0559
CUST009120,0.9962
CUST009121,0.9935
CUST009122,0.0472
CUST009123,0.042
CUST009124,0.9926
CUST009125,0.1065
CUST009126,0.1356
CUST009127,0.0831
CUST009128,0.991
CUST009129,0.0486
CUST009130,0.9959
CUST009131,0.0411
CUST009132,0.0413
CUST009133,0.996
CUST009134,0.0371
CUST009135,0.1029
CUST009136,0.0453
CUST009137,0.0937
CUST009138,0.0484
CUST009139,0.0272
CUST009140,0.9927
CUST009141,0.0563
CUST009142,0.0769
CUST009143,0.9961
CUST009144,0.0414
CUST009145,0.0323
CUST009146,0.0673
CUST009147,0.0356
CUST009148,0.0384
CUST009149,0.1072
CUST009150,0.0783
CUST009151,0.0315
CUST009152,0.0929
CUST009153,0.0217
CUST009154,0.055
CUST009155,0.0305
CUST009156,0.0921
CUST009157,0.0432
CUST009158,0.0797
CUST009159,0.045
CUST009160,0.0462
CUST009161,0.0293
CUST009162,0.0699
CUST009163,0.0872
CUST009164,0.0679
CUST009165,0.0915
CUST009166,0.0415
CUST009167,0.0366
CUST009168,0.0496
CUST009169,0.0499
CUST009170,0.0317
CUST009171,0.0352
CUST009172,0.0316
CUST009173,0.0808
CUST009174,0.077
CUST009175,0.1951
CUST009176,0.0371
CUST009177,0.9948
CUST009178,0.0523
CUST009179,0.0551
CUST009180,0.9954
CUST009181,0.0343
CUST009182,0.0243
CUST009183,0.0634
CUST009184,0.1475
CUST009185,0.9959
CUST009186,0.0365
CUST009187,0.9935
CUST009188,0.0469
CUST009189,0.0812
CUST009190,0.0641
CUST009191,0.0258
CUST009192,0.2571
CUST009193,0.0455
CUST009194,0.0558
CUST009195,0.9959
CUST009196,0.0652
CUST009197,0.0455
CUST009198,0.0783
CUST009199,0.0134
CUST009200,0.099
CUST009201,0.0434
CUST009202,0.1236
CUST009203,0.0676
CUST009204,0.0477
CUST009205,0.0346
CUST009206,0.0345
CUST009207,0.0392
CUST009208,0.0878
CUST009209,0.056
CUST009210,0.0417
CUST009211,0.043
CUST009212,0.9955
CUST009213,0.9975
CUST009214,0.0555
CUST009215,0.0483
CUST009216,0.0312
CUST009217,0.0651
CUST009218,0.1154
CUST009219,0.0393
CUST009220,0.0342
CUST009221,0.1577
CUST009222,0.0458
CUST009223,0.0469
CUST009224,0.1061
CUST009225,0.024
CUST009226,0.058
CUST009227,0.0222
CUST009228,0.0463
CUST009229,0.0686
CUST009230,0.1653
CUST009231,0.01
CUST009232,0.0499
CUST009233,0.026
CUST009234,0.0518
CUST009235,0.0885
CUST009236,0.0577
CUST009237,0.0269
CUST009238,0.0557
CUST009239,0.9959
CUST009240,0.0533
CUST009241,0.0218
CUST009242,0.0362
CUST009243,0.0828
CUST009244,0.039
CUST009245,0.0326
CUST009246,0.0743
CUST009247,0.0419
CUST009248,0.0644
CUST009249,0.0526
CUST009250,0.0775
CUST009251,0.0242
CUST009252,0.0398
CUST009253,0.0293
CUST009254,0.0453
CUST009255,0.05
CUST009256,0.0407
CUST009257,0.0398
CUST009258,0.9968
CUST009259,0.0404
CUST009260,0.0599
CUST009261,0.0521
CUST009262,0.0378
CUST009263,0.0434
CUST009264,0.053
CUST009265,0.0403
CUST009266,0.9941
CUST009267,0.0241
CUST009268,0.0972
CUST009269,0.1024
CUST009270,0.9963
CUST009271,0.0476
CUST009272,0.0251
CUST009273,0.0426
CUST009274,0.0422
CUST009275,0.9968
CUST009276,0.0363
CUST009277,0.0298
CUST009278,0.9938
CUST009279,0.0534
CUST009280,0.0296
CUST009281,0.0381
CUST009282,0.1034
CUST009283,0.087
CUST009284,0.994
CUST009285,0.0521
CUST009286,0.0502
CUST009287,0.0449
CUST009288,0.0745
CUST009289,0.0708
CUST009290,0.152
CUST009291,0.0206
CUST009292,0.0489
CUST009293,0.0758
CUST009294,0.0409
CUST009295,0.009
CUST009296,0.1871
CUST009297,0.0362
CUST009298,0.0622
CUST009299,0.0451
CUST009300,0.0722
CUST009301,0.0258
CUST009302,0.035
CUST009303,0.0872
CUST009304,0.0416
CUST009305,0.0482
CUST009306,0.039
CUST009307,0.0675
CUST009308,0.0262
CUST009309,0.0305
CUST009310,0.0294
CUST009311,0.0305
CUST009312,0.0447
CUST009313,0.0387
CUST009314,0.0585
CUST009315,0.0313
CUST009316,0.047
CUST009317,0.0275
CUST009318,0.0759
CUST009319,0.0453
CUST009320,0.0457
CUST009321,0.0485
CUST009322,0.0411
CUST009323,0.0321
CUST009324,0.0515
CUST009325,0.0626
CUST009326,0.041
CUST009327,0.024
CUST009328,0.0592
CUST009329,0.0916
CUST009330,0.0204
CUST009331,0.0623
CUST009332,0.0365
CUST009333,0.046
CUST009334,0.0531
CUST009335,0.0368
CUST009336,0.9972
CUST009337,0.0701
CUST009338,0.3625
CUST009339,0.051
CUST009340,0.0606
CUST009341,0.0371
CUST009342,0.0367
CUST009343,0.0883
CUST009344,0.9971
CUST009345,0.1413
CUST009346,0.0474
CUST009347,0.0542
CUST009348,0.0892
CUST009349,0.1576
CUST009350,0.046
CUST009351,0.9943
CUST009352,0.0452
CUST009353,0.0328
CUST009354,0.0356
CUST009355,0.0313
CUST009356,0.0415
CUST009357,0.0403
CUST009358,0.0455
CUST009359,0.1895
CUST009360,0.0241
CUST009361,0.0364
CUST009362,0.0815
CUST009363,0.0566
CUST009364,0.0468
CUST009365,0.0705
CUST009366,0.053
CUST009367,0.0485
CUST009368,0.0391
CUST009369,0.0698
CUST009370,0.0681
CUST009371,0.071
CUST009372,0.0357
CUST009373,0.0348
CUST009374,0.1678
CUST009375,0.0261
CUST009376,0.049
CUST009377,0.0211
CUST009378,0.0365
CUST009379,0.9914
CUST009380,0.9955
CUST009381,0.0682
CUST009382,0.0261
CUST009383,0.1226
CUST009384,0.1318
CUST009385,0.0347
CUST009386,0.0392
CUST009387,0.0528
CUST009388,0.0511
CUST009389,0.9954
CUST009390,0.0307
CUST009391,0.0827
CUST009392,0.0331
CUST009393,0.0758
CUST009394,0.04
CUST009395,0.0414
CUST009396,0.9972
CUST009397,0.9956
CUST009398,0.0953
CUST009399,0.0157
CUST009400,0.0384
CUST009401,0.0281
CUST009402,0.0263
CUST009403,0.0405
CUST009404,0.0445
CUST009405,0.0172
CUST009406,0.9952
CUST009407,0.1406
CUST009408,0.0579
CUST009409,0.0447
CUST009410,0.0551
CUST009411,0.0571
CUST009412,0.0464
CUST009413,0.0283
CUST009414,0.0621
CUST009415,0.0438
CUST009416,0.0356
CUST009417,0.0688
CUST009418,0.0873
CUST009419,0.0495
CUST009420,0.0267
CUST009421,0.0702
CUST009422,0.0385
CUST009423,0.0711
CUST009424,0.0572
CUST009425,0.0348
CUST009426,0.0738
CUST009427,0.0278
CUST009428,0.0285
CUST009429,0.0312
CUST009430,0.0787
CUST009431,0.9952
CUST009432,0.053
CUST009433,0.0884
CUST009434,0.0336
CUST009435,0.0724
CUST009436,0.9968
CUST009437,0.0382
CUST009438,0.0684
CUST009439,0.0464
CUST009440,0.0295
CUST009441,0.038
CUST009442,0.0698
CUST009443,0.0625
CUST009444,0.1565
CUST009445,0.0326
CUST009446,0.0907
CUST009447,0.997
CUST009448,0.0271
CUST009449,0.069
CUST009450,0.0585
CUST009451,0.0414
CUST009452,0.0457
CUST009453,0.0753
CUST009454,0.0431
CUST009455,0.0365
CUST009456,0.095
CUST009457,0.0335
CUST009458,0.0495
CUST009459,0.0754
CUST009460,0.0298
CUST009461,0.1087
CUST009462,0.0164
CUST009463,0.995
CUST009464,0.0611
CUST009465,0.16
CUST009466,0.1945
CUST009467,0.0781
CUST009468,0.0528
CUST009469,0.0485
CUST009470,0.0538
CUST009471,0.0643
CUST009472,0.998
CUST009473,0.0376
CUST009474,0.3536
CUST009475,0.0317
CUST009476,0.0198
CUST009477,0.033
CUST009478,0.9975
CUST009479,0.0244
CUST009480,0.0843
CUST009481,0.0356
CUST009482,0.1202
CUST009483,0.9971
CUST009484,0.1674
CUST009485,0.0256
CUST009486,0.057
CUST009487,0.0964
CUST009488,0.0456
CUST009489,0.0257
CUST009490,0.0507
CUST009491,0.0426
CUST009492,0.0397
CUST009493,0.0587
CUST009494,0.9941
CUST009495,0.9955
CUST009496,0.0314
CUST009497,0.0426
CUST009498,0.13
CUST009499,0.035
CUST009500,0.073
CUST009501,0.0269
CUST009502,0.028
CUST009503,0.1202
CUST009504,0.9947
CUST009505,0.0411
CUST009506,0.0862
CUST009507,0.0847
CUST009508,0.0282
CUST009509,0.9931
CUST009510,0.1131
CUST009511,0.037
CUST009512,0.041
CUST009513,0.2143
CUST009514,0.0318
CUST009515,0.084
CUST009516,0.0286
CUST009517,0.0471
CUST009518,0.0681
CUST009519,0.2304
CUST009520,0.0779
CUST009521,0.0637
CUST009522,0.131
CUST009523,0.0976
CUST009524,0.0354
CUST009525,0.996
CUST009526,0.9977
CUST009527,0.0426
CUST009528,0.1099
CUST009529,0.023
CUST009530,0.0583
CUST009531,0.0436
CUST009532,0.028
CUST009533,0.0369
CUST009534,0.0499
CUST009535,0.0473
CUST009536,0.0447
CUST009537,0.0522
CUST009538,0.0661
CUST009539,0.0308
CUST009540,0.0537
CUST009541,0.0438
CUST009542,0.0425
CUST009543,0.0347
CUST009544,0.0377
CUST009545,0.0218
CUST009546,0.0749
CUST009547,0.0277
CUST009548,0.0311
CUST009549,0.0295
CUST009550,0.0396
CUST009551,0.0474
CUST009552,0.0455
CUST009553,0.0353
CUST009554,0.0715
CUST009555,0.0379
CUST009556,0.0438
CUST009557,0.073
CUST009558,0.0636
CUST009559,0.996
CUST009560,0.0344
CUST009561,0.0371
CUST009562,0.0372
CUST009563,0.0425
CUST009564,0.0388
CUST009565,0.031
CUST009566,0.0321
CUST009567,0.0463
CUST009568,0.0347
CUST009569,0.0611
CUST009570,0.0397
CUST009571,0.9969
CUST009572,0.0344
CUST009573,0.0802
CUST009574,0.0353
CUST009575,0.058
CUST009576,0.9951
CUST009577,0.0518
CUST009578,0.0269
CUST009579,0.1067
CUST009580,0.1148
CUST009581,0.0211
CUST009582,0.0894
CUST009583,0.0498
CUST009584,0.1445
CUST009585,0.9938
CUST009586,0.1247
CUST009587,0.0459
CUST009588,0.035
CUST009589,0.0533
CUST009590,0.0356
CUST009591,0.0406
CUST009592,0.062
CUST009593,0.0212
CUST009594,0.0358
CUST009595,0.0298
CUST009596,0.8364
CUST009597,0.0345
CUST009598,0.0584
CUST009599,0.9942
CUST009600,0.0657
CUST009601,0.9934
CUST009602,0.0562
CUST009603,0.0342
CUST009604,0.0611
CUST009605,0.0382
CUST009606,0.0643
CUST009607,0.0343
CUST009608,0.0524
CUST009609,0.0347
CUST009610,0.9949
CUST009611,0.0331
CUST009612,0.0876
CUST009613,0.0286
CUST009614,0.0701
CUST009615,0.0309
CUST009616,0.04
CUST009617,0.0379
CUST009618,0.9944
CUST009619,0.0589
CUST009620,0.0409
CUST009621,0.1331
CUST009622,0.0351
CUST009623,0.0291
CUST009624,0.1371
CUST009625,0.0734
CUST009626,0.9938
CUST009627,0.171
CUST009628,0.0675
CUST009629,0.0425
CUST009630,0.033
CUST009631,0.0541
CUST009632,0.0501
CUST009633,0.1279
CUST009634,0.9962
CUST009635,0.0982
CUST009636,0.0535
CUST009637,0.0653
CUST009638,0.9955
CUST009639,0.0365
CUST009640,0.072
CUST009641,0.0416
CUST009642,0.03
CUST009643,0.0496
CUST009644,0.0292
CUST009645,0.0538
CUST009646,0.0391
CUST009647,0.0376
CUST009648,0.0342
CUST009649,0.1099
CUST009650,0.091
CUST009651,0.104
CUST009652,0.0676
CUST009653,0.0436
CUST009654,0.0389
CUST009655,0.0423
CUST009656,0.077
CUST009657,0.0336
CUST009658,0.0473
CUST009659,0.9962
CUST009660,0.0764
CUST009661,0.0564
CUST009662,0.0718
CUST009663,0.047
CUST009664,0.0515
CUST009665,0.0542
CUST009666,0.0673
CUST009667,0.0557
CUST009668,0.1
CUST009669,0.0281
CUST009670,0.0455
CUST009671,0.056
CUST009672,0.0272
CUST009673,0.0359
CUST009674,0.9979
CUST009675,0.0553
CUST009676,0.0351
CUST009677,0.0363
CUST009678,0.0528
CUST009679,0.0597
CUST009680,0.0795
CUST009681,0.9942
CUST009682,0.0455
CUST009683,0.0294
CUST009684,0.0431
CUST009685,0.0483
CUST009686,0.0469
CUST009687,0.0111
CUST009688,0.0289
CUST009689,0.0187
CUST009690,0.9961
CUST009691,0.0456
CUST009692,0.0305
CUST009693,0.0519
CUST009694,0.048
CUST009695,0.0266
CUST009696,0.0696
CUST009697,0.1518
CUST009698,0.0247
CUST009699,0.0467
CUST009700,0.1834
CUST009701,0.9977
CUST009702,0.0327
CUST009703,0.0511
CUST009704,0.029
CUST009705,0.9948
CUST009706,0.2886
CUST009707,0.0212
CUST009708,0.0378
CUST009709,0.0423
CUST009710,0.0642
CUST009711,0.9979
CUST009712,0.0831
CUST009713,0.9954
CUST009714,0.0446
CUST009715,0.9959
CUST009716,0.037
CUST009717,0.033
CUST009718,0.9946
CUST009719,0.0315
CUST009720,0.054
CUST009721,0.9967
CUST009722,0.0257
CUST009723,0.0448
CUST009724,0.0435
CUST009725,0.0548
CUST009726,0.0391
CUST009727,0.0747
CUST009728,0.9969
CUST009729,0.031
CUST009730,0.033
CUST009731,0.0451
CUST009732,0.9952
CUST009733,0.0304
CUST009734,0.131
CUST009735,0.0647
CUST009736,0.0769
CUST009737,0.9956
CUST009738,0.0654
CUST009739,0.9981
CUST009740,0.0318
CUST009741,0.0454
CUST009742,0.0369
CUST009743,0.9964
CUST009744,0.9924
CUST009745,0.0656
CUST009746,0.2242
CUST009747,0.033
CUST009748,0.0378
CUST009749,0.2332
CUST009750,0.04
CUST009751,0.037
CUST009752,0.052
CUST009753,0.0379
CUST009754,0.0314
CUST009755,0.0661
CUST009756,0.0144
CUST009757,0.0519
CUST009758,0.9959
CUST009759,0.0367
CUST009760,0.046
CUST009761,0.0429
CUST009762,0.0382
CUST009763,0.0715
CUST009764,0.9969
CUST009765,0.107
CUST009766,0.084
CUST009767,0.9954
CUST009768,0.0281
CUST009769,0.1073
CUST009770,0.9947
CUST009771,0.0317
CUST009772,0.0506
CUST009773,0.0476
CUST009774,0.0459
CUST009775,0.9959
CUST009776,0.0469
CUST009777,0.0445
CUST009778,0.0425
CUST009779,0.997
CUST009780,0.0451
CUST009781,0.0887
CUST009782,0.0784
CUST009783,0.0795
CUST009784,0.0363
CUST009785,0.046
CUST009786,0.0218
CUST009787,0.055
CUST009788,0.1914
CUST009789,0.0526
CUST009790,0.9959
CUST009791,0.0177
CUST009792,0.0608
CUST009793,0.0426
CUST009794,0.033
CUST009795,0.0413
CUST009796,0.0386
CUST009797,0.025
CUST009798,0.0232
CUST009799,0.0669
CUST009800,0.047
CUST009801,0.0764
CUST009802,0.025
CUST009803,0.1853
CUST009804,0.1362
CUST009805,0.0435
CUST009806,0.077
CUST009807,0.9938
CUST009808,0.0591
CUST009809,0.0313
CUST009810,0.0427
CUST009811,0.0955
CUST009812,0.0322
CUST009813,0.1971
CUST009814,0.0339
CUST009815,0.0385
CUST009816,0.0175
CUST009817,0.0575
CUST009818,0.9969
CUST009819,0.0403
CUST009820,0.0307
CUST009821,0.0465
CUST009822,0.0255
CUST009823,0.9964
CUST009824,0.0695
CUST009825,0.0693
CUST009826,0.1837
CUST009827,0.0344
CUST009828,0.054
CUST009829,0.036
CUST009830,0.0559
CUST009831,0.0726
CUST009832,0.0278
CUST009833,0.0289
CUST009834,0.0206
CUST009835,0.0478
CUST009836,0.1525
CUST009837,0.0139
CUST009838,0.0268
CUST009839,0.0338
CUST009840,0.0286
CUST009841,0.9958
CUST009842,0.1053
CUST009843,0.0241
CUST009844,0.0358
CUST009845,0.0368
CUST009846,0.0474
CUST009847,0.0801
CUST009848,0.0511
CUST009849,0.0621
CUST009850,0.996
CUST009851,0.0306
CUST009852,0.0564
CUST009853,0.053
CUST009854,0.0413
CUST009855,0.0429
CUST009856,0.0287
CUST009857,0.0402
CUST009858,0.0502
CUST009859,0.0344
CUST009860,0.9934
CUST009861,0.055
CUST009862,0.0708
CUST009863,0.0423
CUST009864,0.0557
CUST009865,0.1038
CUST009866,0.9969
CUST009867,0.0149
CUST009868,0.099
CUST009869,0.048
CUST009870,0.0412
CUST009871,0.0655
CUST009872,0.0347
CUST009873,0.1036
CUST009874,0.0247
CUST009875,0.1276
CUST009876,0.0469
CUST009877,0.0397
CUST009878,0.0607
CUST009879,0.028
CUST009880,0.9943
CUST009881,0.0246
CUST009882,0.0374
CUST009883,0.0511
CUST009884,0.0504
CUST009885,0.0451
CUST009886,0.1402
CUST009887,0.0616
CUST009888,0.076
CUST009889,0.0234
CUST009890,0.1214
CUST009891,0.0368
CUST009892,0.1385
CUST009893,0.3214
CUST009894,0.0495
CUST009895,0.0331
CUST009896,0.0414
CUST009897,0.0287
CUST009898,0.0408
CUST009899,0.0412
CUST009900,0.1509
CUST009901,0.0443
CUST009902,0.0524
CUST009903,0.0563
CUST009904,0.0264
CUST009905,0.0487
CUST009906,0.0257
CUST009907,0.1041
CUST009908,0.0501
CUST009909,0.1687
CUST009910,0.9971
CUST009911,0.0428
CUST009912,0.0696
CUST009913,0.0341
CUST009914,0.0587
CUST009915,0.0439
CUST009916,0.0455
CUST009917,0.0311
CUST009918,0.1223
CUST009919,0.0928
CUST009920,0.0311
CUST009921,0.0311
CUST009922,0.0808
CUST009923,0.022
CUST009924,0.0212
CUST009925,0.9954
CUST009926,0.0521
CUST009927,0.0459
CUST009928,0.057
CUST009929,0.1063
CUST009930,0.9972
CUST009931,0.9927
CUST009932,0.9957
CUST009933,0.1921
CUST009934,0.0272
CUST009935,0.0325
CUST009936,0.0404
CUST009937,0.0493
CUST009938,0.0494
CUST009939,0.0319
CUST009940,0.1217
CUST009941,0.0154
CUST009942,0.0473
CUST009943,0.0325
CUST009944,0.9966
CUST009945,0.052
CUST009946,0.0751
CUST009947,0.0392
CUST009948,0.9943
CUST009949,0.1076
CUST009950,0.0475
CUST009951,0.0371
CUST009952,0.0489
CUST009953,0.9953
CUST009954,0.0541
CUST009955,0.9971
CUST009956,0.045
CUST009957,0.0442
CUST009958,0.129
CUST009959,0.0261
CUST009960,0.0536
CUST009961,0.0113
CUST009962,0.0131
CUST009963,0.0692
CUST009964,0.0515
CUST009965,0.0502
CUST009966,0.0375
CUST009967,0.0451
CUST009968,0.0459
CUST009969,0.0644
CUST009970,0.075
CUST009971,0.0305
CUST009972,0.9969
CUST009973,0.0434
CUST009974,0.0151
CUST009975,0.0356
CUST009976,0.0987
CUST009977,0.0392
CUST009978,0.0488
CUST009979,0.0514
CUST009980,0.0721
CUST009981,0.0321
CUST009982,0.056
CUST009983,0.0363
CUST009984,0.057
CUST009985,0.0628
CUST009986,0.0456
CUST009987,0.0368
CUST009988,0.0247
CUST009989,0.0605
CUST009990,0.0356
CUST009991,0.046
CUST009992,0.0251
CUST009993,0.1174
CUST009994,0.0661
CUST009995,0.9933
CUST009996,0.04
CUST009997,0.0879
CUST009998,0.0494
CUST009999,0.9967
CUST010000,0.9963
CUST010001,0.0695
CUST010002,0.0333
CUST010003,0.0199
CUST010004,0.0791
CUST010005,0.0639
CUST010006,0.0431
CUST010007,0.05
CUST010008,0.9943
CUST010009,0.997
CUST010010,0.0485
CUST010011,0.0337
CUST010012,0.1015
CUST010013,0.996
CUST010014,0.9934
CUST010015,0.9924
CUST010016,0.0321
CUST010017,0.0646
CUST010018,0.2428
CUST010019,0.0429
CUST010020,0.9929
CUST010021,0.049
CUST010022,0.08
CUST010023,0.0321
CUST010024,0.0332
CUST010025,0.081
CUST010026,0.1446
CUST010027,0.0496
CUST010028,0.0475
CUST010029,0.0895
CUST010030,0.0578
CUST010031,0.0406
CUST010032,0.0594
CUST010033,0.0941
CUST010034,0.1044
CUST010035,0.0536
CUST010036,0.0555
CUST010037,0.0235
CUST010038,0.0509
CUST010039,0.0475
CUST010040,0.0739
CUST010041,0.0234
CUST010042,0.9975
CUST010043,0.9943
CUST010044,0.0661
CUST010045,0.0461
CUST010046,0.0828
CUST010047,0.0317
CUST010048,0.0389
CUST010049,0.0303
CUST010050,0.0613
CUST010051,0.0901
CUST010052,0.0388
CUST010053,0.0572
CUST010054,0.0517
CUST010055,0.0961
CUST010056,0.0922
CUST010057,0.9953
CUST010058,0.0398
CUST010059,0.0395
CUST010060,0.0462
CUST010061,0.0414
CUST010062,0.0246
CUST010063,0.0932
CUST010064,0.0551
CUST010065,0.0585
CUST010066,0.1235
CUST010067,0.0468
CUST010068,0.0476
CUST010069,0.0412
CUST010070,0.9951
CUST010071,0.0917
CUST010072,0.0747
CUST010073,0.0521
CUST010074,0.0418
CUST010075,0.04
CUST010076,0.993
CUST010077,0.9959
CUST010078,0.0537
CUST010079,0.0609
CUST010080,0.0501
CUST010081,0.0295
CUST010082,0.0202
CUST010083,0.0379
CUST010084,0.0195
CUST010085,0.027
CUST010086,0.0987
CUST010087,0.0848
CUST010088,0.0407
CUST010089,0.9946
CUST010090,0.056
CUST010091,0.0331
CUST010092,0.0341
CUST010093,0.0182
CUST010094,0.0628
CUST010095,0.036
CUST010096,0.0831
CUST010097,0.1875
CUST010098,0.044
CUST010099,0.0484
CUST010100,0.0289
CUST010101,0.0671
CUST010102,0.0404
CUST010103,0.0419
CUST010104,0.0536
CUST010105,0.0574
CUST010106,0.0417
CUST010107,0.1017
CUST010108,0.0748
CUST010109,0.1193
CUST010110,0.9949
CUST010111,0.0436
CUST010112,0.0227
CUST010113,0.9971
CUST010114,0.0523
CUST010115,0.108
CUST010116,0.0491
CUST010117,0.0247
CUST010118,0.0714
CUST010119,0.9968
CUST010120,0.0882
CUST010121,0.0733
CUST010122,0.0308
CUST010123,0.0727
CUST010124,0.0557
CUST010125,0.0403
CUST010126,0.0502
CUST010127,0.992
CUST010128,0.1564
CUST010129,0.0356
CUST010130,0.0288
CUST010131,0.2114
CUST010132,0.0679
CUST010133,0.0573
CUST010134,0.0469
CUST010135,0.0314
CUST010136,0.0213
CUST010137,0.994
CUST010138,0.0405
CUST010139,0.0246
CUST010140,0.9973
CUST010141,0.0488
CUST010142,0.0521
CUST010143,0.051
CUST010144,0.0656
CUST010145,0.0314
CUST010146,0.0226
CUST010147,0.0599
CUST010148,0.2132
CUST010149,0.049
CUST010150,0.0292
CUST010151,0.0514
CUST010152,0.0383
CUST010153,0.0357
CUST010154,0.045
CUST010155,0.0183
CUST010156,0.9966
CUST010157,0.0183
CUST010158,0.0545
CUST010159,0.9967
CUST010160,0.0446
CUST010161,0.0474
CUST010162,0.0349
CUST010163,0.1715
CUST010164,0.0457
CUST010165,0.06
CUST010166,0.0601
CUST010167,0.0515
CUST010168,0.0376
CUST010169,0.0394
CUST010170,0.0516
CUST010171,0.0441
CUST010172,0.1585
CUST010173,0.0185
CUST010174,0.0504
CUST010175,0.0259
CUST010176,0.0352
CUST010177,0.0465
CUST010178,0.0244
CUST010179,0.0669
CUST010180,0.0421
CUST010181,0.1334
CUST010182,0.0297
CUST010183,0.0764
CUST010184,0.0387
CUST010185,0.0556
CUST010186,0.0401
CUST010187,0.2755
CUST010188,0.0415
CUST010189,0.0379
CUST010190,0.0411
CUST010191,0.0353
CUST010192,0.0461
CUST010193,0.9972
CUST010194,0.0241
CUST010195,0.0668
CUST010196,0.0293
CUST010197,0.0254
CUST010198,0.9968
CUST010199,0.0705
CUST010200,0.0453
CUST010201,0.0806
CUST010202,0.0155
CUST010203,0.0481
CUST010204,0.0264
CUST010205,0.0263
CUST010206,0.0175
CUST010207,0.043
CUST010208,0.2385
CUST010209,0.9949
CUST010210,0.0182
CUST010211,0.1284
CUST010212,0.0353
CUST010213,0.2102
CUST010214,0.0598
CUST010215,0.024
CUST010216,0.0376
CUST010217,0.0406
CUST010218,0.0515
CUST010219,0.1459
CUST010220,0.1172
CUST010221,0.0115
CUST010222,0.0918
CUST010223,0.0598
CUST010224,0.1798
CUST010225,0.0373
CUST010226,0.0378
CUST010227,0.0906
CUST010228,0.9965
CUST010229,0.0656
CUST010230,0.9931
CUST010231,0.0296
CUST010232,0.0404
CUST010233,0.9934
CUST010234,0.0249
CUST010235,0.0676
CUST010236,0.9934
CUST010237,0.0294
CUST010238,0.0376
CUST010239,0.0313
CUST010240,0.0474
CUST010241,0.046
CUST010242,0.0349
CUST010243,0.0516
CUST010244,0.0478
CUST010245,0.0311
CUST010246,0.1261
CUST010247,0.038
CUST010248,0.0201
CUST010249,0.087
CUST010250,0.0574
CUST010251,0.0293
CUST010252,0.04
CUST010253,0.068
CUST010254,0.1091
CUST010255,0.1075
CUST010256,0.0293
CUST010257,0.1277
CUST010258,0.0369
CUST010259,0.0408
CUST010260,0.0575
CUST010261,0.1042
CUST010262,0.0805
CUST010263,0.0429
CUST010264,0.3282
CUST010265,0.0889
CUST010266,0.0683
CUST010267,0.0731
CUST010268,0.124
CUST010269,0.023
CUST010270,0.0522
CUST010271,0.0355
CUST010272,0.0361
CUST010273,0.0494
CUST010274,0.0382
CUST010275,0.0443
CUST010276,0.0652
CUST010277,0.064
CUST010278,0.06
CUST010279,0.0413
CUST010280,0.0655
CUST010281,0.141
CUST010282,0.0588
CUST010283,0.026
CUST010284,0.0979
CUST010285,0.0427
CUST010286,0.0554
CUST010287,0.0418
CUST010288,0.0241
CUST010289,0.995
CUST010290,0.0391
CUST010291,0.1183
CUST010292,0.0178
CUST010293,0.086
CUST010294,0.0299
CUST010295,0.0678
CUST010296,0.0582
CUST010297,0.0581
CUST010298,0.2952
CUST010299,0.0206
CUST010300,0.0513
CUST010301,0.058
CUST010302,0.0397
CUST010303,0.9963
CUST010304,0.0572
CUST010305,0.0538
CUST010306,0.0328
CUST010307,0.0816
CUST010308,0.0444
CUST010309,0.0282
CUST010310,0.0289
CUST010311,0.0152
CUST010312,0.0315
CUST010313,0.0563
CUST010314,0.0865
CUST010315,0.0301
CUST010316,0.0582
CUST010317,0.051
CUST010318,0.0576
CUST010319,0.0475
CUST010320,0.0465
CUST010321,0.0677
CUST010322,0.0344
CUST010323,0.0611
CUST010324,0.0876
CUST010325,0.0368
CUST010326,0.0327
CUST010327,0.0549
CUST010328,0.0573
CUST010329,0.043
CUST010330,0.0496
CUST010331,0.0454
CUST010332,0.0588
CUST010333,0.0163
CUST010334,0.0358
CUST010335,0.0631
CUST010336,0.0549
CUST010337,0.0559
CUST010338,0.0668
CUST010339,0.0361
CUST010340,0.0246
CUST010341,0.1098
CUST010342,0.9966
CUST010343,0.0406
CUST010344,0.037
CUST010345,0.0266
CUST010346,0.0345
CUST010347,0.0805
CUST010348,0.0943
CUST010349,0.9971
CUST010350,0.0366
CUST010351,0.3168
CUST010352,0.0533
CUST010353,0.06
CUST010354,0.0426
CUST010355,0.0354
CUST010356,0.0218
CUST010357,0.0355
CUST010358,0.9959
CUST010359,0.0547
CUST010360,0.0543
CUST010361,0.044
CUST010362,0.0458
CUST010363,0.0133
CUST010364,0.0625
CUST010365,0.0392
CUST010366,0.0271
CUST010367,0.0448
CUST010368,0.0423
CUST010369,0.0435
CUST010370,0.0477
CUST010371,0.9973
CUST010372,0.9957
CUST010373,0.0343
CUST010374,0.0349
CUST010375,0.0524
CUST010376,0.0309
CUST010377,0.076
CUST010378,0.0532
CUST010379,0.0355
CUST010380,0.9959
CUST010381,0.0589
CUST010382,0.0451
CUST010383,0.0523
CUST010384,0.0601
CUST010385,0.0505
CUST010386,0.996
CUST010387,0.0245
CUST010388,0.012
CUST010389,0.0483
CUST010390,0.0301
CUST010391,0.0491
CUST010392,0.9957
CUST010393,0.0736
CUST010394,0.1583
CUST010395,0.9945
CUST010396,0.1194
CUST010397,0.0781
CUST010398,0.0683
CUST010399,0.0503
CUST010400,0.9934
CUST010401,0.06
CUST010402,0.0368
CUST010403,0.0421
CUST010404,0.0495
CUST010405,0.0247
CUST010406,0.0386
CUST010407,0.0394
CUST010408,0.0442
CUST010409,0.0921
CUST010410,0.9947
CUST010411,0.062
CUST010412,0.0514
CUST010413,0.0355
CUST010414,0.0346
CUST010415,0.0352
CUST010416,0.0516
CUST010417,0.0771
CUST010418,0.037
CUST010419,0.0445
CUST010420,0.1109
CUST010421,0.0911
CUST010422,0.0852
CUST010423,0.1333
CUST010424,0.0786
CUST010425,0.045
CUST010426,0.0723
CUST010427,0.0184
CUST010428,0.017
CUST010429,0.0487
CUST010430,0.1281
CUST010431,0.1307
CUST010432,0.3649
CUST010433,0.0286
CUST010434,0.0728
CUST010435,0.0569
CUST010436,0.0329
CUST010437,0.0585
CUST010438,0.0319
CUST010439,0.0327
CUST010440,0.2747
CUST010441,0.0619
CUST010442,0.0462
CUST010443,0.0398
CUST010444,0.0125
CUST010445,0.0575
CUST010446,0.0625
CUST010447,0.1102
CUST010448,0.0329
CUST010449,0.026
CUST010450,0.0744
CUST010451,0.051
CUST010452,0.0711
CUST010453,0.0805
CUST010454,0.0569
CUST010455,0.1743
CUST010456,0.0417
CUST010457,0.0316
CUST010458,0.0262
CUST010459,0.0337
CUST010460,0.9984
CUST010461,0.0573
CUST010462,0.0277
CUST010463,0.0289
CUST010464,0.0828
CUST010465,0.04
CUST010466,0.9952
CUST010467,0.0861
CUST010468,0.0609
CUST010469,0.0348
CUST010470,0.0761
CUST010471,0.0315
CUST010472,0.0333
CUST010473,0.0343
CUST010474,0.025
CUST010475,0.0359
CUST010476,0.0511
CUST010477,0.0408
CUST010478,0.0675
CUST010479,0.0917
CUST010480,0.1032
CUST010481,0.0358
CUST010482,0.0301
CUST010483,0.0407
CUST010484,0.9957
CUST010485,0.0377
CUST010486,0.035
CUST010487,0.0951
CUST010488,0.0326
CUST010489,0.0447
CUST010490,0.0366
CUST010491,0.0329
CUST010492,0.0425
CUST010493,0.0469
CUST010494,0.9976
CUST010495,0.0642
CUST010496,0.997
CUST010497,0.035
CUST010498,0.0437
CUST010499,0.0634
CUST010500,0.034
CUST010501,0.1005
CUST010502,0.0665
CUST010503,0.0512
CUST010504,0.9945
CUST010505,0.0413
CUST010506,0.0333
CUST010507,0.148
CUST010508,0.0464
CUST010509,0.3056
CUST010510,0.0704
CUST010511,0.0844
CUST010512,0.9976
CUST010513,0.0633
CUST010514,0.9944
CUST010515,0.1077
CUST010516,0.9951
CUST010517,0.0427
CUST010518,0.0646
CUST010519,0.0418
CUST010520,0.051
CUST010521,0.0303
CUST010522,0.0491
CUST010523,0.0471
CUST010524,0.064
CUST010525,0.0382
CUST010526,0.9976
CUST010527,0.0602
CUST010528,0.9959
CUST010529,0.0222
CUST010530,0.0683
CUST010531,0.0561
CUST010532,0.0473
CUST010533,0.1521
CUST010534,0.0416
CUST010535,0.1124
CUST010536,0.1018
CUST010537,0.9954
CUST010538,0.051
CUST010539,0.9939
CUST010540,0.0344
CUST010541,0.9972
CUST010542,0.0253
CUST010543,0.0423
CUST010544,0.9942
CUST010545,0.0616
CUST010546,0.026
CUST010547,0.0338
CUST010548,0.9931
CUST010549,0.0339
CUST010550,0.0344
CUST010551,0.0957
CUST010552,0.0599
CUST010553,0.038
CUST010554,0.1109
CUST010555,0.0466
CUST010556,0.038
CUST010557,0.1374
CUST010558,0.9972
CUST010559,0.0467
CUST010560,0.0426
CUST010561,0.0423
CUST010562,0.0464
CUST010563,0.0364
CUST010564,0.0921
CUST010565,0.0321
CUST010566,0.9967
CUST010567,0.0669
CUST010568,0.0961
CUST010569,0.0251
CUST010570,0.1499
CUST010571,0.0281
CUST010572,0.0331
CUST010573,0.05
CUST010574,0.1476
CUST010575,0.0716
CUST010576,0.0609
CUST010577,0.1169
CUST010578,0.9951
CUST010579,0.0645
CUST010580,0.9964
CUST010581,0.9965
CUST010582,0.058
CUST010583,0.0323
CUST010584,0.0377
CUST010585,0.0848
CUST010586,0.0804
CUST010587,0.034
CUST010588,0.0559
CUST010589,0.0556
CUST010590,0.0514
CUST010591,0.9939
CUST010592,0.022
CUST010593,0.1578
CUST010594,0.0793
CUST010595,0.0336
CUST010596,0.0484
CUST010597,0.0507
CUST010598,0.9975
CUST010599,0.1132
CUST010600,0.9945
CUST010601,0.0415
CUST010602,0.0359
CUST010603,0.0745
CUST010604,0.087
CUST010605,0.0483
CUST010606,0.0381
CUST010607,0.0393
CUST010608,0.034
CUST010609,0.0327
CUST010610,0.0328
CUST010611,0.0253
CUST010612,0.0213
CUST010613,0.1838
CUST010614,0.0404
CUST010615,0.1019
CUST010616,0.0692
CUST010617,0.0268
CUST010618,0.0433
CUST010619,0.016
CUST010620,0.0716
CUST010621,0.0439
CUST010622,0.0723
CUST010623,0.0688
CUST010624,0.0828
CUST010625,0.1188
CUST010626,0.0313
CUST010627,0.0448
CUST010628,0.0605
CUST010629,0.0323
CUST010630,0.1674
CUST010631,0.0615
CUST010632,0.0768
CUST010633,0.068
CUST010634,0.0524
CUST010635,0.087
CUST010636,0.9953
CUST010637,0.9933
CUST010638,0.0412
CUST010639,0.0436
CUST010640,0.0753
CUST010641,0.0226
CUST010642,0.063
CUST010643,0.0419
CUST010644,0.0319
CUST010645,0.0632
CUST010646,0.0441
CUST010647,0.045
CUST010648,0.0358
CUST010649,0.0739
CUST010650,0.9949
CUST010651,0.0472
CUST010652,0.0549
CUST010653,0.0886
CUST010654,0.0431
CUST010655,0.0718
CUST010656,0.0303
CUST010657,0.0627
CUST010658,0.997
CUST010659,0.0712
CUST010660,0.0628
CUST010661,0.9937
CUST010662,0.0448
CUST010663,0.0472
CUST010664,0.0472
CUST010665,0.0336
CUST010666,0.0387
CUST010667,0.0496
CUST010668,0.0388
CUST010669,0.0348
CUST010670,0.2184
CUST010671,0.9955
CUST010672,0.055
CUST010673,0.0424
CUST010674,0.016
CUST010675,0.0165
CUST010676,0.9951
CUST010677,0.0287
CUST010678,0.0742
CUST010679,0.0459
CUST010680,0.0381
CUST010681,0.047
CUST010682,0.0365
CUST010683,0.0335
CUST010684,0.0289
CUST010685,0.0803
CUST010686,0.1503
CUST010687,0.0384
CUST010688,0.046
CUST010689,0.0307
CUST010690,0.1118
CUST010691,0.0311
CUST010692,0.084
CUST010693,0.0357
CUST010694,0.0364
CUST010695,0.0359
CUST010696,0.9953
CUST010697,0.1101
CUST010698,0.0576
CUST010699,0.0337
CUST010700,0.0673
CUST010701,0.2299
CUST010702,0.0173
CUST010703,0.0534
CUST010704,0.0578
CUST010705,0.0307
CUST010706,0.0754
CUST010707,0.9959
CUST010708,0.0529
CUST010709,0.9953
CUST010710,0.0403
CUST010711,0.0282
CUST010712,0.055
CUST010713,0.9944
CUST010714,0.9942
CUST010715,0.0421
CUST010716,0.1165
CUST010717,0.9944
CUST010718,0.9958
CUST010719,0.0295
CUST010720,0.0642
CUST010721,0.0225
CUST010722,0.0618
CUST010723,0.0505
CUST010724,0.0391
CUST010725,0.0669
CUST010726,0.0361
CUST010727,0.0478
CUST010728,0.0442
CUST010729,0.0491
CUST010730,0.0348
CUST010731,0.0535
CUST010732,0.0266
CUST010733,0.2311
CUST010734,0.1703
CUST010735,0.0427
CUST010736,0.0302
CUST010737,0.0609
CUST010738,0.0894
CUST010739,0.0349
CUST010740,0.0652
CUST010741,0.0459
CUST010742,0.095
CUST010743,0.0215
CUST010744,0.16
CUST010745,0.0568
CUST010746,0.0486
CUST010747,0.0407
CUST010748,0.0549
CUST010749,0.0431
CUST010750,0.995
CUST010751,0.0691
CUST010752,0.0422
CUST010753,0.0424
CUST010754,0.051
CUST010755,0.0743
CUST010756,0.0351
CUST010757,0.1521
CUST010758,0.1843
CUST010759,0.0497
CUST010760,0.0617
CUST010761,0.0626
CUST010762,0.0422
CUST010763,0.0983
CUST010764,0.0615
CUST010765,0.0336
CUST010766,0.0492
CUST010767,0.0312
CUST010768,0.0262
CUST010769,0.2099
CUST010770,0.9964
CUST010771,0.9952
CUST010772,0.0362
CUST010773,0.042
CUST010774,0.012
CUST010775,0.9943
CUST010776,0.0805
CUST010777,0.0795
CUST010778,0.0533
CUST010779,0.0716
CUST010780,0.0358
CUST010781,0.0289
CUST010782,0.0246
CUST010783,0.057
CUST010784,0.0847
CUST010785,0.0318
CUST010786,0.061
CUST010787,0.023
CUST010788,0.0997
CUST010789,0.0416
CUST010790,0.1902
CUST010791,0.038
CUST010792,0.1325
CUST010793,0.0478
CUST010794,0.0392
CUST010795,0.0418
CUST010796,0.0328
CUST010797,0.0308
CUST010798,0.9932
CUST010799,0.0252
CUST010800,0.049
CUST010801,0.0902
CUST010802,0.0426
CUST010803,0.0274
CUST010804,0.0442
CUST010805,0.0817
CUST010806,0.0226
CUST010807,0.0233
CUST010808,0.5949
CUST010809,0.03
CUST010810,0.3353
CUST010811,0.0403
CUST010812,0.0445
CUST010813,0.0916
CUST010814,0.0419
CUST010815,0.0356
CUST010816,0.0392
CUST010817,0.0256
CUST010818,0.0363
CUST010819,0.0425
CUST010820,0.0335
CUST010821,0.0955
CUST010822,0.0627
CUST010823,0.0578
CUST010824,0.0367
CUST010825,0.1312
CUST010826,0.0337
CUST010827,0.0491
CUST010828,0.0245
CUST010829,0.038
CUST010830,0.1919
CUST010831,0.1097
CUST010832,0.9943
CUST010833,0.0625
CUST010834,0.0798
CUST010835,0.0243
CUST010836,0.0568
CUST010837,0.0648
CUST010838,0.9947
CUST010839,0.0613
CUST010840,0.0333
CUST010841,0.0663
CUST010842,0.0584
CUST010843,0.0785
CUST010844,0.0363
CUST010845,0.0553
CUST010846,0.0484
CUST010847,0.0718
CUST010848,0.0387
CUST010849,0.9966
CUST010850,0.04
CUST010851,0.055
CUST010852,0.0854
CUST010853,0.0616
CUST010854,0.0385
CUST010855,0.0378
CUST010856,0.0533
CUST010857,0.0446
CUST010858,0.0107
CUST010859,0.0381
CUST010860,0.0665
CUST010861,0.0237
CUST010862,0.0411
CUST010863,0.043
CUST010864,0.031
CUST010865,0.0462
CUST010866,0.0387
CUST010867,0.0259
CUST010868,0.9966
CUST010869,0.0643
CUST010870,0.0211
CUST010871,0.0932
CUST010872,0.0458
CUST010873,0.054
CUST010874,0.0597
CUST010875,0.0507
CUST010876,0.0232
CUST010877,0.9959
CUST010878,0.0624
CUST010879,0.053
CUST010880,0.1128
CUST010881,0.0296
CUST010882,0.027
CUST010883,0.0383
CUST010884,0.9954
CUST010885,0.0673
CUST010886,0.0632
CUST010887,0.0554
CUST010888,0.0257
CUST010889,0.0453
CUST010890,0.0901
CUST010891,0.0445
CUST010892,0.0306
CUST010893,0.042
CUST010894,0.0112
CUST010895,0.0493
CUST010896,0.0268
CUST010897,0.0347
CUST010898,0.0384
CUST010899,0.1228
CUST010900,0.0563
CUST010901,0.0588
CUST010902,0.0507
CUST010903,0.0078
CUST010904,0.0599
CUST010905,0.9935
CUST010906,0.0259
CUST010907,0.0514
CUST010908,0.1402
CUST010909,0.0382
CUST010910,0.0407
CUST010911,0.0659
CUST010912,0.0476
CUST010913,0.0506
CUST010914,0.0916
CUST010915,0.0691
CUST010916,0.0351
CUST010917,0.0592
CUST010918,0.0496
CUST010919,0.9936
CUST010920,0.1108
CUST010921,0.0286
CUST010922,0.0454
CUST010923,0.0444
CUST010924,0.0407
CUST010925,0.0472
CUST010926,0.9982
CUST010927,0.0349
CUST010928,0.3178
CUST010929,0.0319
CUST010930,0.036
CUST010931,0.0727
CUST010932,0.044
CUST010933,0.9959
CUST010934,0.9972
CUST010935,0.0135
CUST010936,0.0323
CUST010937,0.9917
CUST010938,0.0486
CUST010939,0.9966
CUST010940,0.9971
CUST010941,0.062
CUST010942,0.0262
CUST010943,0.0259
CUST010944,0.0146
CUST010945,0.9959
CUST010946,0.0299
CUST010947,0.1425
CUST010948,0.0366
CUST010949,0.0463
CUST010950,0.0304
CUST010951,0.0351
CUST010952,0.031
CUST010953,0.0598
CUST010954,0.0792
CUST010955,0.2163
CUST010956,0.1653
CUST010957,0.0472
CUST010958,0.0266
CUST010959,0.1065
CUST010960,0.042
CUST010961,0.1177
CUST010962,0.0447
CUST010963,0.0581
CUST010964,0.1175
CUST010965,0.9938
CUST010966,0.0618
CUST010967,0.1076
CUST010968,0.168
CUST010969,0.0338
CUST010970,0.9937
CUST010971,0.0296
CUST010972,0.0417
CUST010973,0.277
CUST010974,0.0422
CUST010975,0.9944
CUST010976,0.0543
CUST010977,0.0318
CUST010978,0.0857
CUST010979,0.144
CUST010980,0.0455
CUST010981,0.0426
CUST010982,0.0357
CUST010983,0.024
CUST010984,0.1148
CUST010985,0.0434
CUST010986,0.0623
CUST010987,0.0284
CUST010988,0.9938
CUST010989,0.0357
CUST010990,0.0364
CUST010991,0.2558
CUST010992,0.0303
CUST010993,0.0496
CUST010994,0.1057
CUST010995,0.0477
CUST010996,0.0441
CUST010997,0.1533
CUST010998,0.0436
CUST010999,0.0378
CUST011000,0.0236
CUST011001,0.0283
CUST011002,0.0862
CUST011003,0.0148
CUST011004,0.0475
CUST011005,0.0336
CUST011006,0.9957
CUST011007,0.0778
CUST011008,0.056
CUST011009,0.0472
CUST011010,0.026
CUST011011,0.0378
CUST011012,0.9944
CUST011013,0.0496
CUST011014,0.0613
CUST011015,0.0913
CUST011016,0.0484
CUST011017,0.036
CUST011018,0.0643
CUST011019,0.1396
CUST011020,0.03
CUST011021,0.0587
CUST011022,0.0464
CUST011023,0.087
CUST011024,0.0403
CUST011025,0.0613
CUST011026,0.0319
CUST011027,0.0548
CUST011028,0.1486
CUST011029,0.0515
CUST011030,0.0234
CUST011031,0.0532
CUST011032,0.0603
CUST011033,0.033
CUST011034,0.0159
CUST011035,0.1925
CUST011036,0.1065
CUST011037,0.0441
CUST011038,0.0322
CUST011039,0.9963
CUST011040,0.9963
CUST011041,0.0615
CUST011042,0.9926
CUST011043,0.0442
CUST011044,0.0438
CUST011045,0.0408
CUST011046,0.111
CUST011047,0.0271
CUST011048,0.0748
CUST011049,0.0402
CUST011050,0.0511
CUST011051,0.0273
CUST011052,0.0297
CUST011053,0.1373
CUST011054,0.0425
CUST011055,0.9956
CUST011056,0.1153
CUST011057,0.0387
CUST011058,0.073
CUST011059,0.0546
CUST011060,0.0514
CUST011061,0.037
CUST011062,0.1092
CUST011063,0.0691
CUST011064,0.0361
CUST011065,0.0341
CUST011066,0.0845
CUST011067,0.0689
CUST011068,0.0341
CUST011069,0.0303
CUST011070,0.024
CUST011071,0.139
CUST011072,0.0198
CUST011073,0.0407
CUST011074,0.0236
CUST011075,0.0909
CUST011076,0.0628
CUST011077,0.0662
CUST011078,0.0762
CUST011079,0.0429
CUST011080,0.0958
CUST011081,0.0631
CUST011082,0.052
CUST011083,0.1035
CUST011084,0.9925
CUST011085,0.0244
CUST011086,0.9948
CUST011087,0.0173
CUST011088,0.041
CUST011089,0.0146
CUST011090,0.0389
CUST011091,0.0587
CUST011092,0.0321
CUST011093,0.0484
CUST011094,0.0592
CUST011095,0.0196
CUST011096,0.022
CUST011097,0.0366
CUST011098,0.0427
CUST011099,0.035
CUST011100,0.039
CUST011101,0.0484
CUST011102,0.1641
CUST011103,0.0542
CUST011104,0.0416
CUST011105,0.9954
CUST011106,0.1489
CUST011107,0.0177
CUST011108,0.051
CUST011109,0.0452
CUST011110,0.0289
CUST011111,0.0763
CUST011112,0.1167
CUST011113,0.9962
CUST011114,0.0384
CUST011115,0.1007
CUST011116,0.0377
CUST011117,0.0896
CUST011118,0.2216
CUST011119,0.0867
CUST011120,0.0449
CUST011121,0.0988
CUST011122,0.0565
CUST011123,0.0826
CUST011124,0.1282
CUST011125,0.0466
CUST011126,0.041
CUST011127,0.05
CUST011128,0.0623
CUST011129,0.1246
CUST011130,0.988
CUST011131,0.0409
CUST011132,0.1516
CUST011133,0.0484
CUST011134,0.0872
CUST011135,0.0316
CUST011136,0.0842
CUST011137,0.0814
CUST011138,0.9944
CUST011139,0.9957
CUST011140,0.0776
CUST011141,0.0529
CUST011142,0.0563
CUST011143,0.0571
CUST011144,0.0951
CUST011145,0.0224
CUST011146,0.0789
CUST011147,0.0583
CUST011148,0.0606
CUST011149,0.0902
CUST011150,0.0331
CUST011151,0.0438
CUST011152,0.9949
CUST011153,0.1144
CUST011154,0.0854
CUST011155,0.0326
CUST011156,0.049
CUST011157,0.0527
CUST011158,0.0893
CUST011159,0.024
CUST011160,0.0916
CUST011161,0.086
CUST011162,0.9943
CUST011163,0.071
CUST011164,0.0546
CUST011165,0.0621
CUST011166,0.1323
CUST011167,0.0723
CUST011168,0.9969
CUST011169,0.028
CUST011170,0.0361
CUST011171,0.0406
CUST011172,0.0814
CUST011173,0.0274
CUST011174,0.0453
CUST011175,0.0626
CUST011176,0.0402
CUST011177,0.1172
CUST011178,0.0318
CUST011179,0.0821
CUST011180,0.0469
CUST011181,0.037
CUST011182,0.0946
CUST011183,0.0511
CUST011184,0.0646
CUST011185,0.0211
CUST011186,0.0623
CUST011187,0.036
CUST011188,0.1107
CUST011189,0.0433
CUST011190,0.043
CUST011191,0.9949
CUST011192,0.0398
CUST011193,0.0346
CUST011194,0.0163
CUST011195,0.1277
CUST011196,0.0554
CUST011197,0.0342
CUST011198,0.1343
CUST011199,0.084
CUST011200,0.0743
CUST011201,0.9976
CUST011202,0.9934
CUST011203,0.0316
CUST011204,0.0525
CUST011205,0.0301
CUST011206,0.0478
CUST011207,0.9964
CUST011208,0.0526
CUST011209,0.9966
CUST011210,0.0309
CUST011211,0.1175
CUST011212,0.074
CUST011213,0.173
CUST011214,0.0356
CUST011215,0.0783
CUST011216,0.046
CUST011217,0.031
CUST011218,0.075
CUST011219,0.053
CUST011220,0.0479
CUST011221,0.9954
CUST011222,0.0431
CUST011223,0.0234
CUST011224,0.0566
CUST011225,0.2589
CUST011226,0.0439
CUST011227,0.0756
CUST011228,0.0518
CUST011229,0.0646
CUST011230,0.0429
CUST011231,0.1269
CUST011232,0.0465
CUST011233,0.0686
CUST011234,0.0354
CUST011235,0.0287
CUST011236,0.0683
CUST011237,0.0792
CUST011238,0.0853
CUST011239,0.9954
CUST011240,0.041
CUST011241,0.1114
CUST011242,0.169
CUST011243,0.0308
CUST011244,0.0737
CUST011245,0.0907
CUST011246,0.0305
CUST011247,0.0377
CUST011248,0.2317
CUST011249,0.0179
CUST011250,0.0322
CUST011251,0.2019
CUST011252,0.0892
CUST011253,0.0325
CUST011254,0.0529
CUST011255,0.0432
CUST011256,0.027
CUST011257,0.1896
CUST011258,0.0836
CUST011259,0.9893
CUST011260,0.0373
CUST011261,0.0868
CUST011262,0.0354
CUST011263,0.0181
CUST011264,0.076
CUST011265,0.9953
CUST011266,0.0646
CUST011267,0.1198
CUST011268,0.071
CUST011269,0.0318
CUST011270,0.0383
CUST011271,0.9961
CUST011272,0.0301
CUST011273,0.0724
CUST011274,0.0404
CUST011275,0.0455
CUST011276,0.0802
CUST011277,0.0537
CUST011278,0.0565
CUST011279,0.1971
CUST011280,0.0926
CUST011281,0.0626
CUST011282,0.0426
CUST011283,0.0433
CUST011284,0.0329
CUST011285,0.0123
CUST011286,0.0715
CUST011287,0.1201
CUST011288,0.9942
CUST011289,0.0696
CUST011290,0.0887
CUST011291,0.0545
CUST011292,0.0541
CUST011293,0.0305
CUST011294,0.0865
CUST011295,0.0442
CUST011296,0.037
CUST011297,0.0381
CUST011298,0.9967
CUST011299,0.0416
CUST011300,0.0921
CUST011301,0.0478
CUST011302,0.0449
CUST011303,0.0343
CUST011304,0.0937
CUST011305,0.1723
CUST011306,0.1271
CUST011307,0.0336
CUST011308,0.0258
CUST011309,0.7887
CUST011310,0.9931
CUST011311,0.9952
CUST011312,0.0418
CUST011313,0.0415
CUST011314,0.9948
CUST011315,0.1293
CUST011316,0.0278
CUST011317,0.0396
CUST011318,0.0909
CUST011319,0.0277
CUST011320,0.9956
CUST011321,0.0287
CUST011322,0.0457
CUST011323,0.3599
CUST011324,0.9949
CUST011325,0.0454
CUST011326,0.0715
CUST011327,0.0569
CUST011328,0.0404
CUST011329,0.0598
CUST011330,0.0506
CUST011331,0.0663
CUST011332,0.0388
CUST011333,0.9914
CUST011334,0.0333
CUST011335,0.0843
CUST011336,0.1073
CUST011337,0.0859
CUST011338,0.0681
CUST011339,0.0256
CUST011340,0.0512
CUST011341,0.0592
CUST011342,0.0361
CUST011343,0.0357
CUST011344,0.0346
CUST011345,0.9957
CUST011346,0.0785
CUST011347,0.1088
CUST011348,0.9943
CUST011349,0.9963
CUST011350,0.1752
CUST011351,0.0345
CUST011352,0.02
CUST011353,0.0329
CUST011354,0.1847
CUST011355,0.0272
CUST011356,0.032
CUST011357,0.0284
CUST011358,0.1499
CUST011359,0.0614
CUST011360,0.0491
CUST011361,0.0485
CUST011362,0.0344
CUST011363,0.0279
CUST011364,0.0165
CUST011365,0.0836
CUST011366,0.0311
CUST011367,0.0843
CUST011368,0.0426
CUST011369,0.0588
CUST011370,0.0395
CUST011371,0.045
CUST011372,0.0884
CUST011373,0.0374
CUST011374,0.9938
CUST011375,0.0599
CUST011376,0.0411
CUST011377,0.056
CUST011378,0.0826
CUST011379,0.032
CUST011380,0.042
CUST011381,0.0823
CUST011382,0.0618
CUST011383,0.0556
CUST011384,0.1382
CUST011385,0.047
CUST011386,0.0686
CUST011387,0.0345
CUST011388,0.0465
CUST011389,0.0486
CUST011390,0.0505
CUST011391,0.2165
CUST011392,0.036
CUST011393,0.0555
CUST011394,0.0439
CUST011395,0.0702
CUST011396,0.2689
CUST011397,0.0617
CUST011398,0.0436
CUST011399,0.0382
CUST011400,0.0509
CUST011401,0.0541
CUST011402,0.0407
CUST011403,0.1557
CUST011404,0.0619
CUST011405,0.0497
CUST011406,0.0708
CUST011407,0.0422
CUST011408,0.0612
CUST011409,0.0194
CUST011410,0.0131
CUST011411,0.0147
CUST011412,0.0335
CUST011413,0.0554
CUST011414,0.0467
CUST011415,0.026
CUST011416,0.0326
CUST011417,0.0283
CUST011418,0.0457
CUST011419,0.995
CUST011420,0.0235
CUST011421,0.0509
CUST011422,0.0601
CUST011423,0.0295
CUST011424,0.0794
CUST011425,0.0373
CUST011426,0.9916
CUST011427,0.0384
CUST011428,0.0283
CUST011429,0.1599
CUST011430,0.0617
CUST011431,0.0357
CUST011432,0.0901
CUST011433,0.0361
CUST011434,0.0538
CUST011435,0.0738
CUST011436,0.0241
CUST011437,0.0438
CUST011438,0.1254
CUST011439,0.0559
CUST011440,0.1991
CUST011441,0.0912
CUST011442,0.0618
CUST011443,0.0202
CUST011444,0.0919
CUST011445,0.0379
CUST011446,0.045
CUST011447,0.0368
CUST011448,0.9971
CUST011449,0.0495
CUST011450,0.0439
CUST011451,0.07
CUST011452,0.0454
CUST011453,0.0652
CUST011454,0.0564
CUST011455,0.0365
CUST011456,0.0349
CUST011457,0.015
CUST011458,0.0351
CUST011459,0.0924
CUST011460,0.0504
CUST011461,0.0365
CUST011462,0.2096
CUST011463,0.031
CUST011464,0.9971
CUST011465,0.0566
CUST011466,0.0467
CUST011467,0.0624
CUST011468,0.0808
CUST011469,0.0513
CUST011470,0.065
CUST011471,0.9939
CUST011472,0.0395
CUST011473,0.0736
CUST011474,0.1708
CUST011475,0.0411
CUST011476,0.0262
CUST011477,0.0419
CUST011478,0.0783
CUST011479,0.0612
CUST011480,0.0283
CUST011481,0.1542
CUST011482,0.039
CUST011483,0.0382
CUST011484,0.1084
CUST011485,0.0322
CUST011486,0.9961
CUST011487,0.0232
CUST011488,0.9958
CUST011489,0.0475
CUST011490,0.0514
CUST011491,0.047
CUST011492,0.0473
CUST011493,0.0705
CUST011494,0.0313
CUST011495,0.0522
CUST011496,0.0407
CUST011497,0.9967
CUST011498,0.0554
CUST011499,0.0366
CUST011500,0.0735
CUST011501,0.2066
CUST011502,0.0502
CUST011503,0.0505
CUST011504,0.0695
CUST011505,0.0455
CUST011506,0.0878
CUST011507,0.0477
CUST011508,0.0277
CUST011509,0.0792
CUST011510,0.0345
CUST011511,0.9926
CUST011512,0.0247
CUST011513,0.996
CUST011514,0.0373
CUST011515,0.0615
CUST011516,0.0622
CUST011517,0.0398
CUST011518,0.0621
CUST011519,0.0619
CUST011520,0.0607
CUST011521,0.0364
CUST011522,0.0256
CUST011523,0.0637
CUST011524,0.033
CUST011525,0.1314
CUST011526,0.0324
CUST011527,0.0499
CUST011528,0.0244
CUST011529,0.0238
CUST011530,0.1062
CUST011531,0.9954
CUST011532,0.0351
CUST011533,0.9921
CUST011534,0.0629
CUST011535,0.0495
CUST011536,0.0397
CUST011537,0.0623
CUST011538,0.0272
CUST011539,0.0594
CUST011540,0.098
CUST011541,0.9951
CUST011542,0.0414
CUST011543,0.0495
CUST011544,0.0339
CUST011545,0.0394
CUST011546,0.02
CUST011547,0.0332
CUST011548,0.045
CUST011549,0.9958
CUST011550,0.039
CUST011551,0.0306
CUST011552,0.1294
CUST011553,0.0506
CUST011554,0.0369
CUST011555,0.0701
CUST011556,0.0322
CUST011557,0.0206
CUST011558,0.0483
CUST011559,0.0484
CUST011560,0.0296
CUST011561,0.0622
CUST011562,0.0292
CUST011563,0.0771
CUST011564,0.013
CUST011565,0.0621
CUST011566,0.0813
CUST011567,0.0242
CUST011568,0.0376
CUST011569,0.0485
CUST011570,0.0504
CUST011571,0.0454
CUST011572,0.0559
CUST011573,0.1402
CUST011574,0.0486
CUST011575,0.1202
CUST011576,0.0157
CUST011577,0.0423
CUST011578,0.0319
CUST011579,0.064
CUST011580,0.039
CUST011581,0.0503
CUST011582,0.0313
CUST011583,0.162
CUST011584,0.9948
CUST011585,0.0388
CUST011586,0.037
CUST011587,0.0689
CUST011588,0.0486
CUST011589,0.0799
CUST011590,0.0804
CUST011591,0.024
CUST011592,0.0768
CUST011593,0.0322
CUST011594,0.0409
CUST011595,0.0622
CUST011596,0.0445
CUST011597,0.1666
CUST011598,0.1118
CUST011599,0.0351
CUST011600,0.0303
CUST011601,0.0332
CUST011602,0.014
CUST011603,0.0353
CUST011604,0.9935
CUST011605,0.0432
CUST011606,0.0352
CUST011607,0.0515
CUST011608,0.0122
CUST011609,0.079
CUST011610,0.0325
CUST011611,0.0252
CUST011612,0.0373
CUST011613,0.0321
CUST011614,0.056
CUST011615,0.0478
CUST011616,0.0414
CUST011617,0.17
CUST011618,0.0514
CUST011619,0.0722
CUST011620,0.037
CUST011621,0.0219
CUST011622,0.0604
CUST011623,0.0402
CUST011624,0.9952
CUST011625,0.994
CUST011626,0.0306
CUST011627,0.0422
CUST011628,0.0127
CUST011629,0.0343
CUST011630,0.0613
CUST011631,0.0368
CUST011632,0.0351
CUST011633,0.0435
CUST011634,0.0971
CUST011635,0.9935
CUST011636,0.0259
CUST011637,0.053
CUST011638,0.0361
CUST011639,0.0232
CUST011640,0.0578
CUST011641,0.9921
CUST011642,0.1073
CUST011643,0.0888
CUST011644,0.9975
CUST011645,0.038
CUST011646,0.0273
CUST011647,0.0269
CUST011648,0.058
CUST011649,0.0468
CUST011650,0.0447
CUST011651,0.0705
CUST011652,0.0373
CUST011653,0.0283
CUST011654,0.995
CUST011655,0.0357
CUST011656,0.066
CUST011657,0.0499
CUST011658,0.0948
CUST011659,0.0765
CUST011660,0.0803
CUST011661,0.0446
CUST011662,0.9972
CUST011663,0.2123
CUST011664,0.0379
CUST011665,0.047
CUST011666,0.1301
CUST011667,0.9966
CUST011668,0.058
CUST011669,0.0462
CUST011670,0.0477
CUST011671,0.0783
CUST011672,0.0503
CUST011673,0.0559
CUST011674,0.0529
CUST011675,0.994
CUST011676,0.0661
CUST011677,0.0836
CUST011678,0.0533
CUST011679,0.9974
CUST011680,0.032
CUST011681,0.997
CUST011682,0.0392
CUST011683,0.0431
CUST011684,0.0518
CUST011685,0.1252
CUST011686,0.0527
CUST011687,0.0743
CUST011688,0.0323
CUST011689,0.053
CUST011690,0.0334
CUST011691,0.0534
CUST011692,0.9964
CUST011693,0.9967
CUST011694,0.0777
CUST011695,0.9941
CUST011696,0.1261
CUST011697,0.9959
CUST011698,0.1093
CUST011699,0.0293
CUST011700,0.152
CUST011701,0.1117
CUST011702,0.0255
CUST011703,0.0808
CUST011704,0.04
CUST011705,0.0458
CUST011706,0.994
CUST011707,0.057
CUST011708,0.0701
CUST011709,0.0312
CUST011710,0.0317
CUST011711,0.0384
CUST011712,0.0568
CUST011713,0.065
CUST011714,0.0905
CUST011715,0.0486
CUST011716,0.0429
CUST011717,0.9967
CUST011718,0.0242
CUST011719,0.1053
CUST011720,0.0248
CUST011721,0.0486
CUST011722,0.039
CUST011723,0.0476
CUST011724,0.0501
CUST011725,0.0468
CUST011726,0.0342
CUST011727,0.0776
CUST011728,0.3258
CUST011729,0.9973
CUST011730,0.0482
CUST011731,0.9969
CUST011732,0.048
CUST011733,0.0797
CUST011734,0.0377
CUST011735,0.039
CUST011736,0.0232
CUST011737,0.0357
CUST011738,0.0219
CUST011739,0.9961
CUST011740,0.0853
CUST011741,0.063
CUST011742,0.1184
CUST011743,0.0703
CUST011744,0.0443
CUST011745,0.03
CUST011746,0.0165
CUST011747,0.0365
CUST011748,0.07
CUST011749,0.0547
CUST011750,0.0225
CUST011751,0.9939
CUST011752,0.0627
CUST011753,0.037
CUST011754,0.0386
CUST011755,0.0258
CUST011756,0.062
CUST011757,0.0288
CUST011758,0.0786
CUST011759,0.0354
CUST011760,0.0511
CUST011761,0.0367
CUST011762,0.0635
CUST011763,0.0327
CUST011764,0.0376
CUST011765,0.9956
CUST011766,0.1159
CUST011767,0.0452
CUST011768,0.0302
CUST011769,0.9969
CUST011770,0.044
CUST011771,0.9943
CUST011772,0.0369
CUST011773,0.027
CUST011774,0.0292
CUST011775,0.0303
CUST011776,0.0356
CUST011777,0.0528
CUST011778,0.0311
CUST011779,0.0349
CUST011780,0.0742
CUST011781,0.037
CUST011782,0.1334
CUST011783,0.0243
CUST011784,0.0322
CUST011785,0.9957
CUST011786,0.0496
CUST011787,0.0761
CUST011788,0.0439
CUST011789,0.0812
CUST011790,0.0475
CUST011791,0.0826
CUST011792,0.9948
CUST011793,0.0372
CUST011794,0.048
CUST011795,0.0768
CUST011796,0.0321
CUST011797,0.0343
CUST011798,0.0462
CUST011799,0.0195
CUST011800,0.0431
CUST011801,0.0388
CUST011802,0.1185
CUST011803,0.0629
CUST011804,0.0432
CUST011805,0.9956
CUST011806,0.0722
CUST011807,0.0294
CUST011808,0.0417
CUST011809,0.0278
CUST011810,0.0675
CUST011811,0.0338
CUST011812,0.0611
CUST011813,0.2151
CUST011814,0.0491
CUST011815,0.207
CUST011816,0.0351
CUST011817,0.0974
CUST011818,0.9957
CUST011819,0.066
CUST011820,0.0362
CUST011821,0.0269
CUST011822,0.9954
CUST011823,0.0435
CUST011824,0.0734
CUST011825,0.0712
CUST011826,0.0423
CUST011827,0.076
CUST011828,0.0677
CUST011829,0.0381
CUST011830,0.0257
CUST011831,0.0212
CUST011832,0.9946
CUST011833,0.0339
CUST011834,0.099
CUST011835,0.0928
CUST011836,0.0333
CUST011837,0.0662
CUST011838,0.0211
CUST011839,0.0836
CUST011840,0.0523
CUST011841,0.0303
CUST011842,0.9953
CUST011843,0.0396
CUST011844,0.9942
CUST011845,0.0375
CUST011846,0.564
CUST011847,0.058
CUST011848,0.0464
CUST011849,0.0463
CUST011850,0.0399
CUST011851,0.0261
CUST011852,0.0688
CUST011853,0.0393
CUST011854,0.0758
CUST011855,0.9957
CUST011856,0.0876
CUST011857,0.0999
CUST011858,0.0228
CUST011859,0.0553
CUST011860,0.0416
CUST011861,0.1311
CUST011862,0.0427
CUST011863,0.994
CUST011864,0.035
CUST011865,0.9947
CUST011866,0.028
CUST011867,0.0975
CUST011868,0.0554
CUST011869,0.043
CUST011870,0.0296
CUST011871,0.0436
CUST011872,0.1252
CUST011873,0.0392
CUST011874,0.0638
CUST011875,0.0551
CUST011876,0.0555
CUST011877,0.0654
CUST011878,0.053
CUST011879,0.0659
CUST011880,0.0828
CUST011881,0.0693
CUST011882,0.0273
CUST011883,0.0307
CUST011884,0.0271
CUST011885,0.0529
CUST011886,0.0237
CUST011887,0.0451
CUST011888,0.0517
CUST011889,0.9973
CUST011890,0.0759
CUST011891,0.0417
CUST011892,0.0167
CUST011893,0.0596
CUST011894,0.0246
CUST011895,0.995
CUST011896,0.0367
CUST011897,0.0717
CUST011898,0.0205
CUST011899,0.0588
CUST011900,0.0605
CUST011901,0.0397
CUST011902,0.2746
CUST011903,0.0426
CUST011904,0.0258
CUST011905,0.0623
CUST011906,0.0321
CUST011907,0.0416
CUST011908,0.0321
CUST011909,0.0331
CUST011910,0.0242
CUST011911,0.0924
CUST011912,0.048
CUST011913,0.0484
CUST011914,0.0258
CUST011915,0.0819
CUST011916,0.0442
CUST011917,0.0174
CUST011918,0.06
CUST011919,0.0583
CUST011920,0.992
CUST011921,0.9975
CUST011922,0.0797
CUST011923,0.064
CUST011924,0.0411
CUST011925,0.0319
CUST011926,0.1094
CUST011927,0.0555
CUST011928,0.04
CUST011929,0.1784
CUST011930,0.0359
CUST011931,0.0218
CUST011932,0.0398
CUST011933,0.0519
CUST011934,0.0232
CUST011935,0.0676
CUST011936,0.9961
CUST011937,0.9936
CUST011938,0.9967
CUST011939,0.0347
CUST011940,0.0382
CUST011941,0.0418
CUST011942,0.0633
CUST011943,0.0281
CUST011944,0.1134
CUST011945,0.0324
CUST011946,0.1599
CUST011947,0.0452
CUST011948,0.0761
CUST011949,0.9951
CUST011950,0.0742
CUST011951,0.0604
CUST011952,0.0358
CUST011953,0.0665
CUST011954,0.9965
CUST011955,0.9977
CUST011956,0.1815
CUST011957,0.0255
CUST011958,0.0409
CUST011959,0.0281
CUST011960,0.0251
CUST011961,0.0418
CUST011962,0.058
CUST011963,0.9955
CUST011964,0.0507
CUST011965,0.06
CUST011966,0.045
CUST011967,0.0303
CUST011968,0.1512
CUST011969,0.9954
CUST011970,0.0912
CUST011971,0.9958
CUST011972,0.9932
CUST011973,0.0476
CUST011974,0.0588
CUST011975,0.0429
CUST011976,0.0383
CUST011977,0.0759
CUST011978,0.0257
CUST011979,0.0677
CUST011980,0.996
CUST011981,0.0401
CUST011982,0.0427
CUST011983,0.0217
CUST011984,0.0398
CUST011985,0.9935
CUST011986,0.0334
CUST011987,0.0307
CUST011988,0.0326
CUST011989,0.0221
CUST011990,0.0518
CUST011991,0.0545
CUST011992,0.1303
CUST011993,0.0594
CUST011994,0.0846
CUST011995,0.0156
CUST011996,0.0531
CUST011997,0.0548
CUST011998,0.0756
CUST011999,0.0088
CUST012000,0.0422
CUST012001,0.2559
CUST012002,0.9944
CUST012003,0.0336
CUST012004,0.0645
CUST012005,0.1401
CUST012006,0.0279
CUST012007,0.0164
CUST012008,0.0855
CUST012009,0.0556
CUST012010,0.0377
CUST012011,0.1324
CUST012012,0.0473
CUST012013,0.019
CUST012014,0.0409
CUST012015,0.0405
CUST012016,0.0358
CUST012017,0.0601
CUST012018,0.0239
CUST012019,0.0745
CUST012020,0.1403
CUST012021,0.0416
CUST012022,0.0326
CUST012023,0.0457
CUST012024,0.9957
CUST012025,0.0357
CUST012026,0.0239
CUST012027,0.0357
CUST012028,0.0997
CUST012029,0.0638
CUST012030,0.058
CUST012031,0.0281
CUST012032,0.0264
CUST012033,0.0467
CUST012034,0.2234
CUST012035,0.2623
CUST012036,0.0423
CUST012037,0.0493
CUST012038,0.055
CUST012039,0.058
CUST012040,0.0316
CUST012041,0.037
CUST012042,0.063
CUST012043,0.9968
CUST012044,0.1713
CUST012045,0.0511
CUST012046,0.0205
CUST012047,0.0335
CUST012048,0.071
CUST012049,0.04
CUST012050,0.0403
CUST012051,0.0271
CUST012052,0.0476
CUST012053,0.0586
CUST012054,0.0438
CUST012055,0.0467
CUST012056,0.0621
CUST012057,0.0307
CUST012058,0.995
CUST012059,0.0502
CUST012060,0.0545
CUST012061,0.051
CUST012062,0.0354
CUST012063,0.05
CUST012064,0.0374
CUST012065,0.0491
CUST012066,0.0955
CUST012067,0.0174
CUST012068,0.0518
CUST012069,0.0447
CUST012070,0.0714
CUST012071,0.0976
CUST012072,0.036
CUST012073,0.0376
CUST012074,0.0355
CUST012075,0.0529
CUST012076,0.0441
CUST012077,0.0662
CUST012078,0.066
CUST012079,0.9948
CUST012080,0.0482
CUST012081,0.0649
CUST012082,0.0562
CUST012083,0.0573
CUST012084,0.0612
CUST012085,0.0989
CUST012086,0.0569
CUST012087,0.0235
CUST012088,0.0571
CUST012089,0.9963
CUST012090,0.0521
CUST012091,0.0376
CUST012092,0.1342
CUST012093,0.9947
CUST012094,0.0435
CUST012095,0.0918
CUST012096,0.066
CUST012097,0.0614
CUST012098,0.0227
CUST012099,0.0419
CUST012100,0.029
CUST012101,0.9955
CUST012102,0.3765
CUST012103,0.049
CUST012104,0.0525
CUST012105,0.1935
CUST012106,0.9932
CUST012107,0.0461
CUST012108,0.0446
CUST012109,0.997
CUST012110,0.0537
CUST012111,0.0829
CUST012112,0.9929
CUST012113,0.0199
CUST012114,0.035
CUST012115,0.0398
CUST012116,0.0292
CUST012117,0.054
CUST012118,0.0938
CUST012119,0.0822
CUST012120,0.0626
CUST012121,0.0837
CUST012122,0.0368
CUST012123,0.724
CUST012124,0.0431
CUST012125,0.0647
CUST012126,0.0819
CUST012127,0.1445
CUST012128,0.0494
CUST012129,0.0855
CUST012130,0.0403
CUST012131,0.0345
CUST012132,0.1003
CUST012133,0.0252
CUST012134,0.1001
CUST012135,0.0889
CUST012136,0.992
CUST012137,0.1001
CUST012138,0.0434
CUST012139,0.0507
CUST012140,0.0571
CUST012141,0.1738
CUST012142,0.0556
CUST012143,0.0499
CUST012144,0.0584
CUST012145,0.9951
CUST012146,0.0553
CUST012147,0.0319
CUST012148,0.9943
CUST012149,0.0873
CUST012150,0.0221
CUST012151,0.0353
CUST012152,0.0253
CUST012153,0.0394
CUST012154,0.0356
CUST012155,0.0336
CUST012156,0.0443
CUST012157,0.0725
CUST012158,0.9963
CUST012159,0.0483
CUST012160,0.0215
CUST012161,0.0788
CUST012162,0.9965
CUST012163,0.1158
CUST012164,0.0317
CUST012165,0.0374
CUST012166,0.0313
CUST012167,0.0318
CUST012168,0.0402
CUST012169,0.0249
CUST012170,0.3325
CUST012171,0.0305
CUST012172,0.1079
CUST012173,0.091
CUST012174,0.1221
CUST012175,0.032
CUST012176,0.1246
CUST012177,0.0475
CUST012178,0.0282
CUST012179,0.0287
CUST012180,0.0378
CUST012181,0.0441
CUST012182,0.0407
CUST012183,0.0656
CUST012184,0.0578
CUST012185,0.9973
CUST012186,0.0328
CUST012187,0.9935
CUST012188,0.0489
CUST012189,0.0297
CUST012190,0.0362
CUST012191,0.0235
CUST012192,0.0604
CUST012193,0.0458
CUST012194,0.0706
CUST012195,0.0303
CUST012196,0.0386
CUST012197,0.9969
CUST012198,0.0666
CUST012199,0.0474
CUST012200,0.0675
CUST012201,0.0701
CUST012202,0.0222
CUST012203,0.0491
CUST012204,0.019
CUST012205,0.0769
CUST012206,0.0545
CUST012207,0.0539
CUST012208,0.0346
CUST012209,0.0596
CUST012210,0.0555
CUST012211,0.0257
CUST012212,0.0387
CUST012213,0.0438
CUST012214,0.0374
CUST012215,0.0193
CUST012216,0.0481
CUST012217,0.0431
CUST012218,0.0511
CUST012219,0.0463
CUST012220,0.0745
CUST012221,0.0759
CUST012222,0.0364
CUST012223,0.0366
CUST012224,0.0279
CUST012225,0.1114
CUST012226,0.0819
CUST012227,0.0332
CUST012228,0.0364
CUST012229,0.0725
CUST012230,0.0911
CUST012231,0.0486
CUST012232,0.9984
CUST012233,0.027
CUST012234,0.0305
CUST012235,0.0334
CUST012236,0.993
CUST012237,0.0213
CUST012238,0.066
CUST012239,0.0301
CUST012240,0.9969
CUST012241,0.043
CUST012242,0.0847
CUST012243,0.0316
CUST012244,0.191
CUST012245,0.0479
CUST012246,0.0721
CUST012247,0.0351
CUST012248,0.0385
CUST012249,0.037
CUST012250,0.0333
CUST012251,0.0681
CUST012252,0.9969
CUST012253,0.117
CUST012254,0.0261
CUST012255,0.0727
CUST012256,0.0465
CUST012257,0.0399
CUST012258,0.0371
CUST012259,0.049
CUST012260,0.0739
CUST012261,0.0521
CUST012262,0.0302
CUST012263,0.0396
CUST012264,0.0188
CUST012265,0.0521
CUST012266,0.9973
CUST012267,0.0461
CUST012268,0.0468
CUST012269,0.033
CUST012270,0.0272
CUST012271,0.995
CUST012272,0.046
CUST012273,0.0776
CUST012274,0.0322
CUST012275,0.0624
CUST012276,0.0509
CUST012277,0.9965
CUST012278,0.0409
CUST012279,0.0555
CUST012280,0.1052
CUST012281,0.0294
CUST012282,0.127
CUST012283,0.0656
CUST012284,0.0496
CUST012285,0.0245
CUST012286,0.0796
CUST012287,0.0273
CUST012288,0.0264
CUST012289,0.0273
CUST012290,0.0803
CUST012291,0.0404
CUST012292,0.0614
CUST012293,0.0689
CUST012294,0.0605
CUST012295,0.0755
CUST012296,0.0458
CUST012297,0.0416
CUST012298,0.0384
CUST012299,0.9956
CUST012300,0.0662
CUST012301,0.085
CUST012302,0.161
CUST012303,0.0575
CUST012304,0.0886
CUST012305,0.0241
CUST012306,0.0499
CUST012307,0.722
CUST012308,0.0431
CUST012309,0.0435
CUST012310,0.0477
CUST012311,0.0289
CUST012312,0.0612
CUST012313,0.0628
CUST012314,0.1514
CUST012315,0.0325
CUST012316,0.0328
CUST012317,0.0644
CUST012318,0.0126
CUST012319,0.9947
CUST012320,0.0324
CUST012321,0.13
CUST012322,0.0403
CUST012323,0.0617
CUST012324,0.0618
CUST012325,0.062
CUST012326,0.9956
CUST012327,0.9974
CUST012328,0.0636
CUST012329,0.9958
CUST012330,0.1056
CUST012331,0.0305
CUST012332,0.0418
CUST012333,0.0422
CUST012334,0.0573
CUST012335,0.0297
CUST012336,0.0162
CUST012337,0.0736
CUST012338,0.9965
CUST012339,0.9971
CUST012340,0.0293
CUST012341,0.0787
CUST012342,0.0338
CUST012343,0.0241
CUST012344,0.9955
CUST012345,0.0489
CUST012346,0.0421
CUST012347,0.0387
CUST012348,0.099
CUST012349,0.0879
CUST012350,0.9952
CUST012351,0.0456
CUST012352,0.0637
CUST012353,0.9909
CUST012354,0.0231
CUST012355,0.9939
CUST012356,0.0258
CUST012357,0.0889
CUST012358,0.9964
CUST012359,0.042
CUST012360,0.0356
CUST012361,0.9971
CUST012362,0.0564
CUST012363,0.1523
CUST012364,0.0599
CUST012365,0.0365
CUST012366,0.1145
CUST012367,0.0587
CUST012368,0.0455
CUST012369,0.0368
CUST012370,0.03
CUST012371,0.0471
CUST012372,0.0564
CUST012373,0.1371
CUST012374,0.0515
CUST012375,0.3938
CUST012376,0.0483
CUST012377,0.9943
CUST012378,0.0424
CUST012379,0.0179
CUST012380,0.0612
CUST012381,0.1026
CUST012382,0.0399
CUST012383,0.0691
CUST012384,0.0816
CUST012385,0.2007
CUST012386,0.0296
CUST012387,0.0477
CUST012388,0.0659
CUST012389,0.0585
CUST012390,0.0483
CUST012391,0.0475
CUST012392,0.9972
CUST012393,0.0293
CUST012394,0.0355
CUST012395,0.0411
CUST012396,0.0101
CUST012397,0.0639
CUST012398,0.0634
CUST012399,0.0881
CUST012400,0.093
CUST012401,0.0342
CUST012402,0.0475
CUST012403,0.0559
CUST012404,0.0419
CUST012405,0.0306
CUST012406,0.0244
CUST012407,0.0468
CUST012408,0.0353
CUST012409,0.0471
CUST012410,0.0109
CUST012411,0.0556
CUST012412,0.1227
CUST012413,0.0256
CUST012414,0.9953
CUST012415,0.0616
CUST012416,0.068
CUST012417,0.0309
CUST012418,0.0646
CUST012419,0.0773
CUST012420,0.0332
CUST012421,0.0423
CUST012422,0.6439
CUST012423,0.0927
CUST012424,0.0328
CUST012425,0.0212
CUST012426,0.0186
CUST012427,0.0156
CUST012428,0.0715
CUST012429,0.993
CUST012430,0.0681
CUST012431,0.0852
CUST012432,0.1097
CUST012433,0.0469
CUST012434,0.0508
CUST012435,0.1321
CUST012436,0.0396
CUST012437,0.032
CUST012438,0.0576
CUST012439,0.0354
CUST012440,0.1018
CUST012441,0.0248
CUST012442,0.0295
CUST012443,0.1088
CUST012444,0.0449
CUST012445,0.0357
CUST012446,0.0291
CUST012447,0.024
CUST012448,0.0414
CUST012449,0.0813
CUST012450,0.0877
CUST012451,0.0386
CUST012452,0.0984
CUST012453,0.0274
CUST012454,0.0315
CUST012455,0.0501
CUST012456,0.0232
CUST012457,0.0782
CUST012458,0.032
CUST012459,0.0594
CUST012460,0.9933
CUST012461,0.9933
CUST012462,0.0567
CUST012463,0.0235
CUST012464,0.0346
CUST012465,0.9956
CUST012466,0.0554
CUST012467,0.034
CUST012468,0.1111
CUST012469,0.0361
CUST012470,0.1075
CUST012471,0.0418
CUST012472,0.0928
CUST012473,0.045
CUST012474,0.0681
CUST012475,0.0344
CUST012476,0.0283
CUST012477,0.0646
CUST012478,0.0285
CUST012479,0.0524
CUST012480,0.0521
CUST012481,0.0496
CUST012482,0.0733
CUST012483,0.1013
CUST012484,0.997
CUST012485,0.0532
CUST012486,0.0813
CUST012487,0.1466
CUST012488,0.0344
CUST012489,0.0515
CUST012490,0.0254
CUST012491,0.0511
CUST012492,0.0624
CUST012493,0.0588
CUST012494,0.9959
CUST012495,0.0579
CUST012496,0.1213
CUST012497,0.1063
CUST012498,0.0176
CUST012499,0.0273
CUST012500,0.089
CUST012501,0.064
CUST012502,0.0271
CUST012503,0.0382
CUST012504,0.0803
CUST012505,0.0323
CUST012506,0.0537
CUST012507,0.0695
CUST012508,0.0222
CUST012509,0.0314
CUST012510,0.0279
CUST012511,0.0453
CUST012512,0.0656
CUST012513,0.0249
CUST012514,0.0833
CUST012515,0.0345
CUST012516,0.0369
CUST012517,0.0612
CUST012518,0.0617
CUST012519,0.0373
CUST012520,0.0458
CUST012521,0.0766
CUST012522,0.9967
CUST012523,0.9939
CUST012524,0.9979
CUST012525,0.0826
CUST012526,0.0484
CUST012527,0.0571
CUST012528,0.0588
CUST012529,0.0623
CUST012530,0.0445
CUST012531,0.0558
CUST012532,0.0405
CUST012533,0.1043
CUST012534,0.0429
CUST012535,0.9942
CUST012536,0.085
CUST012537,0.0698
CUST012538,0.9936
CUST012539,0.0308
CUST012540,0.0465
CUST012541,0.0185
CUST012542,0.0464
CUST012543,0.0941
CUST012544,0.0433
CUST012545,0.0472
CUST012546,0.0422
CUST012547,0.9938
CUST012548,0.1416
CUST012549,0.0275
CUST012550,0.0639
CUST012551,0.0141
CUST012552,0.0235
CUST012553,0.0336
CUST012554,0.0838
CUST012555,0.0336
CUST012556,0.084
CUST012557,0.0266
CUST012558,0.0711
CUST012559,0.9967
CUST012560,0.082
CUST012561,0.0381
CUST012562,0.9967
CUST012563,0.0168
CUST012564,0.0449
CUST012565,0.0376
CUST012566,0.0301
CUST012567,0.0617
CUST012568,0.0367
CUST012569,0.9972
CUST012570,0.1315
CUST012571,0.0417
CUST012572,0.0984
CUST012573,0.04
CUST012574,0.1039
CUST012575,0.9967
CUST012576,0.0428
CUST012577,0.9958
CUST012578,0.0823
CUST012579,0.0773
CUST012580,0.1282
CUST012581,0.037
CUST012582,0.9949
CUST012583,0.151
CUST012584,0.0715
CUST012585,0.0862
CUST012586,0.043
CUST012587,0.0385
CUST012588,0.045
CUST012589,0.0387
CUST012590,0.0458
CUST012591,0.0804
CUST012592,0.0997
CUST012593,0.045
CUST012594,0.0378
CUST012595,0.0933
CUST012596,0.081
CUST012597,0.0757
CUST012598,0.0593
CUST012599,0.1809
CUST012600,0.0807
CUST012601,0.0346
CUST012602,0.0358
CUST012603,0.0309
CUST012604,0.1221
CUST012605,0.0716
CUST012606,0.0593
CUST012607,0.0318
CUST012608,0.0355
CUST012609,0.0516
CUST012610,0.0353
CUST012611,0.0552
CUST012612,0.118
CUST012613,0.0416
CUST012614,0.072
CUST012615,0.0394
CUST012616,0.0778
CUST012617,0.1003
CUST012618,0.0528
CUST012619,0.0565
CUST012620,0.0744
CUST012621,0.0449
CUST012622,0.0769
CUST012623,0.2843
CUST012624,0.0803
CUST012625,0.0327
CUST012626,0.0621
CUST012627,0.0274
CUST012628,0.0651
CUST012629,0.1157
CUST012630,0.0367
CUST012631,0.0396
CUST012632,0.0666
CUST012633,0.0371
CUST012634,0.039
CUST012635,0.0617
CUST012636,0.0405
CUST012637,0.9942
CUST012638,0.0469
CUST012639,0.1197
CUST012640,0.0364
CUST012641,0.0171
CUST012642,0.0737
CUST012643,0.0393
CUST012644,0.0458
CUST012645,0.9973
CUST012646,0.0428
CUST012647,0.0355
CUST012648,0.0975
CUST012649,0.2129
CUST012650,0.0343
CUST012651,0.9933
CUST012652,0.0638
CUST012653,0.0584
CUST012654,0.0196
CUST012655,0.0195
CUST012656,0.0394
CUST012657,0.0297
CUST012658,0.0272
CUST012659,0.0615
CUST012660,0.1048
CUST012661,0.0808
CUST012662,0.0386
CUST012663,0.0447
CUST012664,0.0356
CUST012665,0.9939
CUST012666,0.0758
CUST012667,0.0426
CUST012668,0.0607
CUST012669,0.0458
CUST012670,0.0632
CUST012671,0.1046
CUST012672,0.0591
CUST012673,0.0722
CUST012674,0.0292
CUST012675,0.9937
CUST012676,0.033
CUST012677,0.0159
CUST012678,0.062
CUST012679,0.0203
CUST012680,0.0583
CUST012681,0.0343
CUST012682,0.0305
CUST012683,0.0895
CUST012684,0.0384
CUST012685,0.9952
CUST012686,0.0648
CUST012687,0.0321
CUST012688,0.0285
CUST012689,0.9935
CUST012690,0.0349
CUST012691,0.044
CUST012692,0.099
CUST012693,0.0333
CUST012694,0.9949
CUST012695,0.0297
CUST012696,0.0723
CUST012697,0.0526
CUST012698,0.0788
CUST012699,0.0273
CUST012700,0.0516
CUST012701,0.0473
CUST012702,0.0622
CUST012703,0.0223
CUST012704,0.0248
CUST012705,0.1013
CUST012706,0.0462
CUST012707,0.0405
CUST012708,0.0317
CUST012709,0.0377
CUST012710,0.0389
CUST012711,0.0384
CUST012712,0.0501
CUST012713,0.0321
CUST012714,0.0715
CUST012715,0.0833
CUST012716,0.0581
CUST012717,0.0501
CUST012718,0.0639
CUST012719,0.0393
CUST012720,0.0275
CUST012721,0.0715
CUST012722,0.0505
CUST012723,0.0579
CUST012724,0.9949
CUST012725,0.0921
CUST012726,0.9951
CUST012727,0.0506
CUST012728,0.9954
CUST012729,0.9941
CUST012730,0.0388
CUST012731,0.0161
CUST012732,0.0296
CUST012733,0.032
CUST012734,0.9929
CUST012735,0.9957
CUST012736,0.9935
CUST012737,0.0271
CUST012738,0.9959
CUST012739,0.0366
CUST012740,0.0459
CUST012741,0.0133
CUST012742,0.0356
CUST012743,0.1216
CUST012744,0.044
CUST012745,0.0386
CUST012746,0.0426
CUST012747,0.0259
CUST012748,0.0341
CUST012749,0.0527
CUST012750,0.0242
CUST012751,0.0549
CUST012752,0.9946
CUST012753,0.0228
CUST012754,0.0338
CUST012755,0.042
CUST012756,0.0279
CUST012757,0.0314
CUST012758,0.0442
CUST012759,0.0495
CUST012760,0.0742
CUST012761,0.0308
CUST012762,0.0634
CUST012763,0.0335
CUST012764,0.0729
CUST012765,0.0518
CUST012766,0.0475
CUST012767,0.026
CUST012768,0.033
CUST012769,0.0426
CUST012770,0.0364
CUST012771,0.0335
CUST012772,0.0412
CUST012773,0.0441
CUST012774,0.0511
CUST012775,0.036
CUST012776,0.0287
CUST012777,0.0269
CUST012778,0.0686
CUST012779,0.0374
CUST012780,0.0408
CUST012781,0.0407
CUST012782,0.0365
CUST012783,0.0358
CUST012784,0.0522
CUST012785,0.0295
CUST012786,0.028
CUST012787,0.0331
CUST012788,0.0706
CUST012789,0.0493
CUST012790,0.0368
CUST012791,0.0478
CUST012792,0.0703
CUST012793,0.0474
CUST012794,0.07
CUST012795,0.0295
CUST012796,0.0686
CUST012797,0.9941
CUST012798,0.9941
CUST012799,0.9939
CUST012800,0.9945
CUST012801,0.995
CUST012802,0.0523
CUST012803,0.9969
CUST012804,0.0417
CUST012805,0.0751
CUST012806,0.0639
CUST012807,0.0337
CUST012808,0.0313
CUST012809,0.0501
CUST012810,0.9944
CUST012811,0.0415
CUST012812,0.095
CUST012813,0.0311
CUST012814,0.0623
CUST012815,0.0351
CUST012816,0.9917
CUST012817,0.0455
CUST012818,0.046
CUST012819,0.0511
CUST012820,0.9951
CUST012821,0.0561
CUST012822,0.1258
CUST012823,0.0991
CUST012824,0.0305
CUST012825,0.0539
CUST012826,0.2666
CUST012827,0.0466
CUST012828,0.9974
CUST012829,0.995
CUST012830,0.0447
CUST012831,0.0337
CUST012832,0.0496
CUST012833,0.061
CUST012834,0.0353
CUST012835,0.0421
CUST012836,0.0297
CUST012837,0.0591
CUST012838,0.0694
CUST012839,0.1389
CUST012840,0.0181
CUST012841,0.0556
CUST012842,0.0452
CUST012843,0.0278
CUST012844,0.0215
CUST012845,0.16
CUST012846,0.019
CUST012847,0.0519
CUST012848,0.0351
CUST012849,0.0269
CUST012850,0.0678
CUST012851,0.994
CUST012852,0.0496
CUST012853,0.9928
CUST012854,0.0242
CUST012855,0.027
CUST012856,0.0816
CUST012857,0.0765
CUST012858,0.164
CUST012859,0.0841
CUST012860,0.089
CUST012861,0.0344
CUST012862,0.0509
CUST012863,0.0734
CUST012864,0.0347
CUST012865,0.0323
CUST012866,0.0539
CUST012867,0.0685
CUST012868,0.0505
CUST012869,0.9963
CUST012870,0.0647
CUST012871,0.9937
CUST012872,0.095
CUST012873,0.0283
CUST012874,0.059
CUST012875,0.0423
CUST012876,0.0303
CUST012877,0.9942
CUST012878,0.0382
CUST012879,0.0387
CUST012880,0.0539
CUST012881,0.0875
CUST012882,0.0577
CUST012883,0.0852
CUST012884,0.047
CUST012885,0.0426
CUST012886,0.0942
CUST012887,0.0319
CUST012888,0.0454
CUST012889,0.0528
CUST012890,0.0367
CUST012891,0.0321
CUST012892,0.0509
CUST012893,0.0315
CUST012894,0.0714
CUST012895,0.0543
CUST012896,0.0494
CUST012897,0.0555
CUST012898,0.0577
CUST012899,0.0497
CUST012900,0.0731
CUST012901,0.0421
CUST012902,0.0166
CUST012903,0.0577
CUST012904,0.0736
CUST012905,0.0371
CUST012906,0.0376
CUST012907,0.0741
CUST012908,0.1207
CUST012909,0.0505
CUST012910,0.0282
CUST012911,0.0413
CUST012912,0.0329
CUST012913,0.0355
CUST012914,0.0469
CUST012915,0.0181
CUST012916,0.0935
CUST012917,0.0917
CUST012918,0.0316
CUST012919,0.0243
CUST012920,0.0382
CUST012921,0.042
CUST012922,0.0918
CUST012923,0.0747
CUST012924,0.0128
CUST012925,0.0358
CUST012926,0.029
CUST012927,0.0946
CUST012928,0.0526
CUST012929,0.1041
CUST012930,0.0345
CUST012931,0.1143
CUST012932,0.0413
CUST012933,0.0295
CUST012934,0.0517
CUST012935,0.0374
CUST012936,0.0615
CUST012937,0.033
CUST012938,0.098
CUST012939,0.0434
CUST012940,0.0667
CUST012941,0.0537
CUST012942,0.0749
CUST012943,0.0522
CUST012944,0.0384
CUST012945,0.0389
CUST012946,0.0692
CUST012947,0.9972
CUST012948,0.0307
CUST012949,0.0435
CUST012950,0.0224
CUST012951,0.035
CUST012952,0.0913
CUST012953,0.0435
CUST012954,0.0618
CUST012955,0.0387
CUST012956,0.0368
CUST012957,0.9939
CUST012958,0.0267
CUST012959,0.0824
CUST012960,0.0854
CUST012961,0.1206
CUST012962,0.0599
CUST012963,0.0765
CUST012964,0.0312
CUST012965,0.1053
CUST012966,0.0961
CUST012967,0.0514
CUST012968,0.1026
CUST012969,0.0646
CUST012970,0.0504
CUST012971,0.1959
CUST012972,0.0375
CUST012973,0.0391
CUST012974,0.0403
CUST012975,0.058
CUST012976,0.0416
CUST012977,0.0249
CUST012978,0.0399
CUST012979,0.0966
CUST012980,0.1916
CUST012981,0.0534
CUST012982,0.0558
CUST012983,0.993
CUST012984,0.0199
CUST012985,0.0339
CUST012986,0.0489
CUST012987,0.0469
CUST012988,0.9973
CUST012989,0.0333
CUST012990,0.0355
CUST012991,0.1143
CUST012992,0.9928
CUST012993,0.0488
CUST012994,0.0973
CUST012995,0.0891
CUST012996,0.029
CUST012997,0.1008
CUST012998,0.054
CUST012999,0.9925
CUST013000,0.0989
CUST013001,0.0446
CUST013002,0.0585
CUST013003,0.0405
CUST013004,0.0315
CUST013005,0.1879
CUST013006,0.098
CUST013007,0.9957
CUST013008,0.0773
CUST013009,0.0166
CUST013010,0.0888
CUST013011,0.9967
CUST013012,0.0332
CUST013013,0.0652
CUST013014,0.0224
CUST013015,0.06
CUST013016,0.1556
CUST013017,0.0443
CUST013018,0.0455
CUST013019,0.1053
CUST013020,0.0564
CUST013021,0.0577
CUST013022,0.994
CUST013023,0.0448
CUST013024,0.1066
CUST013025,0.0773
CUST013026,0.0275
CUST013027,0.0474
CUST013028,0.0377
CUST013029,0.0385
CUST013030,0.0266
CUST013031,0.0473
CUST013032,0.0836
CUST013033,0.995
CUST013034,0.0633
CUST013035,0.0712
CUST013036,0.0395
CUST013037,0.9966
CUST013038,0.0421
CUST013039,0.0697
CUST013040,0.0096
CUST013041,0.0399
CUST013042,0.0458
CUST013043,0.2429
CUST013044,0.0265
CUST013045,0.1612
CUST013046,0.1054
CUST013047,0.049
CUST013048,0.032
CUST013049,0.113
CUST013050,0.0819
CUST013051,0.0811
CUST013052,0.0927
CUST013053,0.1243
CUST013054,0.0879
CUST013055,0.0505
CUST013056,0.0285
CUST013057,0.9931
CUST013058,0.0357
CUST013059,0.0445
CUST013060,0.9931
CUST013061,0.0302
CUST013062,0.0428
CUST013063,0.0494
CUST013064,0.0379
CUST013065,0.1687
CUST013066,0.0251
CUST013067,0.0975
CUST013068,0.9969
CUST013069,0.0371
CUST013070,0.0917
CUST013071,0.0392
CUST013072,0.0357
CUST013073,0.9921
CUST013074,0.0359
CUST013075,0.0169
CUST013076,0.0425
CUST013077,0.0259
CUST013078,0.0351
CUST013079,0.0434
CUST013080,0.132
CUST013081,0.0315
CUST013082,0.1281
CUST013083,0.9955
CUST013084,0.0584
CUST013085,0.9958
CUST013086,0.0679
CUST013087,0.0163
CUST013088,0.0246
CUST013089,0.0329
CUST013090,0.9971
CUST013091,0.0765
CUST013092,0.1867
CUST013093,0.9961
CUST013094,0.2815
CUST013095,0.9959
CUST013096,0.0307
CUST013097,0.0557
CUST013098,0.0484
CUST013099,0.067
CUST013100,0.0458
CUST013101,0.0547
CUST013102,0.0363
CUST013103,0.0189
CUST013104,0.0232
CUST013105,0.0301
CUST013106,0.9957
CUST013107,0.0548
CUST013108,0.0582
CUST013109,0.0819
CUST013110,0.0833
CUST013111,0.0333
CUST013112,0.0312
CUST013113,0.0446
CUST013114,0.1091
CUST013115,0.0535
CUST013116,0.0422
CUST013117,0.9982
CUST013118,0.9955
CUST013119,0.059
CUST013120,0.995
CUST013121,0.0389
CUST013122,0.0996
CUST013123,0.0759
CUST013124,0.032
CUST013125,0.0294
CUST013126,0.9945
CUST013127,0.9975
CUST013128,0.0624
CUST013129,0.0363
CUST013130,0.0866
CUST013131,0.0415
CUST013132,0.0831
CUST013133,0.0518
CUST013134,0.0776
CUST013135,0.9955
CUST013136,0.0233
CUST013137,0.0543
CUST013138,0.0979
CUST013139,0.0612
CUST013140,0.0152
CUST013141,0.0592
CUST013142,0.062
CUST013143,0.1192
CUST013144,0.0338
CUST013145,0.9962
CUST013146,0.9961
CUST013147,0.0643
CUST013148,0.0567
CUST013149,0.9943
CUST013150,0.0557
CUST013151,0.0367
CUST013152,0.0298
CUST013153,0.0402
CUST013154,0.0666
CUST013155,0.0833
CUST013156,0.0301
CUST013157,0.0385
CUST013158,0.0483
CUST013159,0.0734
CUST013160,0.048
CUST013161,0.9941
CUST013162,0.016
CUST013163,0.057
CUST013164,0.0972
CUST013165,0.0761
CUST013166,0.0424
CUST013167,0.043
CUST013168,0.075
CUST013169,0.0231
CUST013170,0.0621
CUST013171,0.0874
CUST013172,0.0991
CUST013173,0.0429
CUST013174,0.0591
CUST013175,0.1177
CUST013176,0.0421
CUST013177,0.0357
CUST013178,0.1184
CUST013179,0.0277
CUST013180,0.0254
CUST013181,0.9956
CUST013182,0.0231
CUST013183,0.0518
CUST013184,0.0791
CUST013185,0.0647
CUST013186,0.0613
CUST013187,0.0975
CUST013188,0.0604
CUST013189,0.0369
CUST013190,0.0399
CUST013191,0.1207
CUST013192,0.0311
CUST013193,0.9957
CUST013194,0.063
CUST013195,0.0486
CUST013196,0.0553
CUST013197,0.0222
CUST013198,0.0811
CUST013199,0.0755
CUST013200,0.0257
CUST013201,0.0405
CUST013202,0.0344
CUST013203,0.0229
CUST013204,0.0446
CUST013205,0.9957
CUST013206,0.0423
CUST013207,0.9974
CUST013208,0.0295
CUST013209,0.0354
CUST013210,0.0401
CUST013211,0.098
CUST013212,0.1077
CUST013213,0.0182
CUST013214,0.0561
CUST013215,0.0411
CUST013216,0.0223
CUST013217,0.0151
CUST013218,0.0603
CUST013219,0.0403
CUST013220,0.0366
CUST013221,0.9948
CUST013222,0.0906
CUST013223,0.0661
CUST013224,0.9979
CUST013225,0.9924
CUST013226,0.0803
CUST013227,0.052
CUST013228,0.0672
CUST013229,0.0457
CUST013230,0.0823
CUST013231,0.1255
CUST013232,0.0877
CUST013233,0.0296
CUST013234,0.0281
CUST013235,0.0356
CUST013236,0.0647
CUST013237,0.0452
CUST013238,0.04
CUST013239,0.0356
CUST013240,0.0419
CUST013241,0.1359
CUST013242,0.059
CUST013243,0.0212
CUST013244,0.0515
CUST013245,0.0639
CUST013246,0.9946
CUST013247,0.9956
CUST013248,0.0301
CUST013249,0.9925
CUST013250,0.0402
CUST013251,0.0355
CUST013252,0.9974
CUST013253,0.0972
CUST013254,0.0684
CUST013255,0.9956
CUST013256,0.0398
CUST013257,0.0479
CUST013258,0.127
CUST013259,0.0663
CUST013260,0.0386
CUST013261,0.0513
CUST013262,0.9956
CUST013263,0.033
CUST013264,0.0506
CUST013265,0.1271
CUST013266,0.0515
CUST013267,0.0605
CUST013268,0.0437
CUST013269,0.094
CUST013270,0.0343
CUST013271,0.0507
CUST013272,0.0414
CUST013273,0.9965
CUST013274,0.046
CUST013275,0.0398
CUST013276,0.026
CUST013277,0.019
CUST013278,0.0565
CUST013279,0.0557
CUST013280,0.0396
CUST013281,0.0407
CUST013282,0.0455
CUST013283,0.0622
CUST013284,0.0689
CUST013285,0.9956
CUST013286,0.0408
CUST013287,0.0415
CUST013288,0.9974
CUST013289,0.0616
CUST013290,0.0788
CUST013291,0.0289
CUST013292,0.0311
CUST013293,0.165
CUST013294,0.1326
CUST013295,0.0283
CUST013296,0.0611
CUST013297,0.039
CUST013298,0.0382
CUST013299,0.0601
CUST013300,0.1398
CUST013301,0.994
CUST013302,0.1547
CUST013303,0.027
CUST013304,0.0555
CUST013305,0.0401
CUST013306,0.1014
CUST013307,0.0522
CUST013308,0.0598
CUST013309,0.0435
CUST013310,0.0524
CUST013311,0.0248
CUST013312,0.0444
CUST013313,0.0236
CUST013314,0.0318
CUST013315,0.9936
CUST013316,0.1979
CUST013317,0.046
CUST013318,0.0778
CUST013319,0.0435
CUST013320,0.0409
CUST013321,0.1083
CUST013322,0.0195
CUST013323,0.0552
CUST013324,0.075
CUST013325,0.0297
CUST013326,0.0263
CUST013327,0.0564
CUST013328,0.1586
CUST013329,0.0828
CUST013330,0.1087
CUST013331,0.1671
CUST013332,0.085
CUST013333,0.0428
CUST013334,0.0636
CUST013335,0.0389
CUST013336,0.0905
CUST013337,0.2561
CUST013338,0.9967
CUST013339,0.0339
CUST013340,0.9922
CUST013341,0.9966
CUST013342,0.0601
CUST013343,0.0422
CUST013344,0.0556
CUST013345,0.0366
CUST013346,0.0309
CUST013347,0.1687
CUST013348,0.0386
CUST013349,0.0496
CUST013350,0.0388
CUST013351,0.0657
CUST013352,0.032
CUST013353,0.1562
CUST013354,0.036
CUST013355,0.0591
CUST013356,0.0422
CUST013357,0.055
CUST013358,0.0422
CUST013359,0.0492
CUST013360,0.0475
CUST013361,0.0511
CUST013362,0.0377
CUST013363,0.9931
CUST013364,0.0192
CUST013365,0.0276
CUST013366,0.0268
CUST013367,0.0896
CUST013368,0.0574
CUST013369,0.099
CUST013370,0.0355
CUST013371,0.0279
CUST013372,0.031
CUST013373,0.0909
CUST013374,0.0352
CUST013375,0.0365
CUST013376,0.0263
CUST013377,0.0421
CUST013378,0.0302
CUST013379,0.0861
CUST013380,0.0399
CUST013381,0.9927
CUST013382,0.9953
CUST013383,0.0277
CUST013384,0.0414
CUST013385,0.0365
CUST013386,0.0483
CUST013387,0.0426
CUST013388,0.0256
CUST013389,0.0858
CUST013390,0.0419
CUST013391,0.0532
CUST013392,0.0518
CUST013393,0.0455
CUST013394,0.0615
CUST013395,0.9945
CUST013396,0.0159
CUST013397,0.9936
CUST013398,0.0359
CUST013399,0.0648
CUST013400,0.1763
CUST013401,0.0276
CUST013402,0.0542
CUST013403,0.0775
CUST013404,0.158
CUST013405,0.0751
CUST013406,0.0428
CUST013407,0.0298
CUST013408,0.9958
CUST013409,0.9949
CUST013410,0.025
CUST013411,0.0419
CUST013412,0.0569
CUST013413,0.016
CUST013414,0.0965
CUST013415,0.9956
CUST013416,0.9934
CUST013417,0.0429
CUST013418,0.0429
CUST013419,0.0473
CUST013420,0.0328
CUST013421,0.9971
CUST013422,0.0217
CUST013423,0.1329
CUST013424,0.0749
CUST013425,0.0247
CUST013426,0.0456
CUST013427,0.0393
CUST013428,0.035
CUST013429,0.0724
CUST013430,0.0618
CUST013431,0.0547
CUST013432,0.0246
CUST013433,0.0317
CUST013434,0.9962
CUST013435,0.0512
CUST013436,0.0559
CUST013437,0.0687
CUST013438,0.1237
CUST013439,0.9947
CUST013440,0.0295
CUST013441,0.0445
CUST013442,0.9973
CUST013443,0.0436
CUST013444,0.9948
CUST013445,0.0241
CUST013446,0.1286
CUST013447,0.0596
CUST013448,0.0341
CUST013449,0.0517
CUST013450,0.0368
CUST013451,0.0674
CUST013452,0.086
CUST013453,0.0743
CUST013454,0.0279
CUST013455,0.0722
CUST013456,0.0687
CUST013457,0.9971
CUST013458,0.0583
CUST013459,0.0347
CUST013460,0.044
CUST013461,0.0412
CUST013462,0.0304
CUST013463,0.0374
CUST013464,0.0109
CUST013465,0.0689
CUST013466,0.0308
CUST013467,0.0432
CUST013468,0.9949
CUST013469,0.1594
CUST013470,0.0262
CUST013471,0.0387
CUST013472,0.9949
CUST013473,0.0328
CUST013474,0.0472
CUST013475,0.0118
CUST013476,0.0216
CUST013477,0.0907
CUST013478,0.0367
CUST013479,0.0379
CUST013480,0.0569
CUST013481,0.0431
CUST013482,0.0274
CUST013483,0.0424
CUST013484,0.2101
CUST013485,0.0547
CUST013486,0.0339
CUST013487,0.0784
CUST013488,0.0446
CUST013489,0.0461
CUST013490,0.0451
CUST013491,0.0134
CUST013492,0.0296
CUST013493,0.0215
CUST013494,0.0909
CUST013495,0.0326
CUST013496,0.9956
CUST013497,0.404
CUST013498,0.0319
CUST013499,0.2368
CUST013500,0.0371
CUST013501,0.0757
CUST013502,0.0447
CUST013503,0.0475
CUST013504,0.0853
CUST013505,0.1362
CUST013506,0.0366
CUST013507,0.0765
CUST013508,0.9946
CUST013509,0.0146
CUST013510,0.1046
CUST013511,0.0615
CUST013512,0.0491
CUST013513,0.0972
CUST013514,0.0315
CUST013515,0.0229
CUST013516,0.0464
CUST013517,0.0385
CUST013518,0.0495
CUST013519,0.0367
CUST013520,0.0566
CUST013521,0.0555
CUST013522,0.2635
CUST013523,0.0825
CUST013524,0.1045
CUST013525,0.9956
CUST013526,0.0721
CUST013527,0.0378
CUST013528,0.0568
CUST013529,0.0471
CUST013530,0.0384
CUST013531,0.0665
CUST013532,0.0661
CUST013533,0.1077
CUST013534,0.1163
CUST013535,0.0573
CUST013536,0.0475
CUST013537,0.0483
CUST013538,0.9943
CUST013539,0.0605
CUST013540,0.0715
CUST013541,0.0671
CUST013542,0.0299
CUST013543,0.0229
CUST013544,0.1899
CUST013545,0.0547
CUST013546,0.0498
CUST013547,0.0381
CUST013548,0.0484
CUST013549,0.1121
CUST013550,0.9941
CUST013551,0.0404
CUST013552,0.0614
CUST013553,0.0284
CUST013554,0.0441
CUST013555,0.0405
CUST013556,0.0459
CUST013557,0.028
CUST013558,0.0849
CUST013559,0.035
CUST013560,0.0464
CUST013561,0.0384
CUST013562,0.0619
CUST013563,0.046
CUST013564,0.1746
CUST013565,0.0301
CUST013566,0.0366
CUST013567,0.1071
CUST013568,0.0206
CUST013569,0.024
CUST013570,0.0838
CUST013571,0.0544
CUST013572,0.0366
CUST013573,0.9928
CUST013574,0.0617
CUST013575,0.2269
CUST013576,0.0117
CUST013577,0.0509
CUST013578,0.039
CUST013579,0.0327
CUST013580,0.0467
CUST013581,0.0444
CUST013582,0.9968
CUST013583,0.0443
CUST013584,0.0742
CUST013585,0.1305
CUST013586,0.0975
CUST013587,0.3783
CUST013588,0.094
CUST013589,0.0139
CUST013590,0.06
CUST013591,0.0705
CUST013592,0.9963
CUST013593,0.0353
CUST013594,0.2245
CUST013595,0.0522
CUST013596,0.0972
CUST013597,0.0324
CUST013598,0.0235
CUST013599,0.0398
CUST013600,0.0625
CUST013601,0.0974
CUST013602,0.051
CUST013603,0.9974
CUST013604,0.065
CUST013605,0.0766
CUST013606,0.0619
CUST013607,0.0768
CUST013608,0.063
CUST013609,0.0301
CUST013610,0.0252
CUST013611,0.0436
CUST013612,0.0874
CUST013613,0.0974
CUST013614,0.1122
CUST013615,0.0383
CUST013616,0.0315
CUST013617,0.1208
CUST013618,0.0368
CUST013619,0.0469
CUST013620,0.0639
CUST013621,0.051
CUST013622,0.993
CUST013623,0.0377
CUST013624,0.0332
CUST013625,0.2021
CUST013626,0.0622
CUST013627,0.0404
CUST013628,0.0586
CUST013629,0.0362
CUST013630,0.0464
CUST013631,0.9952
CUST013632,0.0251
CUST013633,0.0264
CUST013634,0.0324
CUST013635,0.0542
CUST013636,0.1077
CUST013637,0.0224
CUST013638,0.0349
CUST013639,0.0389
CUST013640,0.068
CUST013641,0.0941
CUST013642,0.9937
CUST013643,0.0694
CUST013644,0.1143
CUST013645,0.0661
CUST013646,0.1
CUST013647,0.0774
CUST013648,0.0352
CUST013649,0.012
CUST013650,0.0924
CUST013651,0.032
CUST013652,0.0527
CUST013653,0.995
CUST013654,0.0357
CUST013655,0.0561
CUST013656,0.0462
CUST013657,0.0799
CUST013658,0.0288
CUST013659,0.0588
CUST013660,0.1936
CUST013661,0.0466
CUST013662,0.0613
CUST013663,0.9927
CUST013664,0.0485
CUST013665,0.1076
CUST013666,0.9969
CUST013667,0.022
CUST013668,0.0303
CUST013669,0.0332
CUST013670,0.048
CUST013671,0.0341
CUST013672,0.2076
CUST013673,0.112
CUST013674,0.0417
CUST013675,0.0344
CUST013676,0.0493
CUST013677,0.039
CUST013678,0.9961
CUST013679,0.0223
CUST013680,0.9955
CUST013681,0.0403
CUST013682,0.0575
CUST013683,0.0384
CUST013684,0.0171
CUST013685,0.0322
CUST013686,0.0217
CUST013687,0.0225
CUST013688,0.0122
CUST013689,0.9967
CUST013690,0.1033
CUST013691,0.0473
CUST013692,0.0576
CUST013693,0.0502
CUST013694,0.043
CUST013695,0.0494
CUST013696,0.0345
CUST013697,0.0526
CUST013698,0.037
CUST013699,0.036
CUST013700,0.0323
CUST013701,0.6118
CUST013702,0.0189
CUST013703,0.0898
CUST013704,0.0233
CUST013705,0.9949
CUST013706,0.0439
CUST013707,0.0636
CUST013708,0.0307
CUST013709,0.0397
CUST013710,0.0257
CUST013711,0.0613
CUST013712,0.0628
CUST013713,0.0649
CUST013714,0.0239
CUST013715,0.1663
CUST013716,0.0538
CUST013717,0.1801
CUST013718,0.0388
CUST013719,0.0285
CUST013720,0.9948
CUST013721,0.035
CUST013722,0.0428
CUST013723,0.023
CUST013724,0.0594
CUST013725,0.0843
CUST013726,0.0199
CUST013727,0.9953
CUST013728,0.0312
CUST013729,0.0234
CUST013730,0.0415
CUST013731,0.0436
CUST013732,0.0199
CUST013733,0.0802
CUST013734,0.1112
CUST013735,0.0538
CUST013736,0.0948
CUST013737,0.0805
CUST013738,0.0846
CUST013739,0.9959
CUST013740,0.0373
CUST013741,0.0453
CUST013742,0.0349
CUST013743,0.0356
CUST013744,0.0262
CUST013745,0.1424
CUST013746,0.1252
CUST013747,0.0252
CUST013748,0.0361
CUST013749,0.1145
CUST013750,0.9957
CUST013751,0.0285
CUST013752,0.3052
CUST013753,0.994
CUST013754,0.064
CUST013755,0.0415
CUST013756,0.0317
CUST013757,0.0496
CUST013758,0.1467
CUST013759,0.0495
CUST013760,0.0299
CUST013761,0.9951
CUST013762,0.1115
CUST013763,0.0385
CUST013764,0.0277
CUST013765,0.0404
CUST013766,0.0429
CUST013767,0.0825
CUST013768,0.0218
CUST013769,0.0812
CUST013770,0.0791
CUST013771,0.1598
CUST013772,0.0303
CUST013773,0.0258
CUST013774,0.0485
CUST013775,0.0278
CUST013776,0.0259
CUST013777,0.0274
CUST013778,0.0346
CUST013779,0.0884
CUST013780,0.1346
CUST013781,0.0801
CUST013782,0.0205
CUST013783,0.0325
CUST013784,0.9953
CUST013785,0.0436
CUST013786,0.0304
CUST013787,0.0985
CUST013788,0.0564
CUST013789,0.0617
CUST013790,0.0786
CUST013791,0.0205
CUST013792,0.0863
CUST013793,0.0358
CUST013794,0.071
CUST013795,0.022
CUST013796,0.0428
CUST013797,0.051
CUST013798,0.0543
CUST013799,0.9943
CUST013800,0.0627
CUST013801,0.0398
CUST013802,0.9955
CUST013803,0.1511
CUST013804,0.0963
CUST013805,0.0405
CUST013806,0.0369
CUST013807,0.0534
CUST013808,0.0492
CUST013809,0.0322
CUST013810,0.027
CUST013811,0.9945
CUST013812,0.0362
CUST013813,0.9942
CUST013814,0.0328
CUST013815,0.0376
CUST013816,0.0451
CUST013817,0.9962
CUST013818,0.0594
CUST013819,0.073
CUST013820,0.029
CUST013821,0.0592
CUST013822,0.6638
CUST013823,0.0303
CUST013824,0.019
CUST013825,0.1212
CUST013826,0.0342
CUST013827,0.1058
CUST013828,0.0338
CUST013829,0.9947
CUST013830,0.0319
CUST013831,0.0768
CUST013832,0.022
CUST013833,0.0496
CUST013834,0.0205
CUST013835,0.0434
CUST013836,0.0488
CUST013837,0.174
CUST013838,0.0542
CUST013839,0.0422
CUST013840,0.0282
CUST013841,0.0587
CUST013842,0.113
CUST013843,0.1189
CUST013844,0.0371
CUST013845,0.9947
CUST013846,0.0552
CUST013847,0.9959
CUST013848,0.0533
CUST013849,0.0575
CUST013850,0.0304
CUST013851,0.053
CUST013852,0.9946
CUST013853,0.0321
CUST013854,0.042
CUST013855,0.0499
CUST013856,0.0492
CUST013857,0.0531
CUST013858,0.0334
CUST013859,0.0301
CUST013860,0.0506
CUST013861,0.0446
CUST013862,0.0286
CUST013863,0.0739
CUST013864,0.0601
CUST013865,0.0353
CUST013866,0.0637
CUST013867,0.0312
CUST013868,0.0351
CUST013869,0.0274
CUST013870,0.9901
CUST013871,0.1186
CUST013872,0.0441
CUST013873,0.0374
CUST013874,0.0304
CUST013875,0.0327
CUST013876,0.0178
CUST013877,0.1016
CUST013878,0.0573
CUST013879,0.0438
CUST013880,0.0642
CUST013881,0.0542
CUST013882,0.0429
CUST013883,0.1347
CUST013884,0.0575
CUST013885,0.048
CUST013886,0.0492
CUST013887,0.0407
CUST013888,0.1425
CUST013889,0.0804
CUST013890,0.995
CUST013891,0.0757
CUST013892,0.0617
CUST013893,0.0432
CUST013894,0.0587
CUST013895,0.0784
CUST013896,0.0584
CUST013897,0.0402
CUST013898,0.9956
CUST013899,0.035
CUST013900,0.2151
CUST013901,0.0483
CUST013902,0.0279
CUST013903,0.0523
CUST013904,0.0489
CUST013905,0.0337
CUST013906,0.9952
CUST013907,0.0502
CUST013908,0.1652
CUST013909,0.0531
CUST013910,0.9968
CUST013911,0.0307
CUST013912,0.192
CUST013913,0.0271
CUST013914,0.0215
CUST013915,0.9937
CUST013916,0.0322
CUST013917,0.0308
CUST013918,0.0449
CUST013919,0.0327
CUST013920,0.0539
CUST013921,0.0672
CUST013922,0.0995
CUST013923,0.1359
CUST013924,0.0347
CUST013925,0.9965
CUST013926,0.0516
CUST013927,0.062
CUST013928,0.0297
CUST013929,0.0739
CUST013930,0.036
CUST013931,0.0444
CUST013932,0.0406
CUST013933,0.0636
CUST013934,0.0484
CUST013935,0.9894
CUST013936,0.0424
CUST013937,0.0858
CUST013938,0.0469
CUST013939,0.0282
CUST013940,0.044
CUST013941,0.0526
CUST013942,0.0306
CUST013943,0.1217
CUST013944,0.0384
CUST013945,0.0668
CUST013946,0.0561
CUST013947,0.0731
CUST013948,0.171
CUST013949,0.034
CUST013950,0.0521
CUST013951,0.0212
CUST013952,0.9943
CUST013953,0.9935
CUST013954,0.0707
CUST013955,0.0438
CUST013956,0.1075
CUST013957,0.0907
CUST013958,0.0463
CUST013959,0.0468
CUST013960,0.0386
CUST013961,0.0374
CUST013962,0.0882
CUST013963,0.0633
CUST013964,0.0681
CUST013965,0.0552
CUST013966,0.9962
CUST013967,0.05
CUST013968,0.0862
CUST013969,0.0265
CUST013970,0.039
CUST013971,0.0304
CUST013972,0.0422
CUST013973,0.9953
CUST013974,0.0473
CUST013975,0.0255
CUST013976,0.0461
CUST013977,0.9964
CUST013978,0.171
CUST013979,0.0916
CUST013980,0.0494
CUST013981,0.0276
CUST013982,0.0523
CUST013983,0.1459
CUST013984,0.031
CUST013985,0.0608
CUST013986,0.1927
CUST013987,0.0457
CUST013988,0.1725
CUST013989,0.0349
CUST013990,0.0327
CUST013991,0.9942
CUST013992,0.0523
CUST013993,0.0476
CUST013994,0.0419
CUST013995,0.0657
CUST013996,0.9972
CUST013997,0.0484
CUST013998,0.0615
CUST013999,0.0908
CUST014000,0.0666
CUST014001,0.2092
CUST014002,0.9937
CUST014003,0.9928
CUST014004,0.0194
CUST014005,0.0339
CUST014006,0.048
CUST014007,0.9974
CUST014008,0.9955
CUST014009,0.031
CUST014010,0.0427
CUST014011,0.0254
CUST014012,0.061
CUST014013,0.0424
CUST014014,0.0767
CUST014015,0.995
CUST014016,0.0519
CUST014017,0.034
CUST014018,0.0296
CUST014019,0.9932
CUST014020,0.0322
CUST014021,0.0455
CUST014022,0.0357
CUST014023,0.0724
CUST014024,0.0421
CUST014025,0.0236
CUST014026,0.0246
CUST014027,0.0459
CUST014028,0.0495
CUST014029,0.2884
CUST014030,0.0343
CUST014031,0.05
CUST014032,0.0357
CUST014033,0.0343
CUST014034,0.0287
CUST014035,0.0308
CUST014036,0.9951
CUST014037,0.0463
CUST014038,0.0441
CUST014039,0.0841
CUST014040,0.0684
CUST014041,0.0358
CUST014042,0.1996
CUST014043,0.0539
CUST014044,0.0307
CUST014045,0.0587
CUST014046,0.5485
CUST014047,0.0429
CUST014048,0.0304
CUST014049,0.0366
CUST014050,0.06
CUST014051,0.0648
CUST014052,0.0815
CUST014053,0.1166
CUST014054,0.1725
CUST014055,0.0457
CUST014056,0.0449
CUST014057,0.0534
CUST014058,0.0308
CUST014059,0.0963
CUST014060,0.0423
CUST014061,0.0588
CUST014062,0.0306
CUST014063,0.0363
CUST014064,0.1048
CUST014065,0.0513
CUST014066,0.0435
CUST014067,0.0387
CUST014068,0.0532
CUST014069,0.0239
CUST014070,0.0423
CUST014071,0.2408
CUST014072,0.0738
CUST014073,0.9955
CUST014074,0.0311
CUST014075,0.0242
CUST014076,0.1633
CUST014077,0.0356
CUST014078,0.0366
CUST014079,0.0381
CUST014080,0.0633
CUST014081,0.0563
CUST014082,0.1192
CUST014083,0.0233
CUST014084,0.0393
CUST014085,0.039
CUST014086,0.0478
CUST014087,0.0829
CUST014088,0.026
CUST014089,0.0389
CUST014090,0.0867
CUST014091,0.0482
CUST014092,0.0251
CUST014093,0.1815
CUST014094,0.0565
CUST014095,0.1265
CUST014096,0.0403
CUST014097,0.9945
CUST014098,0.0337
CUST014099,0.0206
CUST014100,0.0627
CUST014101,0.0555
CUST014102,0.0372
CUST014103,0.0816
CUST014104,0.0221
CUST014105,0.1505
CUST014106,0.1049
CUST014107,0.0694
CUST014108,0.0357
CUST014109,0.0265
CUST014110,0.0152
CUST014111,0.0572
CUST014112,0.2345
CUST014113,0.0424
CUST014114,0.0302
CUST014115,0.0427
CUST014116,0.9938
CUST014117,0.0681
CUST014118,0.0877
CUST014119,0.0366
CUST014120,0.0543
CUST014121,0.0215
CUST014122,0.1276
CUST014123,0.092
CUST014124,0.051
CUST014125,0.9954
CUST014126,0.2119
CUST014127,0.0236
CUST014128,0.0959
CUST014129,0.0799
CUST014130,0.0715
CUST014131,0.0608
CUST014132,0.0369
CUST014133,0.0358
CUST014134,0.0634
CUST014135,0.035
CUST014136,0.0648
CUST014137,0.0368
CUST014138,0.163
CUST014139,0.1083
CUST014140,0.0559
CUST014141,0.0256
CUST014142,0.0786
CUST014143,0.0483
CUST014144,0.9955
CUST014145,0.9965
CUST014146,0.0224
CUST014147,0.0433
CUST014148,0.0569
CUST014149,0.0758
CUST014150,0.0622
CUST014151,0.0349
CUST014152,0.0364
CUST014153,0.9959
CUST014154,0.1257
CUST014155,0.0328
CUST014156,0.0434
CUST014157,0.0365
CUST014158,0.0411
CUST014159,0.167
CUST014160,0.0189
CUST014161,0.0575
CUST014162,0.0618
CUST014163,0.9949
CUST014164,0.0684
CUST014165,0.1674
CUST014166,0.0304
CUST014167,0.0537
CUST014168,0.014
CUST014169,0.0234
CUST014170,0.0464
CUST014171,0.0357
CUST014172,0.996
CUST014173,0.0849
CUST014174,0.0403
CUST014175,0.0981
CUST014176,0.0251
CUST014177,0.1832
CUST014178,0.1825
CUST014179,0.0668
CUST014180,0.0411
CUST014181,0.0351
CUST014182,0.0405
CUST014183,0.0399
CUST014184,0.1601
CUST014185,0.1453
CUST014186,0.9966
CUST014187,0.082
CUST014188,0.0344
CUST014189,0.0597
CUST014190,0.0413
CUST014191,0.0332
CUST014192,0.0434
CUST014193,0.0515
CUST014194,0.0485
CUST014195,0.0322
CUST014196,0.035
CUST014197,0.0485
CUST014198,0.9929
CUST014199,0.0627
CUST014200,0.0242
CUST014201,0.1159
CUST014202,0.0777
CUST014203,0.0531
CUST014204,0.0648
CUST014205,0.0275
CUST014206,0.1155
CUST014207,0.0432
CUST014208,0.0458
CUST014209,0.1342
CUST014210,0.1002
CUST014211,0.1068
CUST014212,0.0421
CUST014213,0.073
CUST014214,0.0775
CUST014215,0.0501
CUST014216,0.0338
CUST014217,0.1419
CUST014218,0.0302
CUST014219,0.1443
CUST014220,0.0203
CUST014221,0.041
CUST014222,0.0278
CUST014223,0.0309
CUST014224,0.1292
CUST014225,0.0438
CUST014226,0.0604
CUST014227,0.1129
CUST014228,0.1158
CUST014229,0.0367
CUST014230,0.0318
CUST014231,0.0309
CUST014232,0.0412
CUST014233,0.0282
CUST014234,0.047
CUST014235,0.0345
CUST014236,0.062
CUST014237,0.0815
CUST014238,0.0643
CUST014239,0.0322
CUST014240,0.0453
CUST014241,0.0356
CUST014242,0.0759
CUST014243,0.0386
CUST014244,0.069
CUST014245,0.0732
CUST014246,0.0387
CUST014247,0.0335
CUST014248,0.0291
CUST014249,0.0321
CUST014250,0.0326
CUST014251,0.0564
CUST014252,0.0283
CUST014253,0.0184
CUST014254,0.0376
CUST014255,0.0186
CUST014256,0.0665
CUST014257,0.0355
CUST014258,0.0756
CUST014259,0.0343
CUST014260,0.0343
CUST014261,0.0647
CUST014262,0.9983
CUST014263,0.0404
CUST014264,0.1243
CUST014265,0.0304
CUST014266,0.0808
CUST014267,0.0312
CUST014268,0.0289
CUST014269,0.1084
CUST014270,0.0686
CUST014271,0.0466
CUST014272,0.0597
CUST014273,0.0362
CUST014274,0.1021
CUST014275,0.0378
CUST014276,0.0402
CUST014277,0.994
CUST014278,0.9925
CUST014279,0.0518
CUST014280,0.1694
CUST014281,0.0399
CUST014282,0.0066
CUST014283,0.0911
CUST014284,0.2542
CUST014285,0.0265
CUST014286,0.0333
CUST014287,0.9962
CUST014288,0.0625
CUST014289,0.0438
CUST014290,0.063
CUST014291,0.0671
CUST014292,0.1487
CUST014293,0.0798
CUST014294,0.0238
CUST014295,0.1108
CUST014296,0.0192
CUST014297,0.135
CUST014298,0.0207
CUST014299,0.0369
CUST014300,0.041
CUST014301,0.0344
CUST014302,0.0465
CUST014303,0.0759
CUST014304,0.0353
CUST014305,0.0678
CUST014306,0.0606
CUST014307,0.0395
CUST014308,0.0495
CUST014309,0.0932
CUST014310,0.0542
CUST014311,0.0261
CUST014312,0.0267
CUST014313,0.0437
CUST014314,0.039
CUST014315,0.1606
CUST014316,0.0441
CUST014317,0.0487
CUST014318,0.0939
CUST014319,0.9959
CUST014320,0.0515
CUST014321,0.9949
CUST014322,0.037
CUST014323,0.1182
CUST014324,0.0491
CUST014325,0.1095
CUST014326,0.0476
CUST014327,0.0363
CUST014328,0.0318
CUST014329,0.9949
CUST014330,0.0875
CUST014331,0.996
CUST014332,0.055
CUST014333,0.9968
CUST014334,0.0206
CUST014335,0.1339
CUST014336,0.0718
CUST014337,0.06
CUST014338,0.0283
CUST014339,0.1003
CUST014340,0.9943
CUST014341,0.22
CUST014342,0.7514
CUST014343,0.0411
CUST014344,0.0667
CUST014345,0.9918
CUST014346,0.0463
CUST014347,0.996
CUST014348,0.0703
CUST014349,0.0523
CUST014350,0.0283
CUST014351,0.0541
CUST014352,0.9942
CUST014353,0.029
CUST014354,0.0356
CUST014355,0.148
CUST014356,0.0666
CUST014357,0.0717
CUST014358,0.0616
CUST014359,0.0346
CUST014360,0.0403
CUST014361,0.0348
CUST014362,0.029
CUST014363,0.0548
CUST014364,0.0616
CUST014365,0.0316
CUST014366,0.0547
CUST014367,0.0409
CUST014368,0.0695
CUST014369,0.2867
CUST014370,0.1418
CUST014371,0.0609
CUST014372,0.0178
CUST014373,0.0675
CUST014374,0.0348
CUST014375,0.0361
CUST014376,0.1506
CUST014377,0.0445
CUST014378,0.995
CUST014379,0.0471
CUST014380,0.074
CUST014381,0.048
CUST014382,0.0601
CUST014383,0.0876
CUST014384,0.036
CUST014385,0.0725
CUST014386,0.0462
CUST014387,0.9926
CUST014388,0.9967
CUST014389,0.0753
CUST014390,0.0444
CUST014391,0.1388
CUST014392,0.0272
CUST014393,0.0384
CUST014394,0.0396
CUST014395,0.0325
CUST014396,0.029
CUST014397,0.0344
CUST014398,0.0461
CUST014399,0.0388
CUST014400,0.0938
CUST014401,0.9931
CUST014402,0.1388
CUST014403,0.1338
CUST014404,0.0573
CUST014405,0.0383
CUST014406,0.051
CUST014407,0.0218
CUST014408,0.0303
CUST014409,0.0229
CUST014410,0.096
CUST014411,0.0679
CUST014412,0.0441
CUST014413,0.0534
CUST014414,0.0361
CUST014415,0.0862
CUST014416,0.0545
CUST014417,0.0389
CUST014418,0.0406
CUST014419,0.123
CUST014420,0.0764
CUST014421,0.0408
CUST014422,0.0318
CUST014423,0.0751
CUST014424,0.0618
CUST014425,0.0371
CUST014426,0.0455
CUST014427,0.0371
CUST014428,0.0247
CUST014429,0.0176
CUST014430,0.019
CUST014431,0.019
CUST014432,0.0296
CUST014433,0.035
CUST014434,0.9969
CUST014435,0.0379
CUST014436,0.048
CUST014437,0.0396
CUST014438,0.2151
CUST014439,0.0413
CUST014440,0.0366
CUST014441,0.0451
CUST014442,0.0441
CUST014443,0.0463
CUST014444,0.0479
CUST014445,0.9955
CUST014446,0.0778
CUST014447,0.9909
CUST014448,0.1098
CUST014449,0.9937
CUST014450,0.996
CUST014451,0.0857
CUST014452,0.0272
CUST014453,0.067
CUST014454,0.1126
CUST014455,0.0367
CUST014456,0.0609
CUST014457,0.0668
CUST014458,0.076
CUST014459,0.0292
CUST014460,0.0309
CUST014461,0.0493
CUST014462,0.0961
CUST014463,0.073
CUST014464,0.1103
CUST014465,0.9981
CUST014466,0.1329
CUST014467,0.0622
CUST014468,0.0693
CUST014469,0.0415
CUST014470,0.0411
CUST014471,0.0574
CUST014472,0.0222
CUST014473,0.0431
CUST014474,0.0423
CUST014475,0.0689
CUST014476,0.0422
CUST014477,0.0527
CUST014478,0.1224
CUST014479,0.0453
CUST014480,0.9971
CUST014481,0.0884
CUST014482,0.0748
CUST014483,0.0408
CUST014484,0.0524
CUST014485,0.039
CUST014486,0.9934
CUST014487,0.104
CUST014488,0.0479
CUST014489,0.183
CUST014490,0.0619
CUST014491,0.0432
CUST014492,0.0317
CUST014493,0.0248
CUST014494,0.0369
CUST014495,0.0509
CUST014496,0.066
CUST014497,0.0428
CUST014498,0.0446
CUST014499,0.0316
CUST014500,0.0513
CUST014501,0.9955
CUST014502,0.9963
CUST014503,0.0821
CUST014504,0.0464
CUST014505,0.041
CUST014506,0.0584
CUST014507,0.0463
CUST014508,0.0463
CUST014509,0.1471
CUST014510,0.0785
CUST014511,0.0216
CUST014512,0.0686
CUST014513,0.0405
CUST014514,0.9972
CUST014515,0.019
CUST014516,0.0308
CUST014517,0.0359
CUST014518,0.0583
CUST014519,0.9977
CUST014520,0.1157
CUST014521,0.0672
CUST014522,0.0305
CUST014523,0.9929
CUST014524,0.061
CUST014525,0.0433
CUST014526,0.0513
CUST014527,0.0434
CUST014528,0.0322
CUST014529,0.0523
CUST014530,0.0844
CUST014531,0.9942
CUST014532,0.0417
CUST014533,0.094
CUST014534,0.0328
CUST014535,0.1123
CUST014536,0.0264
CUST014537,0.0477
CUST014538,0.0372
CUST014539,0.214
CUST014540,0.1186
CUST014541,0.0282
CUST014542,0.0284
CUST014543,0.2759
CUST014544,0.0514
CUST014545,0.0589
CUST014546,0.0389
CUST014547,0.0353
CUST014548,0.1275
CUST014549,0.0574
CUST014550,0.027
CUST014551,0.0968
CUST014552,0.0486
CUST014553,0.0275
CUST014554,0.051
CUST014555,0.0356
CUST014556,0.0356
CUST014557,0.0345
CUST014558,0.1408
CUST014559,0.0885
CUST014560,0.0713
CUST014561,0.1202
CUST014562,0.0353
CUST014563,0.0668
CUST014564,0.996
CUST014565,0.1023
CUST014566,0.0288
CUST014567,0.0456
CUST014568,0.0277
CUST014569,0.0647
CUST014570,0.0857
CUST014571,0.0575
CUST014572,0.0732
CUST014573,0.0643
CUST014574,0.0412
CUST014575,0.0648
CUST014576,0.1024
CUST014577,0.0206
CUST014578,0.0431
CUST014579,0.0385
CUST014580,0.1679
CUST014581,0.0549
CUST014582,0.0629
CUST014583,0.0382
CUST014584,0.0388
CUST014585,0.0512
CUST014586,0.0613
CUST014587,0.1575
CUST014588,0.9941
CUST014589,0.9951
CUST014590,0.2448
CUST014591,0.0956
CUST014592,0.1117
CUST014593,0.0464
CUST014594,0.0557
CUST014595,0.0585
CUST014596,0.0529
CUST014597,0.1109
CUST014598,0.0377
CUST014599,0.034
CUST014600,0.0572
CUST014601,0.0189
CUST014602,0.0805
CUST014603,0.054
CUST014604,0.1856
CUST014605,0.9962
CUST014606,0.0394
CUST014607,0.1413
CUST014608,0.0465
CUST014609,0.1643
CUST014610,0.125
CUST014611,0.0885
CUST014612,0.0655
CUST014613,0.0486
CUST014614,0.0354
CUST014615,0.0357
CUST014616,0.0327
CUST014617,0.0621
CUST014618,0.9938
CUST014619,0.9937
CUST014620,0.1264
CUST014621,0.0593
CUST014622,0.0615
CUST014623,0.0411
CUST014624,0.1141
CUST014625,0.027
CUST014626,0.9946
CUST014627,0.0473
CUST014628,0.0218
CUST014629,0.0426
CUST014630,0.0381
CUST014631,0.0282
CUST014632,0.1004
CUST014633,0.0373
CUST014634,0.0323
CUST014635,0.0391
CUST014636,0.0596
CUST014637,0.1608
CUST014638,0.0423
CUST014639,0.0592
CUST014640,0.1869
CUST014641,0.0509
CUST014642,0.0391
CUST014643,0.0847
CUST014644,0.0189
CUST014645,0.9973
CUST014646,0.0575
CUST014647,0.0539
CUST014648,0.2443
CUST014649,0.1436
CUST014650,0.0565
CUST014651,0.0478
CUST014652,0.038
CUST014653,0.9963
CUST014654,0.0393
CUST014655,0.0227
CUST014656,0.0434
CUST014657,0.0405
CUST014658,0.9985
CUST014659,0.0301
CUST014660,0.0658
CUST014661,0.0316
CUST014662,0.063
CUST014663,0.0181
CUST014664,0.034
CUST014665,0.0329
CUST014666,0.0451
CUST014667,0.0433
CUST014668,0.0565
CUST014669,0.0209
CUST014670,0.0588
CUST014671,0.0236
CUST014672,0.0412
CUST014673,0.0672
CUST014674,0.0526
CUST014675,0.0528
CUST014676,0.0529
CUST014677,0.055
CUST014678,0.0803
CUST014679,0.9947
CUST014680,0.0945
CUST014681,0.0458
CUST014682,0.0294
CUST014683,0.0317
CUST014684,0.9941
CUST014685,0.0299
CUST014686,0.0478
CUST014687,0.0328
CUST014688,0.0821
CUST014689,0.0574
CUST014690,0.9969
CUST014691,0.1012
CUST014692,0.0452
CUST014693,0.0414
CUST014694,0.0704
CUST014695,0.0463
CUST014696,0.0539
CUST014697,0.0992
CUST014698,0.0633
CUST014699,0.0608
CUST014700,0.0788
CUST014701,0.0727
CUST014702,0.0465
CUST014703,0.9969
CUST014704,0.0134
CUST014705,0.0376
CUST014706,0.0237
CUST014707,0.104
CUST014708,0.0654
CUST014709,0.0498
CUST014710,0.047
CUST014711,0.9979
CUST014712,0.149
CUST014713,0.0472
CUST014714,0.0324
CUST014715,0.9942
CUST014716,0.1128
CUST014717,0.055
CUST014718,0.0417
CUST014719,0.0747
CUST014720,0.0432
CUST014721,0.0477
CUST014722,0.1815
CUST014723,0.0323
CUST014724,0.0287
CUST014725,0.0326
CUST014726,0.0615
CUST014727,0.0277
CUST014728,0.0279
CUST014729,0.0447
CUST014730,0.3278
CUST014731,0.0963
CUST014732,0.0825
CUST014733,0.0158
CUST014734,0.1114
CUST014735,0.0355
CUST014736,0.0635
CUST014737,0.3045
CUST014738,0.0354
CUST014739,0.9959
CUST014740,0.0622
CUST014741,0.0395
CUST014742,0.2454
CUST014743,0.0494
CUST014744,0.0255
CUST014745,0.1124
CUST014746,0.9936
CUST014747,0.0665
CUST014748,0.1419
CUST014749,0.064
CUST014750,0.0571
CUST014751,0.0597
CUST014752,0.0288
CUST014753,0.0375
CUST014754,0.0834
CUST014755,0.0422
CUST014756,0.0543
CUST014757,0.0462
CUST014758,0.0454
CUST014759,0.0524
CUST014760,0.0322
CUST014761,0.0523
CUST014762,0.094
CUST014763,0.0438
CUST014764,0.0556
CUST014765,0.0409
CUST014766,0.0336
CUST014767,0.0521
CUST014768,0.0481
CUST014769,0.1467
CUST014770,0.0421
CUST014771,0.0363
CUST014772,0.9925
CUST014773,0.9957
CUST014774,0.9964
CUST014775,0.0527
CUST014776,0.293
CUST014777,0.0616
CUST014778,0.0833
CUST014779,0.1174
CUST014780,0.0273
CUST014781,0.0329
CUST014782,0.0592
CUST014783,0.0713
CUST014784,0.1791
CUST014785,0.0347
CUST014786,0.0537
CUST014787,0.0515
CUST014788,0.9943
CUST014789,0.075
CUST014790,0.0475
CUST014791,0.9937
CUST014792,0.039
CUST014793,0.0425
CUST014794,0.0461
CUST014795,0.9939
CUST014796,0.0519
CUST014797,0.1647
CUST014798,0.0957
CUST014799,0.0297
CUST014800,0.0212
CUST014801,0.0288
CUST014802,0.042
CUST014803,0.0989
CUST014804,0.0621
CUST014805,0.1003
CUST014806,0.0443
CUST014807,0.0441
CUST014808,0.0593
CUST014809,0.0583
CUST014810,0.1381
CUST014811,0.1089
CUST014812,0.0361
CUST014813,0.0473
CUST014814,0.0349
CUST014815,0.0321
CUST014816,0.0465
CUST014817,0.0393
CUST014818,0.063
CUST014819,0.037
CUST014820,0.0229
CUST014821,0.0335
CUST014822,0.0154
CUST014823,0.0321
CUST014824,0.0413
CUST014825,0.9937
CUST014826,0.0281
CUST014827,0.0583
CUST014828,0.9936
CUST014829,0.0975
CUST014830,0.0659
CUST014831,0.4606
CUST014832,0.015
CUST014833,0.0945
CUST014834,0.0463
CUST014835,0.0623
CUST014836,0.042
CUST014837,0.9973
CUST014838,0.0271
CUST014839,0.0351
CUST014840,0.0315
CUST014841,0.9961
CUST014842,0.0783
CUST014843,0.038
CUST014844,0.1039
CUST014845,0.0666
CUST014846,0.0684
CUST014847,0.0534
CUST014848,0.031
CUST014849,0.9974
CUST014850,0.0695
CUST014851,0.0326
CUST014852,0.035
CUST014853,0.0921
CUST014854,0.0719
CUST014855,0.0613
CUST014856,0.4541
CUST014857,0.0225
CUST014858,0.0358
CUST014859,0.0474
CUST014860,0.0342
CUST014861,0.0373
CUST014862,0.0333
CUST014863,0.0513
CUST014864,0.1462
CUST014865,0.0646
CUST014866,0.0458
CUST014867,0.0704
CUST014868,0.0256
CUST014869,0.0974
CUST014870,0.182
CUST014871,0.0713
CUST014872,0.1083
CUST014873,0.9962
CUST014874,0.1567
CUST014875,0.0375
CUST014876,0.0406
CUST014877,0.9963
CUST014878,0.0679
CUST014879,0.0314
CUST014880,0.9926
CUST014881,0.0399
CUST014882,0.0404
CUST014883,0.0748
CUST014884,0.0309
CUST014885,0.9934
CUST014886,0.0558
CUST014887,0.0739
CUST014888,0.0311
CUST014889,0.0523
CUST014890,0.026
CUST014891,0.1286
CUST014892,0.0582
CUST014893,0.0416
CUST014894,0.9957
CUST014895,0.9971
CUST014896,0.0476
CUST014897,0.037
CUST014898,0.0513
CUST014899,0.9955
CUST014900,0.0346
CUST014901,0.9946
CUST014902,0.0263
CUST014903,0.0374
CUST014904,0.105
CUST014905,0.0459
CUST014906,0.0601
CUST014907,0.0645
CUST014908,0.0426
CUST014909,0.996
CUST014910,0.9973
CUST014911,0.0366
CUST014912,0.0737
CUST014913,0.0741
CUST014914,0.9961
CUST014915,0.9962
CUST014916,0.0221
CUST014917,0.0375
CUST014918,0.0805
CUST014919,0.014
CUST014920,0.0893
CUST014921,0.0345
CUST014922,0.038
CUST014923,0.0712
CUST014924,0.0168
CUST014925,0.0379
CUST014926,0.0454
CUST014927,0.1446
CUST014928,0.0287
CUST014929,0.0878
CUST014930,0.0227
CUST014931,0.0414
CUST014932,0.0264
CUST014933,0.0363
CUST014934,0.994
CUST014935,0.0416
CUST014936,0.0421
CUST014937,0.0391
CUST014938,0.0297
CUST014939,0.032
CUST014940,0.0683
CUST014941,0.1104
CUST014942,0.0897
CUST014943,0.0435
CUST014944,0.0236
CUST014945,0.0648
CUST014946,0.0578
CUST014947,0.0537
CUST014948,0.0372
CUST014949,0.1003
CUST014950,0.0494
CUST014951,0.9915
CUST014952,0.0564
CUST014953,0.0306
CUST014954,0.045
CUST014955,0.0269
CUST014956,0.177
CUST014957,0.041
CUST014958,0.0299
CUST014959,0.026
CUST014960,0.0082
CUST014961,0.1144
CUST014962,0.0255
CUST014963,0.1091
CUST014964,0.0636
CUST014965,0.0386
CUST014966,0.0906
CUST014967,0.0511
CUST014968,0.2225
CUST014969,0.0948
CUST014970,0.9947
CUST014971,0.0276
CUST014972,0.1224
CUST014973,0.0245
CUST014974,0.0631
CUST014975,0.0235
CUST014976,0.994
CUST014977,0.0292
CUST014978,0.0353
CUST014979,0.0596
CUST014980,0.023
CUST014981,0.9947
CUST014982,0.0348
CUST014983,0.0891
CUST014984,0.0408
CUST014985,0.066
CUST014986,0.1009
CUST014987,0.056
CUST014988,0.0404
CUST014989,0.081
CUST014990,0.0361
CUST014991,0.0572
CUST014992,0.9927
CUST014993,0.0394
CUST014994,0.0623
CUST014995,0.0951
CUST014996,0.0733
CUST014997,0.0639
CUST014998,0.0293
CUST014999,0.0241
CUST015000,0.0173
CUST015001,0.0395
CUST015002,0.9946
CUST015003,0.1227
CUST015004,0.0751
CUST015005,0.0423
CUST015006,0.0809
CUST015007,0.0608
CUST015008,0.0529
CUST015009,0.0312
CUST015010,0.3695
CUST015011,0.0154
CUST015012,0.1132
CUST015013,0.1004
CUST015014,0.0407
CUST015015,0.0335
CUST015016,0.9962
CUST015017,0.0295
CUST015018,0.1335
CUST015019,0.0799
CUST015020,0.069
CUST015021,0.0713
CUST015022,0.0413
CUST015023,0.0351
CUST015024,0.0629
CUST015025,0.0664
CUST015026,0.9959
CUST015027,0.997
CUST015028,0.0732
CUST015029,0.0777
CUST015030,0.0567
CUST015031,0.2205
CUST015032,0.0362
CUST015033,0.0366
CUST015034,0.0368
CUST015035,0.0736
CUST015036,0.1909
CUST015037,0.0349
CUST015038,0.0432
CUST015039,0.0408
CUST015040,0.0504
CUST015041,0.0353
CUST015042,0.0196
CUST015043,0.9958
CUST015044,0.042
CUST015045,0.0603
CUST015046,0.0338
CUST015047,0.1528
CUST015048,0.0266
CUST015049,0.0319
CUST015050,0.0172
CUST015051,0.1313
CUST015052,0.0797
CUST015053,0.0346
CUST015054,0.0226
CUST015055,0.1066
CUST015056,0.0543
CUST015057,0.0417
CUST015058,0.0908
CUST015059,0.0934
CUST015060,0.116
CUST015061,0.1047
CUST015062,0.0171
CUST015063,0.0339
CUST015064,0.1629
CUST015065,0.0489
CUST015066,0.994
CUST015067,0.0566
CUST015068,0.033
CUST015069,0.0679
CUST015070,0.0729
CUST015071,0.0416
CUST015072,0.0231
CUST015073,0.0377
CUST015074,0.0353
CUST015075,0.0427
CUST015076,0.0526
CUST015077,0.0461
CUST015078,0.0202
CUST015079,0.0985
CUST015080,0.994
CUST015081,0.0657
CUST015082,0.044
CUST015083,0.0213
CUST015084,0.034
CUST015085,0.03
CUST015086,0.022
CUST015087,0.0846
CUST015088,0.0323
CUST015089,0.0325
CUST015090,0.0409
CUST015091,0.0395
CUST015092,0.0454
CUST015093,0.0208
CUST015094,0.0395
CUST015095,0.9944
CUST015096,0.9961
CUST015097,0.0352
CUST015098,0.0641
CUST015099,0.9932
CUST015100,0.4544
CUST015101,0.046
CUST015102,0.0528
CUST015103,0.0489
CUST015104,0.0466
CUST015105,0.0579
CUST015106,0.0622
CUST015107,0.9958
CUST015108,0.0448
CUST015109,0.1178
CUST015110,0.0548
CUST015111,0.0746
CUST015112,0.0276
CUST015113,0.0727
CUST015114,0.08
CUST015115,0.0388
CUST015116,0.0172
CUST015117,0.0492
CUST015118,0.0324
CUST015119,0.0511
CUST015120,0.035
CUST015121,0.9918
CUST015122,0.0458
CUST015123,0.1091
CUST015124,0.0404
CUST015125,0.9955
CUST015126,0.0295
CUST015127,0.1322
CUST015128,0.9976
CUST015129,0.0488
CUST015130,0.0528
CUST015131,0.06
CUST015132,0.1107
CUST015133,0.4044
CUST015134,0.0349
CUST015135,0.0341
CUST015136,0.0364
CUST015137,0.0235
CUST015138,0.053
CUST015139,0.0424
CUST015140,0.0937
CUST015141,0.0595
CUST015142,0.0561
CUST015143,0.0497
CUST015144,0.0306
CUST015145,0.048
CUST015146,0.0461
CUST015147,0.0241
CUST015148,0.2354
CUST015149,0.9952
CUST015150,0.0681
CUST015151,0.0371
CUST015152,0.0286
CUST015153,0.0464
CUST015154,0.0422
CUST015155,0.052
CUST015156,0.0384
CUST015157,0.0931
CUST015158,0.1472
CUST015159,0.0208
CUST015160,0.0402
CUST015161,0.0912
CUST015162,0.0761
CUST015163,0.0306
CUST015164,0.0287
CUST015165,0.1116
CUST015166,0.1742
CUST015167,0.0202
CUST015168,0.1127
CUST015169,0.0652
CUST015170,0.0169
CUST015171,0.9934
CUST015172,0.105
CUST015173,0.0795
CUST015174,0.0571
CUST015175,0.028
CUST015176,0.0321
CUST015177,0.9928
CUST015178,0.0281
CUST015179,0.0724
CUST015180,0.0222
CUST015181,0.041
CUST015182,0.0639
CUST015183,0.0838
CUST015184,0.041
CUST015185,0.084
CUST015186,0.0307
CUST015187,0.0547
CUST015188,0.0313
CUST015189,0.9931
CUST015190,0.0339
CUST015191,0.0373
CUST015192,0.1023
CUST015193,0.0383
CUST015194,0.0771
CUST015195,0.0532
CUST015196,0.1049
CUST015197,0.0441
CUST015198,0.0485
CUST015199,0.0236
CUST015200,0.0915
CUST015201,0.1627
CUST015202,0.049
CUST015203,0.0644
CUST015204,0.0375
CUST015205,0.057
CUST015206,0.9967
CUST015207,0.0361
CUST015208,0.0638
CUST015209,0.0201
CUST015210,0.1472
CUST015211,0.0385
CUST015212,0.9957
CUST015213,0.0541
CUST015214,0.0725
CUST015215,0.0484
CUST015216,0.0867
CUST015217,0.0585
CUST015218,0.9931
CUST015219,0.0401
CUST015220,0.0419
CUST015221,0.0562
CUST015222,0.0675
CUST015223,0.0472
CUST015224,0.1192
CUST015225,0.0741
CUST015226,0.0437
CUST015227,0.0882
CUST015228,0.0262
CUST015229,0.0262
CUST015230,0.0403
CUST015231,0.3211
CUST015232,0.9969
CUST015233,0.9956
CUST015234,0.0252
CUST015235,0.0398
CUST015236,0.0293
CUST015237,0.05
CUST015238,0.0755
CUST015239,0.0375
CUST015240,0.0561
CUST015241,0.0508
CUST015242,0.0479
CUST015243,0.0522
CUST015244,0.0214
CUST015245,0.0314
CUST015246,0.1292
CUST015247,0.0417
CUST015248,0.0897
CUST015249,0.0659
CUST015250,0.1288
CUST015251,0.1175
CUST015252,0.0406
CUST015253,0.0721
CUST015254,0.1378
CUST015255,0.1088
CUST015256,0.0456
CUST015257,0.0749
CUST015258,0.0253
CUST015259,0.996
CUST015260,0.0756
CUST015261,0.0743
CUST015262,0.0425
CUST015263,0.0363
CUST015264,0.0277
CUST015265,0.0378
CUST015266,0.0734
CUST015267,0.0484
CUST015268,0.1082
CUST015269,0.0765
CUST015270,0.0527
CUST015271,0.0405
CUST015272,0.1256
CUST015273,0.1522
CUST015274,0.0259
CUST015275,0.043
CUST015276,0.0332
CUST015277,0.0982
CUST015278,0.0396
CUST015279,0.0531
CUST015280,0.0546
CUST015281,0.0577
CUST015282,0.0483
CUST015283,0.0379
CUST015284,0.3165
CUST015285,0.9968
CUST015286,0.0717
CUST015287,0.031
CUST015288,0.0682
CUST015289,0.0343
CUST015290,0.1541
CUST015291,0.0442
CUST015292,0.0519
CUST015293,0.0484
CUST015294,0.0349
CUST015295,0.1053
CUST015296,0.1082
CUST015297,0.0791
CUST015298,0.1743
CUST015299,0.9958
CUST015300,0.0454
CUST015301,0.0421
CUST015302,0.9939
CUST015303,0.0153
CUST015304,0.9948
CUST015305,0.0278
CUST015306,0.9957
CUST015307,0.0432
CUST015308,0.0384
CUST015309,0.0429
CUST015310,0.0393
CUST015311,0.0347
CUST015312,0.0393
CUST015313,0.9968
CUST015314,0.0312
CUST015315,0.029
CUST015316,0.9951
CUST015317,0.0302
CUST015318,0.0455
CUST015319,0.0392
CUST015320,0.0849
CUST015321,0.0501
CUST015322,0.9907
CUST015323,0.0681
CUST015324,0.994
CUST015325,0.0168
CUST015326,0.0586
CUST015327,0.0385
CUST015328,0.0186
CUST015329,0.0515
CUST015330,0.2764
CUST015331,0.0611
CUST015332,0.0675
CUST015333,0.0283
CUST015334,0.0452
CUST015335,0.0728
CUST015336,0.0478
CUST015337,0.1212
CUST015338,0.0416
CUST015339,0.0288
CUST015340,0.0264
CUST015341,0.1141
CUST015342,0.0246
CUST015343,0.0302
CUST015344,0.1575
CUST015345,0.0445
CUST015346,0.0258
CUST015347,0.0423
CUST015348,0.0666
CUST015349,0.1009
CUST015350,0.0316
CUST015351,0.0581
CUST015352,0.049
CUST015353,0.9928
CUST015354,0.0584
CUST015355,0.0209
CUST015356,0.0411
CUST015357,0.9958
CUST015358,0.0289
CUST015359,0.0165
CUST015360,0.0461
CUST015361,0.0245
CUST015362,0.0245
CUST015363,0.0371
CUST015364,0.998
CUST015365,0.0259
CUST015366,0.0527
CUST015367,0.0551
CUST015368,0.0525
CUST015369,0.0723
CUST015370,0.0449
CUST015371,0.0517
CUST015372,0.0326
CUST015373,0.9966
CUST015374,0.1147
CUST015375,0.2405
CUST015376,0.076
CUST015377,0.0429
CUST015378,0.0301
CUST015379,0.0405
CUST015380,0.0874
CUST015381,0.2052
CUST015382,0.0404
CUST015383,0.0961
CUST015384,0.0382
CUST015385,0.0259
CUST015386,0.0422
CUST015387,0.0318
CUST015388,0.0411
CUST015389,0.0465
CUST015390,0.171
CUST015391,0.0369
CUST015392,0.0882
CUST015393,0.0604
CUST015394,0.0357
CUST015395,0.0436
CUST015396,0.0554
CUST015397,0.0691
CUST015398,0.0481
CUST015399,0.1029
CUST015400,0.0532
CUST015401,0.0658
CUST015402,0.1537
CUST015403,0.0332
CUST015404,0.0452
CUST015405,0.0635
CUST015406,0.0292
CUST015407,0.0414
CUST015408,0.028
CUST015409,0.0284
CUST015410,0.0432
CUST015411,0.0378
CUST015412,0.1126
CUST015413,0.1429
CUST015414,0.0601
CUST015415,0.0733
CUST015416,0.086
CUST015417,0.1339
CUST015418,0.0246
CUST015419,0.1056
CUST015420,0.0551
CUST015421,0.043
CUST015422,0.0607
CUST015423,0.0377
CUST015424,0.0609
CUST015425,0.0681
CUST015426,0.0253
CUST015427,0.0284
CUST015428,0.0679
CUST015429,0.0362
CUST015430,0.0377
CUST015431,0.0646
CUST015432,0.0523
CUST015433,0.0314
CUST015434,0.0646
CUST015435,0.07
CUST015436,0.0695
CUST015437,0.0616
CUST015438,0.993
CUST015439,0.0771
CUST015440,0.9945
CUST015441,0.1128
CUST015442,0.0943
CUST015443,0.0313
CUST015444,0.0333
CUST015445,0.0652
CUST015446,0.0206
CUST015447,0.0567
CUST015448,0.0398
CUST015449,0.1127
CUST015450,0.04
CUST015451,0.48
CUST015452,0.0813
CUST015453,0.0226
CUST015454,0.9949
CUST015455,0.0271
CUST015456,0.0989
CUST015457,0.0683
CUST015458,0.0698
CUST015459,0.0486
CUST015460,0.0415
CUST015461,0.0356
CUST015462,0.9925
CUST015463,0.0765
CUST015464,0.2088
CUST015465,0.0394
CUST015466,0.0595
CUST015467,0.0486
CUST015468,0.0343
CUST015469,0.0445
CUST015470,0.1852
CUST015471,0.0363
CUST015472,0.0225
CUST015473,0.0403
CUST015474,0.0512
CUST015475,0.0458
CUST015476,0.0387
CUST015477,0.0644
CUST015478,0.0427
CUST015479,0.0391
CUST015480,0.0296
CUST015481,0.9942
CUST015482,0.0262
CUST015483,0.0491
CUST015484,0.0598
CUST015485,0.0407
CUST015486,0.9943
CUST015487,0.1029
CUST015488,0.9923
CUST015489,0.0323
CUST015490,0.0282
CUST015491,0.1351
CUST015492,0.1191
CUST015493,0.13
CUST015494,0.9929
CUST015495,0.037
CUST015496,0.0398
CUST015497,0.0341
CUST015498,0.0645
CUST015499,0.053
CUST015500,0.9945
CUST015501,0.048
CUST015502,0.0657
CUST015503,0.0372
CUST015504,0.0387
CUST015505,0.0297
CUST015506,0.0338
CUST015507,0.996
CUST015508,0.0702
CUST015509,0.0417
CUST015510,0.0426
CUST015511,0.0355
CUST015512,0.0447
CUST015513,0.1189
CUST015514,0.9944
CUST015515,0.0326
CUST015516,0.0172
CUST015517,0.1008
CUST015518,0.049
CUST015519,0.0466
CUST015520,0.0347
CUST015521,0.0297
CUST015522,0.9943
CUST015523,0.0526
CUST015524,0.0945
CUST015525,0.0307
CUST015526,0.194
CUST015527,0.0265
CUST015528,0.0573
CUST015529,0.0733
CUST015530,0.0094
CUST015531,0.0381
CUST015532,0.0631
CUST015533,0.1214
CUST015534,0.0526
CUST015535,0.0577
CUST015536,0.049
CUST015537,0.0222
CUST015538,0.0632
CUST015539,0.0239
CUST015540,0.0534
CUST015541,0.0449
CUST015542,0.0318
CUST015543,0.0343
CUST015544,0.9976
CUST015545,0.0589
CUST015546,0.0367
CUST015547,0.1202
CUST015548,0.9959
CUST015549,0.0641
CUST015550,0.2041
CUST015551,0.0349
CUST015552,0.0339
CUST015553,0.9962
CUST015554,0.0461
CUST015555,0.0525
CUST015556,0.0281
CUST015557,0.0223
CUST015558,0.1216
CUST015559,0.028
CUST015560,0.0565
CUST015561,0.0488
CUST015562,0.9954
CUST015563,0.0615
CUST015564,0.9963
CUST015565,0.0877
CUST015566,0.0508
CUST015567,0.0495
CUST015568,0.0452
CUST015569,0.0532
CUST015570,0.0543
CUST015571,0.9958
CUST015572,0.0463
CUST015573,0.0482
CUST015574,0.0315
CUST015575,0.0562
CUST015576,0.0418
CUST015577,0.0955
CUST015578,0.0595
CUST015579,0.9922
CUST015580,0.0442
CUST015581,0.0308
CUST015582,0.1033
CUST015583,0.041
CUST015584,0.0806
CUST015585,0.0374
CUST015586,0.0328
CUST015587,0.0429
CUST015588,0.1021
CUST015589,0.045
CUST015590,0.037
CUST015591,0.0554
CUST015592,0.0426
CUST015593,0.061
CUST015594,0.0418
CUST015595,0.0403
CUST015596,0.0356
CUST015597,0.9959
CUST015598,0.9943
CUST015599,0.0378
CUST015600,0.0485
CUST015601,0.0816
CUST015602,0.0385
CUST015603,0.0574
CUST015604,0.9937
CUST015605,0.0793
CUST015606,0.0716
CUST015607,0.9975
CUST015608,0.0416
CUST015609,0.9956
CUST015610,0.0279
CUST015611,0.0229
CUST015612,0.038
CUST015613,0.026
CUST015614,0.9955
CUST015615,0.0606
CUST015616,0.064
CUST015617,0.0803
CUST015618,0.0514
CUST015619,0.0464
CUST015620,0.061
CUST015621,0.029
CUST015622,0.1095
CUST015623,0.9956
CUST015624,0.0438
CUST015625,0.0518
CUST015626,0.9946
CUST015627,0.0586
CUST015628,0.0436
CUST015629,0.0413
CUST015630,0.0697
CUST015631,0.0593
CUST015632,0.1168
CUST015633,0.0828
CUST015634,0.0448
CUST015635,0.0391
CUST015636,0.0454
CUST015637,0.0526
CUST015638,0.0525
CUST015639,0.056
CUST015640,0.1585
CUST015641,0.052
CUST015642,0.3309
CUST015643,0.04
CUST015644,0.0329
CUST015645,0.0432
CUST015646,0.0341
CUST015647,0.0874
CUST015648,0.1614
CUST015649,0.0274
CUST015650,0.0788
CUST015651,0.9942
CUST015652,0.0367
CUST015653,0.0657
CUST015654,0.0379
CUST015655,0.0621
CUST015656,0.1034
CUST015657,0.0641
CUST015658,0.0432
CUST015659,0.0434
CUST015660,0.0291
CUST015661,0.9963
CUST015662,0.0218
CUST015663,0.0237
CUST015664,0.0419
CUST015665,0.0522
CUST015666,0.027
CUST015667,0.0355
CUST015668,0.0652
CUST015669,0.0374
CUST015670,0.0866
CUST015671,0.0786
CUST015672,0.0368
CUST015673,0.0277
CUST015674,0.0636
CUST015675,0.9948
CUST015676,0.0561
CUST015677,0.0394
CUST015678,0.9952
CUST015679,0.0382
CUST015680,0.019
CUST015681,0.0483
CUST015682,0.0612
CUST015683,0.9953
CUST015684,0.0188
CUST015685,0.9944
CUST015686,0.0519
CUST015687,0.1393
CUST015688,0.0921
CUST015689,0.1171
CUST015690,0.0415
CUST015691,0.0975
CUST015692,0.9964
CUST015693,0.0127
CUST015694,0.0743
CUST015695,0.0307
CUST015696,0.2188
CUST015697,0.0687
CUST015698,0.0371
CUST015699,0.0367
CUST015700,0.9957
CUST015701,0.0416
CUST015702,0.1757
CUST015703,0.0496
CUST015704,0.0685
CUST015705,0.0653
CUST015706,0.1354
CUST015707,0.0543
CUST015708,0.9982
CUST015709,0.9946
CUST015710,0.0442
CUST015711,0.0585
CUST015712,0.9959
CUST015713,0.056
CUST015714,0.9952
CUST015715,0.0295
CUST015716,0.0411
CUST015717,0.0325
CUST015718,0.0356
CUST015719,0.0237
CUST015720,0.0384
CUST015721,0.0551
CUST015722,0.1208
CUST015723,0.057
CUST015724,0.0741
CUST015725,0.0474
CUST015726,0.0557
CUST015727,0.0311
CUST015728,0.2478
CUST015729,0.0644
CUST015730,0.0589
CUST015731,0.084
CUST015732,0.0405
CUST015733,0.0595
CUST015734,0.0435
CUST015735,0.0144
CUST015736,0.0796
CUST015737,0.9927
CUST015738,0.0316
CUST015739,0.0173
CUST015740,0.0275
CUST015741,0.0318
CUST015742,0.0462
CUST015743,0.0427
CUST015744,0.0409
CUST015745,0.0522
CUST015746,0.0637
CUST015747,0.0871
CUST015748,0.155
CUST015749,0.0396
CUST015750,0.0893
CUST015751,0.0332
CUST015752,0.9938
CUST015753,0.0638
CUST015754,0.06
CUST015755,0.037
CUST015756,0.0333
CUST015757,0.9973
CUST015758,0.0165
CUST015759,0.0501
CUST015760,0.1158
CUST015761,0.0364
CUST015762,0.0365
CUST015763,0.0599
CUST015764,0.1672
CUST015765,0.0562
CUST015766,0.0426
CUST015767,0.0281
CUST015768,0.2697
CUST015769,0.1858
CUST015770,0.0432
CUST015771,0.03
CUST015772,0.0895
CUST015773,0.9956
CUST015774,0.0715
CUST015775,0.0215
CUST015776,0.1306
CUST015777,0.9919
CUST015778,0.0449
CUST015779,0.0356
CUST015780,0.0429
CUST015781,0.042
CUST015782,0.0389
CUST015783,0.0464
CUST015784,0.0256
CUST015785,0.0634
CUST015786,0.9942
CUST015787,0.178
CUST015788,0.0436
CUST015789,0.0192
CUST015790,0.0576
CUST015791,0.9957
CUST015792,0.0438
CUST015793,0.0469
CUST015794,0.0642
CUST015795,0.0881
CUST015796,0.0972
CUST015797,0.0461
CUST015798,0.995
CUST015799,0.0337
CUST015800,0.0139
CUST015801,0.1136
CUST015802,0.0492
CUST015803,0.0548
CUST015804,0.0264
CUST015805,0.0737
CUST015806,0.0298
CUST015807,0.0323
CUST015808,0.0392
CUST015809,0.0739
CUST015810,0.0282
CUST015811,0.068
CUST015812,0.0366
CUST015813,0.0604
CUST015814,0.9931
CUST015815,0.0569
CUST015816,0.0966
CUST015817,0.0342
CUST015818,0.9936
CUST015819,0.046
CUST015820,0.115
CUST015821,0.049
CUST015822,0.0417
CUST015823,0.2187
CUST015824,0.0447
CUST015825,0.0904
CUST015826,0.0485
CUST015827,0.0718
CUST015828,0.0478
CUST015829,0.0372
CUST015830,0.0469
CUST015831,0.0588
CUST015832,0.9957
CUST015833,0.1186
CUST015834,0.1279
CUST015835,0.049
CUST015836,0.0639
CUST015837,0.1118
CUST015838,0.0363
CUST015839,0.0666
CUST015840,0.0218
CUST015841,0.0471
CUST015842,0.0551
CUST015843,0.0621
CUST015844,0.0279
CUST015845,0.0603
CUST015846,0.9948
CUST015847,0.9976
CUST015848,0.0333
CUST015849,0.0577
CUST015850,0.0604
CUST015851,0.0404
CUST015852,0.1241
CUST015853,0.0686
CUST015854,0.9924
CUST015855,0.0562
CUST015856,0.1037
CUST015857,0.0277
CUST015858,0.058
CUST015859,0.0414
CUST015860,0.2697
CUST015861,0.0464
CUST015862,0.1579
CUST015863,0.0599
CUST015864,0.0311
CUST015865,0.0672
CUST015866,0.031
CUST015867,0.0654
CUST015868,0.032
CUST015869,0.0652
CUST015870,0.1444
CUST015871,0.0405
CUST015872,0.0407
CUST015873,0.0183
CUST015874,0.0603
CUST015875,0.1046
CUST015876,0.0417
CUST015877,0.0243
CUST015878,0.0487
CUST015879,0.0292
CUST015880,0.0281
CUST015881,0.0383
CUST015882,0.0846
CUST015883,0.0866
CUST015884,0.9954
CUST015885,0.0201
CUST015886,0.021
CUST015887,0.0456
CUST015888,0.0421
CUST015889,0.0332
CUST015890,0.1259
CUST015891,0.06
CUST015892,0.9924
CUST015893,0.0427
CUST015894,0.0284
CUST015895,0.0444
CUST015896,0.0456
CUST015897,0.189
CUST015898,0.0254
CUST015899,0.012
CUST015900,0.052
CUST015901,0.0487
CUST015902,0.026
CUST015903,0.0334
CUST015904,0.9966
CUST015905,0.0425
CUST015906,0.1118
CUST015907,0.0441
CUST015908,0.0362
CUST015909,0.0574
CUST015910,0.047
CUST015911,0.0267
CUST015912,0.0538
CUST015913,0.0252
CUST015914,0.0283
CUST015915,0.0433
CUST015916,0.0386
CUST015917,0.0332
CUST015918,0.0419
CUST015919,0.9935
CUST015920,0.0399
CUST015921,0.0452
CUST015922,0.0915
CUST015923,0.9965
CUST015924,0.0391
CUST015925,0.0354
CUST015926,0.0518
CUST015927,0.0236
CUST015928,0.9954
CUST015929,0.1883
CUST015930,0.079
CUST015931,0.0478
CUST015932,0.9953
CUST015933,0.0369
CUST015934,0.0494
CUST015935,0.993
CUST015936,0.0351
CUST015937,0.0411
CUST015938,0.995
CUST015939,0.0474
CUST015940,0.0431
CUST015941,0.0145
CUST015942,0.0518
CUST015943,0.022
CUST015944,0.1093
CUST015945,0.1252
CUST015946,0.0375
CUST015947,0.0513
CUST015948,0.1178
CUST015949,0.0489
CUST015950,0.0275
CUST015951,0.0549
CUST015952,0.0818
CUST015953,0.052
CUST015954,0.0472
CUST015955,0.0609
CUST015956,0.0533
CUST015957,0.044
CUST015958,0.0833
CUST015959,0.028
CUST015960,0.0629
CUST015961,0.0438
CUST015962,0.0344
CUST015963,0.0372
CUST015964,0.0243
CUST015965,0.0361
CUST015966,0.0359
CUST015967,0.9951
CUST015968,0.0386
CUST015969,0.0606
CUST015970,0.0377
CUST015971,0.2344
CUST015972,0.0185
CUST015973,0.0551
CUST015974,0.9953
CUST015975,0.0468
CUST015976,0.049
CUST015977,0.0436
CUST015978,0.064
CUST015979,0.2243
CUST015980,0.0224
CUST015981,0.033
CUST015982,0.0326
CUST015983,0.0098
CUST015984,0.0627
CUST015985,0.0678
CUST015986,0.09
CUST015987,0.0395
CUST015988,0.0395
CUST015989,0.0615
CUST015990,0.1197
CUST015991,0.0384
CUST015992,0.0264
CUST015993,0.0808
CUST015994,0.1169
CUST015995,0.0172
CUST015996,0.0554
CUST015997,0.0431
CUST015998,0.0746
CUST015999,0.044
CUST016000,0.0385
CUST016001,0.0518
CUST016002,0.0342
CUST016003,0.9967
CUST016004,0.0466
CUST016005,0.0303
CUST016006,0.0319
CUST016007,0.2319
CUST016008,0.3867
CUST016009,0.1306
CUST016010,0.065
CUST016011,0.1245
CUST016012,0.0369
CUST016013,0.0453
CUST016014,0.0388
CUST016015,0.0477
CUST016016,0.1269
CUST016017,0.0377
CUST016018,0.1295
CUST016019,0.0697
CUST016020,0.9933
CUST016021,0.0307
CUST016022,0.1474
CUST016023,0.0223
CUST016024,0.088
CUST016025,0.0513
CUST016026,0.0284
CUST016027,0.0642
CUST016028,0.0531
CUST016029,0.9934
CUST016030,0.0211
CUST016031,0.0389
CUST016032,0.0582
CUST016033,0.0441
CUST016034,0.033
CUST016035,0.0353
CUST016036,0.0925
CUST016037,0.0439
CUST016038,0.0854
CUST016039,0.0827
CUST016040,0.9957
CUST016041,0.1204
CUST016042,0.0565
CUST016043,0.0701
CUST016044,0.0326
CUST016045,0.0365
CUST016046,0.0222
CUST016047,0.0566
CUST016048,0.0389
CUST016049,0.0405
CUST016050,0.0679
CUST016051,0.0596
CUST016052,0.0405
CUST016053,0.024
CUST016054,0.0725
CUST016055,0.0311
CUST016056,0.9961
CUST016057,0.0329
CUST016058,0.1006
CUST016059,0.0651
CUST016060,0.0716
CUST016061,0.054
CUST016062,0.0474
CUST016063,0.1058
CUST016064,0.0309
CUST016065,0.0331
CUST016066,0.0827
CUST016067,0.084
CUST016068,0.03
CUST016069,0.0366
CUST016070,0.0508
CUST016071,0.0448
CUST016072,0.0375
CUST016073,0.0277
CUST016074,0.0268
CUST016075,0.0512
CUST016076,0.014
CUST016077,0.0717
CUST016078,0.4546
CUST016079,0.9933
CUST016080,0.0453
CUST016081,0.052
CUST016082,0.0392
CUST016083,0.0357
CUST016084,0.0775
CUST016085,0.0515
CUST016086,0.0379
CUST016087,0.0602
CUST016088,0.0712
CUST016089,0.039
CUST016090,0.0446
CUST016091,0.0381
CUST016092,0.0658
CUST016093,0.0438
CUST016094,0.0429
CUST016095,0.0402
CUST016096,0.9967
CUST016097,0.2451
CUST016098,0.0243
CUST016099,0.0314
CUST016100,0.0709
CUST016101,0.013
CUST016102,0.0364
CUST016103,0.9981
CUST016104,0.0924
CUST016105,0.0329
CUST016106,0.0579
CUST016107,0.0919
CUST016108,0.0985
CUST016109,0.0505
CUST016110,0.0402
CUST016111,0.0424
CUST016112,0.0234
CUST016113,0.0478
CUST016114,0.0593
CUST016115,0.9947
CUST016116,0.0476
CUST016117,0.0475
CUST016118,0.069
CUST016119,0.0402
CUST016120,0.0519
CUST016121,0.126
CUST016122,0.9963
CUST016123,0.1279
CUST016124,0.997
CUST016125,0.0357
CUST016126,0.0442
CUST016127,0.0496
CUST016128,0.117
CUST016129,0.0859
CUST016130,0.0325
CUST016131,0.0393
CUST016132,0.0551
CUST016133,0.1425
CUST016134,0.0446
CUST016135,0.0377
CUST016136,0.0285
CUST016137,0.0258
CUST016138,0.0663
CUST016139,0.9968
CUST016140,0.04
CUST016141,0.0363
CUST016142,0.0701
CUST016143,0.9964
CUST016144,0.0538
CUST016145,0.0306
CUST016146,0.0644
CUST016147,0.0454
CUST016148,0.0378
CUST016149,0.0869
CUST016150,0.0437
CUST016151,0.0684
CUST016152,0.027
CUST016153,0.0785
CUST016154,0.0287
CUST016155,0.0617
CUST016156,0.998
CUST016157,0.0283
CUST016158,0.1109
CUST016159,0.0415
CUST016160,0.9936
CUST016161,0.0803
CUST016162,0.0346
CUST016163,0.0256
CUST016164,0.039
CUST016165,0.0248
CUST016166,0.0921
CUST016167,0.0714
CUST016168,0.0576
CUST016169,0.0406
CUST016170,0.1628
CUST016171,0.0418
CUST016172,0.9935
CUST016173,0.0915
CUST016174,0.0275
CUST016175,0.1432
CUST016176,0.0164
CUST016177,0.04
CUST016178,0.0327
CUST016179,0.9954
CUST016180,0.9954
CUST016181,0.0453
CUST016182,0.079
CUST016183,0.9948
CUST016184,0.0419
CUST016185,0.9948
CUST016186,0.9948
CUST016187,0.0245
CUST016188,0.0321
CUST016189,0.071
CUST016190,0.0572
CUST016191,0.0479
CUST016192,0.0677
CUST016193,0.0738
CUST016194,0.048
CUST016195,0.0456
CUST016196,0.0354
CUST016197,0.0301
CUST016198,0.9955
CUST016199,0.0454
CUST016200,0.0355
CUST016201,0.0424
CUST016202,0.0535
CUST016203,0.0439
CUST016204,0.0287
CUST016205,0.0461
CUST016206,0.0359
CUST016207,0.1641
CUST016208,0.0607
CUST016209,0.0939
CUST016210,0.0434
CUST016211,0.0587
CUST016212,0.0377
CUST016213,0.033
CUST016214,0.9948
CUST016215,0.0622
CUST016216,0.0371
CUST016217,0.9955
CUST016218,0.0523
CUST016219,0.0617
CUST016220,0.9965
CUST016221,0.0273
CUST016222,0.0419
CUST016223,0.9967
CUST016224,0.0539
CUST016225,0.0369
CUST016226,0.4077
CUST016227,0.0523
CUST016228,0.1013
CUST016229,0.0935
CUST016230,0.0511
CUST016231,0.0706
CUST016232,0.067
CUST016233,0.1929
CUST016234,0.0271
CUST016235,0.124
CUST016236,0.027
CUST016237,0.0616
CUST016238,0.0522
CUST016239,0.0367
CUST016240,0.1117
CUST016241,0.0484
CUST016242,0.0734
CUST016243,0.0482
CUST016244,0.0879
CUST016245,0.0367
CUST016246,0.158
CUST016247,0.0782
CUST016248,0.0682
CUST016249,0.0623
CUST016250,0.0617
CUST016251,0.0985
CUST016252,0.077
CUST016253,0.2787
CUST016254,0.9959
CUST016255,0.9947
CUST016256,0.133
CUST016257,0.1906
CUST016258,0.0239
CUST016259,0.0647
CUST016260,0.0099
CUST016261,0.0633
CUST016262,0.0955
CUST016263,0.0532
CUST016264,0.0488
CUST016265,0.0771
CUST016266,0.0756
CUST016267,0.1067
CUST016268,0.025
CUST016269,0.0461
CUST016270,0.0696
CUST016271,0.0732
CUST016272,0.0278
CUST016273,0.0342
CUST016274,0.0289
CUST016275,0.0502
CUST016276,0.9953
CUST016277,0.0937
CUST016278,0.0437
CUST016279,0.4223
CUST016280,0.9935
CUST016281,0.0561
CUST016282,0.5927
CUST016283,0.0804
CUST016284,0.0233
CUST016285,0.1564
CUST016286,0.9949
CUST016287,0.1612
CUST016288,0.2028
CUST016289,0.0366
CUST016290,0.0329
CUST016291,0.0373
CUST016292,0.04
CUST016293,0.0581
CUST016294,0.056
CUST016295,0.9945
CUST016296,0.0791
CUST016297,0.0446
CUST016298,0.0517
CUST016299,0.0157
CUST016300,0.0414
CUST016301,0.0843
CUST016302,0.0541
CUST016303,0.0369
CUST016304,0.1529
CUST016305,0.0418
CUST016306,0.0436
CUST016307,0.077
CUST016308,0.0202
CUST016309,0.0758
CUST016310,0.0447
CUST016311,0.0389
CUST016312,0.034
CUST016313,0.0298
CUST016314,0.0929
CUST016315,0.0289
CUST016316,0.0427
CUST016317,0.0538
CUST016318,0.0444
CUST016319,0.034
CUST016320,0.0391
CUST016321,0.0545
CUST016322,0.0504
CUST016323,0.028
CUST016324,0.1046
CUST016325,0.0852
CUST016326,0.0185
CUST016327,0.0448
CUST016328,0.9918
CUST016329,0.0438
CUST016330,0.0194
CUST016331,0.0452
CUST016332,0.9926
CUST016333,0.1171
CUST016334,0.9949
CUST016335,0.0927
CUST016336,0.042
CUST016337,0.0582
CUST016338,0.04
CUST016339,0.0699
CUST016340,0.0458
CUST016341,0.035
CUST016342,0.0478
CUST016343,0.0378
CUST016344,0.064
CUST016345,0.0668
CUST016346,0.0557
CUST016347,0.9974
CUST016348,0.0372
CUST016349,0.0343
CUST016350,0.0358
CUST016351,0.1631
CUST016352,0.045
CUST016353,0.0303
CUST016354,0.0471
CUST016355,0.0446
CUST016356,0.0251
CUST016357,0.0486
CUST016358,0.0976
CUST016359,0.9967
CUST016360,0.0277
CUST016361,0.0272
CUST016362,0.048
CUST016363,0.0406
CUST016364,0.9902
CUST016365,0.0531
CUST016366,0.0577
CUST016367,0.0629
CUST016368,0.0353
CUST016369,0.0377
CUST016370,0.0458
CUST016371,0.9951
CUST016372,0.0526
CUST016373,0.0954
CUST016374,0.1838
CUST016375,0.1263
CUST016376,0.0162
CUST016377,0.9967
CUST016378,0.0438
CUST016379,0.993
CUST016380,0.0398
CUST016381,0.0479
CUST016382,0.0349
CUST016383,0.0394
CUST016384,0.9923
CUST016385,0.1243
CUST016386,0.1199
CUST016387,0.2386
CUST016388,0.0531
CUST016389,0.0488
CUST016390,0.0156
CUST016391,0.0512
CUST016392,0.0318
CUST016393,0.0676
CUST016394,0.0681
CUST016395,0.0367
CUST016396,0.0789
CUST016397,0.0563
CUST016398,0.0596
CUST016399,0.0244
CUST016400,0.0531
CUST016401,0.073
CUST016402,0.0778
CUST016403,0.0708
CUST016404,0.9946
CUST016405,0.0429
CUST016406,0.091
CUST016407,0.0568
CUST016408,0.0625
CUST016409,0.1663
CUST016410,0.0949
CUST016411,0.0606
CUST016412,0.142
CUST016413,0.0365
CUST016414,0.0331
CUST016415,0.9934
CUST016416,0.0586
CUST016417,0.0663
CUST016418,0.0293
CUST016419,0.0353
CUST016420,0.039
CUST016421,0.1625
CUST016422,0.1543
CUST016423,0.0617
CUST016424,0.0222
CUST016425,0.0385
CUST016426,0.0356
CUST016427,0.0771
CUST016428,0.5767
CUST016429,0.1086
CUST016430,0.1053
CUST016431,0.0238
CUST016432,0.0589
CUST016433,0.0456
CUST016434,0.9934
CUST016435,0.9943
CUST016436,0.0681
CUST016437,0.0403
CUST016438,0.0269
CUST016439,0.0194
CUST016440,0.0413
CUST016441,0.0622
CUST016442,0.0249
CUST016443,0.2089
CUST016444,0.1384
CUST016445,0.0238
CUST016446,0.0264
CUST016447,0.0233
CUST016448,0.0674
CUST016449,0.0316
CUST016450,0.0667
CUST016451,0.0469
CUST016452,0.9983
CUST016453,0.0453
CUST016454,0.9948
CUST016455,0.0384
CUST016456,0.0457
CUST016457,0.0553
CUST016458,0.0419
CUST016459,0.0299
CUST016460,0.1245
CUST016461,0.0392
CUST016462,0.9953
CUST016463,0.0273
CUST016464,0.0486
CUST016465,0.042
CUST016466,0.9953
CUST016467,0.0604
CUST016468,0.0309
CUST016469,0.0171
CUST016470,0.0382
CUST016471,0.032
CUST016472,0.2024
CUST016473,0.2296
CUST016474,0.0385
CUST016475,0.1094
CUST016476,0.0342
CUST016477,0.065
CUST016478,0.0975
CUST016479,0.0255
CUST016480,0.0552
CUST016481,0.0564
CUST016482,0.1588
CUST016483,0.0314
CUST016484,0.0886
CUST016485,0.0434
CUST016486,0.9968
CUST016487,0.1685
CUST016488,0.1106
CUST016489,0.0378
CUST016490,0.0926
CUST016491,0.0569
CUST016492,0.0298
CUST016493,0.0326
CUST016494,0.0369
CUST016495,0.0369
CUST016496,0.024
CUST016497,0.0447
CUST016498,0.038
CUST016499,0.9955
CUST016500,0.0393
CUST016501,0.0364
CUST016502,0.0288
CUST016503,0.0766
CUST016504,0.0311
CUST016505,0.041
CUST016506,0.0459
CUST016507,0.0437
CUST016508,0.0524
CUST016509,0.0367
CUST016510,0.2203
CUST016511,0.037
CUST016512,0.0403
CUST016513,0.9942
CUST016514,0.0308
CUST016515,0.1047
CUST016516,0.0355
CUST016517,0.0817
CUST016518,0.0328
CUST016519,0.0404
CUST016520,0.0452
CUST016521,0.0872
CUST016522,0.9965
CUST016523,0.0398
CUST016524,0.1281
CUST016525,0.026
CUST016526,0.0812
CUST016527,0.9962
CUST016528,0.0799
CUST016529,0.0641
CUST016530,0.1667
CUST016531,0.9938
CUST016532,0.033
CUST016533,0.0396
CUST016534,0.0443
CUST016535,0.0628
CUST016536,0.0438
CUST016537,0.0536
CUST016538,0.1726
CUST016539,0.9958
CUST016540,0.039
CUST016541,0.043
CUST016542,0.2818
CUST016543,0.9951
CUST016544,0.998
CUST016545,0.0291
CUST016546,0.0374
CUST016547,0.0607
CUST016548,0.0605
CUST016549,0.0585
CUST016550,0.0326
CUST016551,0.3129
CUST016552,0.486
CUST016553,0.9952
CUST016554,0.0502
CUST016555,0.0362
CUST016556,0.0446
CUST016557,0.0358
CUST016558,0.037
CUST016559,0.0302
CUST016560,0.0707
CUST016561,0.9973
CUST016562,0.0481
CUST016563,0.032
CUST016564,0.0909
CUST016565,0.0294
CUST016566,0.0384
CUST016567,0.0597
CUST016568,0.0339
CUST016569,0.0155
CUST016570,0.0262
CUST016571,0.0342
CUST016572,0.0352
CUST016573,0.9966
CUST016574,0.051
CUST016575,0.0653
CUST016576,0.0625
CUST016577,0.049
CUST016578,0.0382
CUST016579,0.0332
CUST016580,0.0429
CUST016581,0.0457
CUST016582,0.0342
CUST016583,0.0406
CUST016584,0.0305
CUST016585,0.0543
CUST016586,0.9974
CUST016587,0.0473
CUST016588,0.9958
CUST016589,0.0339
CUST016590,0.0349
CUST016591,0.993
CUST016592,0.0507
CUST016593,0.9936
CUST016594,0.1122
CUST016595,0.0253
CUST016596,0.0786
CUST016597,0.0338
CUST016598,0.1342
CUST016599,0.0287
CUST016600,0.0478
CUST016601,0.0469
CUST016602,0.0361
CUST016603,0.0546
CUST016604,0.043
CUST016605,0.0324
CUST016606,0.0354
CUST016607,0.1991
CUST016608,0.0839
CUST016609,0.0264
CUST016610,0.0399
CUST016611,0.0458
CUST016612,0.0269
CUST016613,0.0291
CUST016614,0.0251
CUST016615,0.0493
CUST016616,0.0154
CUST016617,0.0301
CUST016618,0.0217
CUST016619,0.0261
CUST016620,0.0995
CUST016621,0.0459
CUST016622,0.046
CUST016623,0.9944
CUST016624,0.0452
CUST016625,0.0343
CUST016626,0.1703
CUST016627,0.0207
CUST016628,0.0448
CUST016629,0.0413
CUST016630,0.0377
CUST016631,0.0405
CUST016632,0.055
CUST016633,0.9958
CUST016634,0.0329
CUST016635,0.1858
CUST016636,0.0228
CUST016637,0.0759
CUST016638,0.0326
CUST016639,0.0613
CUST016640,0.0434
CUST016641,0.1291
CUST016642,0.0413
CUST016643,0.9977
CUST016644,0.0459
CUST016645,0.0174
CUST016646,0.0362
CUST016647,0.0494
CUST016648,0.0347
CUST016649,0.0516
CUST016650,0.035
CUST016651,0.0327
CUST016652,0.061
CUST016653,0.0444
CUST016654,0.0598
CUST016655,0.1814
CUST016656,0.0774
CUST016657,0.0305
CUST016658,0.0302
CUST016659,0.062
CUST016660,0.0712
CUST016661,0.0584
CUST016662,0.0577
CUST016663,0.0286
CUST016664,0.0669
CUST016665,0.0301
CUST016666,0.9961
CUST016667,0.072
CUST016668,0.1296
CUST016669,0.0563
CUST016670,0.0649
CUST016671,0.0561
CUST016672,0.0453
CUST016673,0.0584
CUST016674,0.0456
CUST016675,0.1151
CUST016676,0.1265
CUST016677,0.0246
CUST016678,0.0763
CUST016679,0.1515
CUST016680,0.0577
CUST016681,0.0545
CUST016682,0.9962
CUST016683,0.0594
CUST016684,0.0439
CUST016685,0.0404
CUST016686,0.0308
CUST016687,0.9949
CUST016688,0.1127
CUST016689,0.228
CUST016690,0.0522
CUST016691,0.9975
CUST016692,0.0447
CUST016693,0.0593
CUST016694,0.0737
CUST016695,0.0221
CUST016696,0.0205
CUST016697,0.0543
CUST016698,0.0797
CUST016699,0.0412
CUST016700,0.0182
CUST016701,0.9958
CUST016702,0.1188
CUST016703,0.0415
CUST016704,0.1236
CUST016705,0.054
CUST016706,0.0372
CUST016707,0.0933
CUST016708,0.0329
CUST016709,0.0589
CUST016710,0.054
CUST016711,0.0621
CUST016712,0.0495
CUST016713,0.0355
CUST016714,0.0475
CUST016715,0.0384
CUST016716,0.0427
CUST016717,0.0821
CUST016718,0.0364
CUST016719,0.0996
CUST016720,0.0426
CUST016721,0.0492
CUST016722,0.0441
CUST016723,0.0434
CUST016724,0.0504
CUST016725,0.0381
CUST016726,0.0357
CUST016727,0.0318
CUST016728,0.0476
CUST016729,0.0282
CUST016730,0.0426
CUST016731,0.1345
CUST016732,0.0613
CUST016733,0.0292
CUST016734,0.0394
CUST016735,0.0368
CUST016736,0.088
CUST016737,0.0385
CUST016738,0.0975
CUST016739,0.0491
CUST016740,0.0681
CUST016741,0.0712
CUST016742,0.0763
CUST016743,0.0574
CUST016744,0.0412
CUST016745,0.0441
CUST016746,0.0298
CUST016747,0.0389
CUST016748,0.0355
CUST016749,0.0681
CUST016750,0.0398
CUST016751,0.0579
CUST016752,0.0992
CUST016753,0.0398
CUST016754,0.0255
CUST016755,0.061
CUST016756,0.042
CUST016757,0.0638
CUST016758,0.0417
CUST016759,0.0525
CUST016760,0.0553
CUST016761,0.9961
CUST016762,0.0759
CUST016763,0.9938
CUST016764,0.0578
CUST016765,0.0504
CUST016766,0.0213
CUST016767,0.9959
CUST016768,0.9977
CUST016769,0.0581
CUST016770,0.0266
CUST016771,0.0474
CUST016772,0.0432
CUST016773,0.1082
CUST016774,0.0589
CUST016775,0.0872
CUST016776,0.0699
CUST016777,0.0724
CUST016778,0.0305
CUST016779,0.0534
CUST016780,0.0331
CUST016781,0.0205
CUST016782,0.0662
CUST016783,0.1414
CUST016784,0.1763
CUST016785,0.0597
CUST016786,0.0266
CUST016787,0.1848
CUST016788,0.0982
CUST016789,0.0527
CUST016790,0.0327
CUST016791,0.0431
CUST016792,0.0731
CUST016793,0.039
CUST016794,0.0398
CUST016795,0.0281
CUST016796,0.5036
CUST016797,0.0168
CUST016798,0.0511
CUST016799,0.0348
CUST016800,0.9972
CUST016801,0.0338
CUST016802,0.0475
CUST016803,0.9939
CUST016804,0.1392
CUST016805,0.0382
CUST016806,0.0498
CUST016807,0.082
CUST016808,0.0901
CUST016809,0.0378
CUST016810,0.0375
CUST016811,0.0535
CUST016812,0.9938
CUST016813,0.0643
CUST016814,0.0145
CUST016815,0.0997
CUST016816,0.0254
CUST016817,0.0533
CUST016818,0.037
CUST016819,0.0428
CUST016820,0.0715
CUST016821,0.0463
CUST016822,0.0572
CUST016823,0.995
CUST016824,0.0321
CUST016825,0.0457
CUST016826,0.0393
CUST016827,0.068
CUST016828,0.0772
CUST016829,0.0413
CUST016830,0.0329
CUST016831,0.0338
CUST016832,0.9945
CUST016833,0.997
CUST016834,0.9907
CUST016835,0.0301
CUST016836,0.0468
CUST016837,0.088
CUST016838,0.0477
CUST016839,0.067
CUST016840,0.0451
CUST016841,0.0658
CUST016842,0.1386
CUST016843,0.0603
CUST016844,0.0342
CUST016845,0.0511
CUST016846,0.1095
CUST016847,0.0835
CUST016848,0.1055
CUST016849,0.0749
CUST016850,0.0231
CUST016851,0.9936
CUST016852,0.1257
CUST016853,0.0274
CUST016854,0.0292
CUST016855,0.0775
CUST016856,0.0797
CUST016857,0.9943
CUST016858,0.2857
CUST016859,0.0426
CUST016860,0.0274
CUST016861,0.0647
CUST016862,0.1098
CUST016863,0.0737
CUST016864,0.034
CUST016865,0.0336
CUST016866,0.0339
CUST016867,0.0457
CUST016868,0.0169
CUST016869,0.2481
CUST016870,0.0249
CUST016871,0.0257
CUST016872,0.0329
CUST016873,0.0368
CUST016874,0.0443
CUST016875,0.1909
CUST016876,0.0385
CUST016877,0.9949
CUST016878,0.0188
CUST016879,0.0424
CUST016880,0.0662
CUST016881,0.2309
CUST016882,0.0636
CUST016883,0.0438
CUST016884,0.0558
CUST016885,0.0252
CUST016886,0.0609
CUST016887,0.0541
CUST016888,0.0878
CUST016889,0.0707
CUST016890,0.0507
CUST016891,0.9953
CUST016892,0.9967
CUST016893,0.0378
CUST016894,0.0481
CUST016895,0.0327
CUST016896,0.0656
CUST016897,0.044
CUST016898,0.0661
CUST016899,0.9952
CUST016900,0.034
CUST016901,0.0651
CUST016902,0.0591
CUST016903,0.022
CUST016904,0.1493
CUST016905,0.0332
CUST016906,0.1017
CUST016907,0.9934
CUST016908,0.1708
CUST016909,0.114
CUST016910,0.0746
CUST016911,0.0424
CUST016912,0.0567
CUST016913,0.0337
CUST016914,0.0518
CUST016915,0.2726
CUST016916,0.0387
CUST016917,0.0414
CUST016918,0.026
CUST016919,0.2229
CUST016920,0.0447
CUST016921,0.9934
CUST016922,0.0346
CUST016923,0.0379
CUST016924,0.9951
CUST016925,0.0545
CUST016926,0.0398
CUST016927,0.1019
CUST016928,0.9962
CUST016929,0.0889
CUST016930,0.0508
CUST016931,0.0489
CUST016932,0.0204
CUST016933,0.2588
CUST016934,0.9967
CUST016935,0.0331
CUST016936,0.0353
CUST016937,0.0412
CUST016938,0.035
CUST016939,0.0555
CUST016940,0.0931
CUST016941,0.053
CUST016942,0.0633
CUST016943,0.0545
CUST016944,0.0434
CUST016945,0.1129
CUST016946,0.122
CUST016947,0.0722
CUST016948,0.0387
CUST016949,0.0351
CUST016950,0.9959
CUST016951,0.0629
CUST016952,0.063
CUST016953,0.0888
CUST016954,0.0702
CUST016955,0.0635
CUST016956,0.0111
CUST016957,0.0414
CUST016958,0.9956
CUST016959,0.9948
CUST016960,0.0349
CUST016961,0.038
CUST016962,0.9955
CUST016963,0.0648
CUST016964,0.0222
CUST016965,0.9966
CUST016966,0.0501
CUST016967,0.0486
CUST016968,0.0604
CUST016969,0.0997
CUST016970,0.0565
CUST016971,0.028
CUST016972,0.0704
CUST016973,0.052
CUST016974,0.0452
CUST016975,0.9979
CUST016976,0.0548
CUST016977,0.0328
CUST016978,0.1049
CUST016979,0.047
CUST016980,0.0603
CUST016981,0.27
CUST016982,0.1308
CUST016983,0.2662
CUST016984,0.0566
CUST016985,0.0627
CUST016986,0.035
CUST016987,0.1799
CUST016988,0.0301
CUST016989,0.031
CUST016990,0.0326
CUST016991,0.0378
CUST016992,0.0856
CUST016993,0.0231
CUST016994,0.1202
CUST016995,0.0606
CUST016996,0.0944
CUST016997,0.0427
CUST016998,0.0393
CUST016999,0.0901
CUST017000,0.1867
CUST017001,0.0769
CUST017002,0.0686
CUST017003,0.0757
CUST017004,0.0194
CUST017005,0.0637
CUST017006,0.046
CUST017007,0.0261
CUST017008,0.9969
CUST017009,0.0513
CUST017010,0.0276
CUST017011,0.9946
CUST017012,0.0426
CUST017013,0.0704
CUST017014,0.071
CUST017015,0.9941
CUST017016,0.0562
CUST017017,0.0419
CUST017018,0.0432
CUST017019,0.0283
CUST017020,0.0501
CUST017021,0.0417
CUST017022,0.0489
CUST017023,0.0453
CUST017024,0.0877
CUST017025,0.1363
CUST017026,0.0513
CUST017027,0.0325
CUST017028,0.0587
CUST017029,0.9952
CUST017030,0.0723
CUST017031,0.0472
CUST017032,0.11
CUST017033,0.0459
CUST017034,0.1468
CUST017035,0.0507
CUST017036,0.0569
CUST017037,0.0679
CUST017038,0.0544
CUST017039,0.0446
CUST017040,0.0719
CUST017041,0.0249
CUST017042,0.0398
CUST017043,0.0305
CUST017044,0.0337
CUST017045,0.0511
CUST017046,0.0411
CUST017047,0.0499
CUST017048,0.037
CUST017049,0.9947
CUST017050,0.0696
CUST017051,0.0288
CUST017052,0.0608
CUST017053,0.0389
CUST017054,0.0872
CUST017055,0.1418
CUST017056,0.0755
CUST017057,0.0537
CUST017058,0.1135
CUST017059,0.0431
CUST017060,0.042
CUST017061,0.0497
CUST017062,0.0558
CUST017063,0.0659
CUST017064,0.0368
CUST017065,0.1075
CUST017066,0.0533
CUST017067,0.0727
CUST017068,0.9948
CUST017069,0.0329
CUST017070,0.0322
CUST017071,0.036
CUST017072,0.0174
CUST017073,0.9928
CUST017074,0.0345
CUST017075,0.0297
CUST017076,0.1869
CUST017077,0.033
CUST017078,0.0368
CUST017079,0.9908
CUST017080,0.0437
CUST017081,0.0386
CUST017082,0.065
CUST017083,0.0922
CUST017084,0.9967
CUST017085,0.0453
CUST017086,0.048
CUST017087,0.039
CUST017088,0.0343
CUST017089,0.0562
CUST017090,0.0243
CUST017091,0.0282
CUST017092,0.035
CUST017093,0.0451
CUST017094,0.0163
CUST017095,0.9943
CUST017096,0.0505
CUST017097,0.9951
CUST017098,0.9948
CUST017099,0.0644
CUST017100,0.0435
CUST017101,0.063
CUST017102,0.0239
CUST017103,0.0324
CUST017104,0.0796
CUST017105,0.0452
CUST017106,0.0399
CUST017107,0.0573
CUST017108,0.0375
CUST017109,0.0373
CUST017110,0.0205
CUST017111,0.0302
CUST017112,0.0442
CUST017113,0.047
CUST017114,0.0374
CUST017115,0.059
CUST017116,0.0317
CUST017117,0.0269
CUST017118,0.9971
CUST017119,0.9936
CUST017120,0.9975
CUST017121,0.0731
CUST017122,0.0442
CUST017123,0.0185
CUST017124,0.0552
CUST017125,0.0735
CUST017126,0.079
CUST017127,0.0423
CUST017128,0.0932
CUST017129,0.0802
CUST017130,0.0394
CUST017131,0.055
CUST017132,0.1139
CUST017133,0.0145
CUST017134,0.0309
CUST017135,0.079
CUST017136,0.0261
CUST017137,0.0305
CUST017138,0.0632
CUST017139,0.0331
CUST017140,0.9954
CUST017141,0.0744
CUST017142,0.0274
CUST017143,0.1148
CUST017144,0.0591
CUST017145,0.0851
CUST017146,0.0174
CUST017147,0.0383
CUST017148,0.0373
CUST017149,0.0668
CUST017150,0.0453
CUST017151,0.0151
CUST017152,0.0113
CUST017153,0.0412
CUST017154,0.348
CUST017155,0.0673
CUST017156,0.0391
CUST017157,0.04
CUST017158,0.0394
CUST017159,0.0646
CUST017160,0.0483
CUST017161,0.0934
CUST017162,0.0712
CUST017163,0.0299
CUST017164,0.0586
CUST017165,0.0438
CUST017166,0.0273
CUST017167,0.0589
CUST017168,0.0345
CUST017169,0.0324
CUST017170,0.0349
CUST017171,0.0447
CUST017172,0.0511
CUST017173,0.0223
CUST017174,0.9958
CUST017175,0.105
CUST017176,0.0405
CUST017177,0.0602
CUST017178,0.0306
CUST017179,0.0339
CUST017180,0.0412
CUST017181,0.0732
CUST017182,0.029
CUST017183,0.0285
CUST017184,0.0513
CUST017185,0.2283
CUST017186,0.0271
CUST017187,0.2573
CUST017188,0.0731
CUST017189,0.9966
CUST017190,0.2132
CUST017191,0.1345
CUST017192,0.0434
CUST017193,0.0272
CUST017194,0.0448
CUST017195,0.0316
CUST017196,0.039
CUST017197,0.0452
CUST017198,0.0382
CUST017199,0.1049
CUST017200,0.0317
CUST017201,0.0165
CUST017202,0.9978
CUST017203,0.054
CUST017204,0.0401
CUST017205,0.0464
CUST017206,0.0434
CUST017207,0.9959
CUST017208,0.0186
CUST017209,0.0617
CUST017210,0.0265
CUST017211,0.1672
CUST017212,0.0216
CUST017213,0.0378
CUST017214,0.0417
CUST017215,0.0573
CUST017216,0.328
CUST017217,0.1228
CUST017218,0.9946
CUST017219,0.0674
CUST017220,0.3816
CUST017221,0.0523
CUST017222,0.0357
CUST017223,0.0284
CUST017224,0.1781
CUST017225,0.0993
CUST017226,0.0468
CUST017227,0.0256
CUST017228,0.0267
CUST017229,0.0203
CUST017230,0.0418
CUST017231,0.0543
CUST017232,0.039
CUST017233,0.0617
CUST017234,0.9948
CUST017235,0.9945
CUST017236,0.0422
CUST017237,0.025
CUST017238,0.0366
CUST017239,0.1767
CUST017240,0.0587
CUST017241,0.045
CUST017242,0.0382
CUST017243,0.0879
CUST017244,0.1191
CUST017245,0.1244
CUST017246,0.0406
CUST017247,0.9974
CUST017248,0.0472
CUST017249,0.0577
CUST017250,0.0644
CUST017251,0.0521
CUST017252,0.2239
CUST017253,0.0146
CUST017254,0.0561
CUST017255,0.0866
CUST017256,0.0153
CUST017257,0.0903
CUST017258,0.0482
CUST017259,0.0415
CUST017260,0.0538
CUST017261,0.0472
CUST017262,0.0317
CUST017263,0.06
CUST017264,0.0383
CUST017265,0.0408
CUST017266,0.0257
CUST017267,0.0292
CUST017268,0.1884
CUST017269,0.0857
CUST017270,0.0633
CUST017271,0.0318
CUST017272,0.9966
CUST017273,0.0953
CUST017274,0.0414
CUST017275,0.0301
CUST017276,0.9944
CUST017277,0.0695
CUST017278,0.0287
CUST017279,0.0443
CUST017280,0.0444
CUST017281,0.0184
CUST017282,0.05
CUST017283,0.034
CUST017284,0.0195
CUST017285,0.9952
CUST017286,0.041
CUST017287,0.087
CUST017288,0.0303
CUST017289,0.0364
CUST017290,0.0677
CUST017291,0.049
CUST017292,0.0578
CUST017293,0.0542
CUST017294,0.0338
CUST017295,0.9949
CUST017296,0.0872
CUST017297,0.0487
CUST017298,0.0504
CUST017299,0.0494
CUST017300,0.0342
CUST017301,0.1488
CUST017302,0.119
CUST017303,0.0861
CUST017304,0.0711
CUST017305,0.038
CUST017306,0.042
CUST017307,0.0892
CUST017308,0.0796
CUST017309,0.1782
CUST017310,0.0345
CUST017311,0.0466
CUST017312,0.048
CUST017313,0.0316
CUST017314,0.1929
CUST017315,0.0345
CUST017316,0.0601
CUST017317,0.0623
CUST017318,0.0291
CUST017319,0.0804
CUST017320,0.0267
CUST017321,0.0249
CUST017322,0.0443
CUST017323,0.0493
CUST017324,0.076
CUST017325,0.0338
CUST017326,0.0515
CUST017327,0.0554
CUST017328,0.0357
CUST017329,0.0834
CUST017330,0.0473
CUST017331,0.0244
CUST017332,0.0354
CUST017333,0.1243
CUST017334,0.1391
CUST017335,0.193
CUST017336,0.0385
CUST017337,0.2467
CUST017338,0.0499
CUST017339,0.9945
CUST017340,0.0335
CUST017341,0.0364
CUST017342,0.0329
CUST017343,0.0525
CUST017344,0.1483
CUST017345,0.0595
CUST017346,0.0289
CUST017347,0.1036
CUST017348,0.0436
CUST017349,0.0869
CUST017350,0.9949
CUST017351,0.0601
CUST017352,0.0483
CUST017353,0.0302
CUST017354,0.1336
CUST017355,0.0358
CUST017356,0.0206
CUST017357,0.047
CUST017358,0.0379
CUST017359,0.039
CUST017360,0.0529
CUST017361,0.0406
CUST017362,0.0355
CUST017363,0.994
CUST017364,0.0359
CUST017365,0.1029
CUST017366,0.0509
CUST017367,0.0775
CUST017368,0.0773
CUST017369,0.0716
CUST017370,0.0286
CUST017371,0.0751
CUST017372,0.0751
CUST017373,0.0312
CUST017374,0.0174
CUST017375,0.0498
CUST017376,0.0275
CUST017377,0.9954
CUST017378,0.0438
CUST017379,0.9971
CUST017380,0.0327
CUST017381,0.0847
CUST017382,0.996
CUST017383,0.224
CUST017384,0.0519
CUST017385,0.0298
CUST017386,0.0413
CUST017387,0.0321
CUST017388,0.0729
CUST017389,0.9947
CUST017390,0.0324
CUST017391,0.0937
CUST017392,0.0592
CUST017393,0.0261
CUST017394,0.0814
CUST017395,0.9952
CUST017396,0.1232
CUST017397,0.0469
CUST017398,0.0487
CUST017399,0.0777
CUST017400,0.9967
CUST017401,0.033
CUST017402,0.0852
CUST017403,0.0739
CUST017404,0.0767
CUST017405,0.0349
CUST017406,0.9967
CUST017407,0.9909
CUST017408,0.0295
CUST017409,0.9975
CUST017410,0.0486
CUST017411,0.0384
CUST017412,0.0493
CUST017413,0.0311
CUST017414,0.0842
CUST017415,0.0383
CUST017416,0.0387
CUST017417,0.0233
CUST017418,0.0641
CUST017419,0.0414
CUST017420,0.0327
CUST017421,0.1324
CUST017422,0.0638
CUST017423,0.0431
CUST017424,0.0745
CUST017425,0.0627
CUST017426,0.1204
CUST017427,0.0458
CUST017428,0.0522
CUST017429,0.0208
CUST017430,0.9948
CUST017431,0.9937
CUST017432,0.0841
CUST017433,0.1179
CUST017434,0.0478
CUST017435,0.0231
CUST017436,0.0829
CUST017437,0.0626
CUST017438,0.0922
CUST017439,0.0462
CUST017440,0.0818
CUST017441,0.155
CUST017442,0.0535
CUST017443,0.0403
CUST017444,0.026
CUST017445,0.0571
CUST017446,0.0265
CUST017447,0.039
CUST017448,0.9905
CUST017449,0.4199
CUST017450,0.0493
CUST017451,0.045
CUST017452,0.0446
CUST017453,0.0607
CUST017454,0.0416
CUST017455,0.055
CUST017456,0.9963
CUST017457,0.0602
CUST017458,0.0424
CUST017459,0.0527
CUST017460,0.045
CUST017461,0.2894
CUST017462,0.059
CUST017463,0.0377
CUST017464,0.038
CUST017465,0.0846
CUST017466,0.027
CUST017467,0.0318
CUST017468,0.0488
CUST017469,0.0378
CUST017470,0.9957
CUST017471,0.0734
CUST017472,0.9942
CUST017473,0.0709
CUST017474,0.0339
CUST017475,0.1089
CUST017476,0.3677
CUST017477,0.074
CUST017478,0.0186
CUST017479,0.0417
CUST017480,0.0499
CUST017481,0.111
CUST017482,0.1046
CUST017483,0.0333
CUST017484,0.0842
CUST017485,0.5136
CUST017486,0.0662
CUST017487,0.0403
CUST017488,0.9965
CUST017489,0.9913
CUST017490,0.105
CUST017491,0.0395
CUST017492,0.0557
CUST017493,0.0961
CUST017494,0.0271
CUST017495,0.9938
CUST017496,0.0147
CUST017497,0.3377
CUST017498,0.0415
CUST017499,0.0679
CUST017500,0.2344
CUST017501,0.0428
CUST017502,0.9951
CUST017503,0.0734
CUST017504,0.0466
CUST017505,0.0766
CUST017506,0.0437
CUST017507,0.9956
CUST017508,0.1005
CUST017509,0.0499
CUST017510,0.0732
CUST017511,0.0374
CUST017512,0.9957
CUST017513,0.0421
CUST017514,0.0397
CUST017515,0.0572
CUST017516,0.0204
CUST017517,0.0499
CUST017518,0.0442
CUST017519,0.0309
CUST017520,0.0292
CUST017521,0.0455
CUST017522,0.0585
CUST017523,0.0911
CUST017524,0.0462
CUST017525,0.0532
CUST017526,0.0454
CUST017527,0.033
CUST017528,0.0393
CUST017529,0.9985
CUST017530,0.0435
CUST017531,0.0495
CUST017532,0.0393
CUST017533,0.0311
CUST017534,0.038
CUST017535,0.9947
CUST017536,0.0582
CUST017537,0.029
CUST017538,0.0388
CUST017539,0.091
CUST017540,0.0678
CUST017541,0.0492
CUST017542,0.0399
CUST017543,0.0695
CUST017544,0.9955
CUST017545,0.0505
CUST017546,0.0351
CUST017547,0.0279
CUST017548,0.041
CUST017549,0.0316
CUST017550,0.1124
CUST017551,0.0561
CUST017552,0.0382
CUST017553,0.0435
CUST017554,0.0796
CUST017555,0.0443
CUST017556,0.0216
CUST017557,0.0411
CUST017558,0.0813
CUST017559,0.0851
CUST017560,0.0314
CUST017561,0.0475
CUST017562,0.9962
CUST017563,0.1577
CUST017564,0.0426
CUST017565,0.0277
CUST017566,0.0352
CUST017567,0.0583
CUST017568,0.0334
CUST017569,0.9944
CUST017570,0.0301
CUST017571,0.9958
CUST017572,0.12
CUST017573,0.9935
CUST017574,0.0441
CUST017575,0.0412
CUST017576,0.1597
CUST017577,0.0596
CUST017578,0.0956
CUST017579,0.1317
CUST017580,0.0243
CUST017581,0.1034
CUST017582,0.0511
CUST017583,0.0676
CUST017584,0.0245
CUST017585,0.9966
CUST017586,0.0436
CUST017587,0.0777
CUST017588,0.0361
CUST017589,0.0658
CUST017590,0.0832
CUST017591,0.033
CUST017592,0.0968
CUST017593,0.0359
CUST017594,0.1403
CUST017595,0.0258
CUST017596,0.0182
CUST017597,0.1935
CUST017598,0.0363
CUST017599,0.9957
CUST017600,0.0707
CUST017601,0.0666
CUST017602,0.044
CUST017603,0.0557
CUST017604,0.0761
CUST017605,0.0367
CUST017606,0.0556
CUST017607,0.0331
CUST017608,0.0432
CUST017609,0.0404
CUST017610,0.0328
CUST017611,0.992
CUST017612,0.9945
CUST017613,0.07
CUST017614,0.0167
CUST017615,0.0319
CUST017616,0.035
CUST017617,0.0422
CUST017618,0.0407
CUST017619,0.0427
CUST017620,0.0837
CUST017621,0.9981
CUST017622,0.0257
CUST017623,0.0499
CUST017624,0.0789
CUST017625,0.0418
CUST017626,0.0439
CUST017627,0.0744
CUST017628,0.1442
CUST017629,0.0577
CUST017630,0.0213
CUST017631,0.046
CUST017632,0.1186
CUST017633,0.9949
CUST017634,0.0816
CUST017635,0.0686
CUST017636,0.0435
CUST017637,0.0559
CUST017638,0.0448
CUST017639,0.9967
CUST017640,0.9938
CUST017641,0.1762
CUST017642,0.2058
CUST017643,0.0229
CUST017644,0.1363
CUST017645,0.058
CUST017646,0.0432
CUST017647,0.0407
CUST017648,0.0287
CUST017649,0.2307
CUST017650,0.0354
CUST017651,0.0644
CUST017652,0.031
CUST017653,0.9946
CUST017654,0.0375
CUST017655,0.0257
CUST017656,0.0282
CUST017657,0.0936
CUST017658,0.1447
CUST017659,0.9956
CUST017660,0.9927
CUST017661,0.042
CUST017662,0.0263
CUST017663,0.0196
CUST017664,0.0344
CUST017665,0.0364
CUST017666,0.1259
CUST017667,0.0554
CUST017668,0.0625
CUST017669,0.0928
CUST017670,0.0325
CUST017671,0.0474
CUST017672,0.043
CUST017673,0.04
CUST017674,0.0503
CUST017675,0.2193
CUST017676,0.0367
CUST017677,0.0359
CUST017678,0.0581
CUST017679,0.0401
CUST017680,0.0624
CUST017681,0.0429
CUST017682,0.1071
CUST017683,0.0925
CUST017684,0.0255
CUST017685,0.0565
CUST017686,0.0357
CUST017687,0.0495
CUST017688,0.0496
CUST017689,0.0355
CUST017690,0.0363
CUST017691,0.0669
CUST017692,0.0275
CUST017693,0.0754
CUST017694,0.2016
CUST017695,0.9954
CUST017696,0.0372
CUST017697,0.0905
CUST017698,0.0413
CUST017699,0.2082
CUST017700,0.0458
CUST017701,0.0654
CUST017702,0.0147
CUST017703,0.0287
CUST017704,0.0206
CUST017705,0.0565
CUST017706,0.1005
CUST017707,0.0686
CUST017708,0.0839
CUST017709,0.0427
CUST017710,0.9959
CUST017711,0.0286
CUST017712,0.037
CUST017713,0.0348
CUST017714,0.0287
CUST017715,0.0387
CUST017716,0.9954
CUST017717,0.0429
CUST017718,0.9969
CUST017719,0.0359
CUST017720,0.0952
CUST017721,0.997
CUST017722,0.9955
CUST017723,0.0731
CUST017724,0.0498
CUST017725,0.0745
CUST017726,0.0358
CUST017727,0.0669
CUST017728,0.0381
CUST017729,0.035
CUST017730,0.0328
CUST017731,0.0221
CUST017732,0.11
CUST017733,0.1342
CUST017734,0.0448
CUST017735,0.0433
CUST017736,0.9954
CUST017737,0.1052
CUST017738,0.0539
CUST017739,0.1229
CUST017740,0.0393
CUST017741,0.0323
CUST017742,0.0402
CUST017743,0.0286
CUST017744,0.05
CUST017745,0.9935
CUST017746,0.0758
CUST017747,0.0424
CUST017748,0.0181
CUST017749,0.0351
CUST017750,0.0565
CUST017751,0.081
CUST017752,0.0772
CUST017753,0.0568
CUST017754,0.0858
CUST017755,0.9977
CUST017756,0.0422
CUST017757,0.0221
CUST017758,0.0535
CUST017759,0.0284
CUST017760,0.0437
CUST017761,0.0312
CUST017762,0.0522
CUST017763,0.0379
CUST017764,0.061
CUST017765,0.033
CUST017766,0.1227
CUST017767,0.0544
CUST017768,0.0377
CUST017769,0.0458
CUST017770,0.0364
CUST017771,0.0309
CUST017772,0.0338
CUST017773,0.0318
CUST017774,0.0233
CUST017775,0.0231
CUST017776,0.0546
CUST017777,0.0476
CUST017778,0.0627
CUST017779,0.0313
CUST017780,0.0382
CUST017781,0.1701
CUST017782,0.0492
CUST017783,0.115
CUST017784,0.0435
CUST017785,0.9967
CUST017786,0.0727
CUST017787,0.0196
CUST017788,0.0874
CUST017789,0.0605
CUST017790,0.0202
CUST017791,0.2786
CUST017792,0.4698
CUST017793,0.0563
CUST017794,0.0621
CUST017795,0.038
CUST017796,0.9957
CUST017797,0.043
CUST017798,0.9944
CUST017799,0.0737
CUST017800,0.0775
CUST017801,0.0404
CUST017802,0.0517
CUST017803,0.0358
CUST017804,0.0307
CUST017805,0.0735
CUST017806,0.0632
CUST017807,0.104
CUST017808,0.0829
CUST017809,0.9905
CUST017810,0.0558
CUST017811,0.196
CUST017812,0.0396
CUST017813,0.0855
CUST017814,0.0679
CUST017815,0.0256
CUST017816,0.0531
CUST017817,0.0326
CUST017818,0.0686
CUST017819,0.0434
CUST017820,0.9956
CUST017821,0.046
CUST017822,0.0337
CUST017823,0.043
CUST017824,0.0437
CUST017825,0.0335
CUST017826,0.0578
CUST017827,0.0818
CUST017828,0.0742
CUST017829,0.0402
CUST017830,0.077
CUST017831,0.0976
CUST017832,0.1461
CUST017833,0.1056
CUST017834,0.0404
CUST017835,0.0317
CUST017836,0.0505
CUST017837,0.0344
CUST017838,0.9958
CUST017839,0.0954
CUST017840,0.9966
CUST017841,0.0545
CUST017842,0.0578
CUST017843,0.032
CUST017844,0.2672
CUST017845,0.0283
CUST017846,0.0516
CUST017847,0.9944
CUST017848,0.069
CUST017849,0.0918
CUST017850,0.061
CUST017851,0.1879
CUST017852,0.0421
CUST017853,0.0402
CUST017854,0.9942
CUST017855,0.9939
CUST017856,0.0381
CUST017857,0.0549
CUST017858,0.9942
CUST017859,0.0368
CUST017860,0.0188
CUST017861,0.0364
CUST017862,0.0378
CUST017863,0.0266
CUST017864,0.0242
CUST017865,0.0354
CUST017866,0.0903
CUST017867,0.027
CUST017868,0.0279
CUST017869,0.0253
CUST017870,0.9917
CUST017871,0.0255
CUST017872,0.0427
CUST017873,0.083
CUST017874,0.1262
CUST017875,0.0521
CUST017876,0.0557
CUST017877,0.0941
CUST017878,0.0372
CUST017879,0.0505
CUST017880,0.281
CUST017881,0.0349
CUST017882,0.1305
CUST017883,0.452
CUST017884,0.0471
CUST017885,0.0262
CUST017886,0.0547
CUST017887,0.9962
CUST017888,0.9966
CUST017889,0.0302
CUST017890,0.0409
CUST017891,0.0669
CUST017892,0.2744
CUST017893,0.9966
CUST017894,0.1037
CUST017895,0.9956
CUST017896,0.0538
CUST017897,0.9958
CUST017898,0.9926
CUST017899,0.0305
CUST017900,0.1038
CUST017901,0.0592
CUST017902,0.051
CUST017903,0.045
CUST017904,0.067
CUST017905,0.0258
CUST017906,0.0209
CUST017907,0.0366
CUST017908,0.0311
CUST017909,0.9969
CUST017910,0.0542
CUST017911,0.0604
CUST017912,0.0918
CUST017913,0.0325
CUST017914,0.062
CUST017915,0.9972
CUST017916,0.0279
CUST017917,0.0468
CUST017918,0.0626
CUST017919,0.0416
CUST017920,0.0178
CUST017921,0.0706
CUST017922,0.0276
CUST017923,0.2307
CUST017924,0.0523
CUST017925,0.0331
CUST017926,0.0396
CUST017927,0.0543
CUST017928,0.0223
CUST017929,0.1436
CUST017930,0.1313
CUST017931,0.0455
CUST017932,0.0372
CUST017933,0.0496
CUST017934,0.0583
CUST017935,0.0294
CUST017936,0.0189
CUST017937,0.0432
CUST017938,0.045
CUST017939,0.0596
CUST017940,0.0175
CUST017941,0.0413
CUST017942,0.079
CUST017943,0.0606
CUST017944,0.0205
CUST017945,0.9938
CUST017946,0.0719
CUST017947,0.0425
CUST017948,0.0751
CUST017949,0.0786
CUST017950,0.0454
CUST017951,0.0356
CUST017952,0.0292
CUST017953,0.0477
CUST017954,0.034
CUST017955,0.0221
CUST017956,0.057
CUST017957,0.0696
CUST017958,0.0404
CUST017959,0.0434
CUST017960,0.9967
CUST017961,0.0399
CUST017962,0.0309
CUST017963,0.0153
CUST017964,0.08
CUST017965,0.0637
CUST017966,0.0603
CUST017967,0.053
CUST017968,0.1583
CUST017969,0.0314
CUST017970,0.067
CUST017971,0.0356
CUST017972,0.0287
CUST017973,0.042
CUST017974,0.2024
CUST017975,0.0232
CUST017976,0.0354
CUST017977,0.0516
CUST017978,0.0825
CUST017979,0.0475
CUST017980,0.1173
CUST017981,0.0177
CUST017982,0.1039
CUST017983,0.0489
CUST017984,0.0562
CUST017985,0.0424
CUST017986,0.0335
CUST017987,0.0378
CUST017988,0.0776
CUST017989,0.0365
CUST017990,0.1369
CUST017991,0.0334
CUST017992,0.0302
CUST017993,0.0425
CUST017994,0.0651
CUST017995,0.065
CUST017996,0.0391
CUST017997,0.9944
CUST017998,0.0239
CUST017999,0.9982
CUST018000,0.1864
CUST018001,0.0472
CUST018002,0.0362
CUST018003,0.041
CUST018004,0.0329
CUST018005,0.0626
CUST018006,0.0409
CUST018007,0.0269
CUST018008,0.0358
CUST018009,0.0435
CUST018010,0.1057
CUST018011,0.0304
CUST018012,0.0683
CUST018013,0.0565
CUST018014,0.1104
CUST018015,0.0516
CUST018016,0.0266
CUST018017,0.0815
CUST018018,0.0359
CUST018019,0.9942
CUST018020,0.022
CUST018021,0.0489
CUST018022,0.0296
CUST018023,0.098
CUST018024,0.1165
CUST018025,0.0291
CUST018026,0.0613
CUST018027,0.098
CUST018028,0.0566
CUST018029,0.1092
CUST018030,0.062
CUST018031,0.0546
CUST018032,0.035
CUST018033,0.0466
CUST018034,0.0539
CUST018035,0.0613
CUST018036,0.9947
CUST018037,0.0611
CUST018038,0.0583
CUST018039,0.0386
CUST018040,0.0409
CUST018041,0.0492
CUST018042,0.0425
CUST018043,0.9934
CUST018044,0.0372
CUST018045,0.9945
CUST018046,0.0461
CUST018047,0.0269
CUST018048,0.0586
CUST018049,0.0367
CUST018050,0.0389
CUST018051,0.0444
CUST018052,0.0746
CUST018053,0.0459
CUST018054,0.0552
CUST018055,0.0443
CUST018056,0.0521
CUST018057,0.2485
CUST018058,0.0795
CUST018059,0.9947
CUST018060,0.1063
CUST018061,0.1509
CUST018062,0.0303
CUST018063,0.0409
CUST018064,0.0651
CUST018065,0.026
CUST018066,0.0336
CUST018067,0.0621
CUST018068,0.0586
CUST018069,0.0422
CUST018070,0.0296
CUST018071,0.1056
CUST018072,0.024
CUST018073,0.1072
CUST018074,0.092
CUST018075,0.0555
CUST018076,0.1986
CUST018077,0.045
CUST018078,0.0748
CUST018079,0.9952
CUST018080,0.0383
CUST018081,0.0415
CUST018082,0.1041
CUST018083,0.0772
CUST018084,0.0269
CUST018085,0.0193
CUST018086,0.0345
CUST018087,0.0837
CUST018088,0.0573
CUST018089,0.0263
CUST018090,0.0329
CUST018091,0.0568
CUST018092,0.0689
CUST018093,0.9936
CUST018094,0.0521
CUST018095,0.0364
CUST018096,0.1282
CUST018097,0.0452
CUST018098,0.055
CUST018099,0.0373
CUST018100,0.0274
CUST018101,0.9979
CUST018102,0.9963
CUST018103,0.4491
CUST018104,0.0679
CUST018105,0.1918
CUST018106,0.0412
CUST018107,0.1544
CUST018108,0.0086
CUST018109,0.9927
CUST018110,0.072
CUST018111,0.0858
CUST018112,0.0387
CUST018113,0.0467
CUST018114,0.0344
CUST018115,0.0414
CUST018116,0.0365
CUST018117,0.031
CUST018118,0.9927
CUST018119,0.0445
CUST018120,0.0822
CUST018121,0.0736
CUST018122,0.2084
CUST018123,0.0315
CUST018124,0.0378
CUST018125,0.0543
CUST018126,0.0541
CUST018127,0.0428
CUST018128,0.1074
CUST018129,0.0523
CUST018130,0.1321
CUST018131,0.059
CUST018132,0.0756
CUST018133,0.0281
CUST018134,0.0763
CUST018135,0.0631
CUST018136,0.0566
CUST018137,0.0664
CUST018138,0.0433
CUST018139,0.0572
CUST018140,0.9953
CUST018141,0.0496
CUST018142,0.0482
CUST018143,0.0332
CUST018144,0.9959
CUST018145,0.9949
CUST018146,0.051
CUST018147,0.0477
CUST018148,0.0561
CUST018149,0.0732
CUST018150,0.9963
CUST018151,0.0267
CUST018152,0.2557
CUST018153,0.0973
CUST018154,0.9944
CUST018155,0.0463
CUST018156,0.03
CUST018157,0.029
CUST018158,0.0394
CUST018159,0.043
CUST018160,0.0493
CUST018161,0.1469
CUST018162,0.1942
CUST018163,0.0646
CUST018164,0.0333
CUST018165,0.0398
CUST018166,0.9939
CUST018167,0.0688
CUST018168,0.1253
CUST018169,0.0348
CUST018170,0.0397
CUST018171,0.1282
CUST018172,0.9962
CUST018173,0.0736
CUST018174,0.0256
CUST018175,0.0303
CUST018176,0.0736
CUST018177,0.038
CUST018178,0.0271
CUST018179,0.0204
CUST018180,0.0754
CUST018181,0.0317
CUST018182,0.0138
CUST018183,0.0259
CUST018184,0.0241
CUST018185,0.016
CUST018186,0.0299
CUST018187,0.0711
CUST018188,0.1151
CUST018189,0.0417
CUST018190,0.0485
CUST018191,0.1174
CUST018192,0.0401
CUST018193,0.0562
CUST018194,0.0595
CUST018195,0.0401
CUST018196,0.0556
CUST018197,0.0319
CUST018198,0.0355
CUST018199,0.1009
CUST018200,0.0289
CUST018201,0.0288
CUST018202,0.0414
CUST018203,0.1441
CUST018204,0.1069
CUST018205,0.0373
CUST018206,0.0425
CUST018207,0.0685
CUST018208,0.0561
CUST018209,0.0236
CUST018210,0.0587
CUST018211,0.2523
CUST018212,0.0455
CUST018213,0.0624
CUST018214,0.0319
CUST018215,0.0772
CUST018216,0.0813
CUST018217,0.0644
CUST018218,0.1163
CUST018219,0.0369
CUST018220,0.0303
CUST018221,0.0349
CUST018222,0.0315
CUST018223,0.0385
CUST018224,0.1249
CUST018225,0.0853
CUST018226,0.0256
CUST018227,0.047
CUST018228,0.0387
CUST018229,0.0346
CUST018230,0.0501
CUST018231,0.0691
CUST018232,0.1078
CUST018233,0.0513
CUST018234,0.0396
CUST018235,0.0898
CUST018236,0.9943
CUST018237,0.0351
CUST018238,0.0369
CUST018239,0.9893
CUST018240,0.0618
CUST018241,0.9961
CUST018242,0.0444
CUST018243,0.0354
CUST018244,0.0369
CUST018245,0.0609
CUST018246,0.9936
CUST018247,0.034
CUST018248,0.1075
CUST018249,0.0377
CUST018250,0.0354
CUST018251,0.0348
CUST018252,0.0363
CUST018253,0.0209
CUST018254,0.0401
CUST018255,0.0299
CUST018256,0.0447
CUST018257,0.9946
CUST018258,0.0989
CUST018259,0.0479
CUST018260,0.0451
CUST018261,0.2464
CUST018262,0.0302
CUST018263,0.0369
CUST018264,0.9944
CUST018265,0.0377
CUST018266,0.1076
CUST018267,0.0716
CUST018268,0.057
CUST018269,0.0431
CUST018270,0.0374
CUST018271,0.0565
CUST018272,0.0404
CUST018273,0.0559
CUST018274,0.0499
CUST018275,0.0274
CUST018276,0.0904
CUST018277,0.1377
CUST018278,0.0843
CUST018279,0.067
CUST018280,0.0361
CUST018281,0.0895
CUST018282,0.015
CUST018283,0.0402
CUST018284,0.0847
CUST018285,0.0825
CUST018286,0.0253
CUST018287,0.0231
CUST018288,0.0705
CUST018289,0.0371
CUST018290,0.0177
CUST018291,0.0845
CUST018292,0.034
CUST018293,0.0317
CUST018294,0.0512
CUST018295,0.0329
CUST018296,0.0238
CUST018297,0.1371
CUST018298,0.059
CUST018299,0.0379
CUST018300,0.0379
CUST018301,0.0723
CUST018302,0.0425
CUST018303,0.0549
CUST018304,0.0353
CUST018305,0.1412
CUST018306,0.0346
CUST018307,0.997
CUST018308,0.9951
CUST018309,0.9943
CUST018310,0.0502
CUST018311,0.9954
CUST018312,0.0395
CUST018313,0.0368
CUST018314,0.0233
CUST018315,0.0528
CUST018316,0.0599
CUST018317,0.0639
CUST018318,0.087
CUST018319,0.0833
CUST018320,0.0891
CUST018321,0.9931
CUST018322,0.0291
CUST018323,0.0611
CUST018324,0.1456
CUST018325,0.9927
CUST018326,0.0746
CUST018327,0.0437
CUST018328,0.1108
CUST018329,0.0401
CUST018330,0.026
CUST018331,0.1224
CUST018332,0.9971
CUST018333,0.0589
CUST018334,0.0458
CUST018335,0.0453
CUST018336,0.0287
CUST018337,0.9936
CUST018338,0.0345
CUST018339,0.2015
CUST018340,0.0678
CUST018341,0.9912
CUST018342,0.0626
CUST018343,0.1416
CUST018344,0.0323
CUST018345,0.9969
CUST018346,0.0256
CUST018347,0.0335
CUST018348,0.995
CUST018349,0.0572
CUST018350,0.0525
CUST018351,0.0812
CUST018352,0.9969
CUST018353,0.0393
CUST018354,0.0192
CUST018355,0.0781
CUST018356,0.226
CUST018357,0.0599
CUST018358,0.9948
CUST018359,0.0247
CUST018360,0.2516
CUST018361,0.0357
CUST018362,0.0414
CUST018363,0.0879
CUST018364,0.0393
CUST018365,0.059
CUST018366,0.0286
CUST018367,0.0497
CUST018368,0.0602
CUST018369,0.0187
CUST018370,0.0344
CUST018371,0.0364
CUST018372,0.0469
CUST018373,0.03
CUST018374,0.0549
CUST018375,0.0984
CUST018376,0.0457
CUST018377,0.9946
CUST018378,0.9968
CUST018379,0.0602
CUST018380,0.9936
CUST018381,0.02
CUST018382,0.0333
CUST018383,0.0454
CUST018384,0.9969
CUST018385,0.9939
CUST018386,0.0204
CUST018387,0.0396
CUST018388,0.0518
CUST018389,0.05
CUST018390,0.9934
CUST018391,0.9921
CUST018392,0.0745
CUST018393,0.037
CUST018394,0.0338
CUST018395,0.0435
CUST018396,0.0686
CUST018397,0.0338
CUST018398,0.0642
CUST018399,0.0287
CUST018400,0.0362
CUST018401,0.0555
CUST018402,0.0749
CUST018403,0.033
CUST018404,0.9957
CUST018405,0.0605
CUST018406,0.0287
CUST018407,0.0286
CUST018408,0.0265
CUST018409,0.0331
CUST018410,0.0564
CUST018411,0.051
CUST018412,0.0542
CUST018413,0.1489
CUST018414,0.0519
CUST018415,0.9966
CUST018416,0.0712
CUST018417,0.0755
CUST018418,0.0401
CUST018419,0.0355
CUST018420,0.1605
CUST018421,0.1654
CUST018422,0.0509
CUST018423,0.0237
CUST018424,0.036
CUST018425,0.0402
CUST018426,0.0704
CUST018427,0.9957
CUST018428,0.0655
CUST018429,0.0489
CUST018430,0.0469
CUST018431,0.689
CUST018432,0.047
CUST018433,0.0353
CUST018434,0.036
CUST018435,0.0488
CUST018436,0.0551
CUST018437,0.0834
CUST018438,0.0749
CUST018439,0.9945
CUST018440,0.1051
CUST018441,0.2324
CUST018442,0.0246
CUST018443,0.0603
CUST018444,0.1533
CUST018445,0.0506
CUST018446,0.0712
CUST018447,0.0332
CUST018448,0.0555
CUST018449,0.1068
CUST018450,0.264
CUST018451,0.106
CUST018452,0.0249
CUST018453,0.0332
CUST018454,0.0534
CUST018455,0.048
CUST018456,0.0762
CUST018457,0.0918
CUST018458,0.1969
CUST018459,0.0309
CUST018460,0.0677
CUST018461,0.0327
CUST018462,0.0388
CUST018463,0.0235
CUST018464,0.0428
CUST018465,0.0244
CUST018466,0.0585
CUST018467,0.0309
CUST018468,0.0559
CUST018469,0.0409
CUST018470,0.0642
CUST018471,0.0719
CUST018472,0.0243
CUST018473,0.9947
CUST018474,0.0397
CUST018475,0.0348
CUST018476,0.9941
CUST018477,0.0374
CUST018478,0.2122
CUST018479,0.0317
CUST018480,0.0533
CUST018481,0.0556
CUST018482,0.0461
CUST018483,0.9927
CUST018484,0.0598
CUST018485,0.0433
CUST018486,0.9954
CUST018487,0.0844
CUST018488,0.0494
CUST018489,0.9965
CUST018490,0.9959
CUST018491,0.038
CUST018492,0.0672
CUST018493,0.1034
CUST018494,0.047
CUST018495,0.1879
CUST018496,0.0345
CUST018497,0.0293
CUST018498,0.0804
CUST018499,0.0723
CUST018500,0.0304
CUST018501,0.0385
CUST018502,0.1429
CUST018503,0.076
CUST018504,0.9969
CUST018505,0.9978
CUST018506,0.0576
CUST018507,0.1999
CUST018508,0.0393
CUST018509,0.1044
CUST018510,0.0608
CUST018511,0.9939
CUST018512,0.0741
CUST018513,0.9932
CUST018514,0.0638
CUST018515,0.9947
CUST018516,0.0474
CUST018517,0.0226
CUST018518,0.9944
CUST018519,0.0391
CUST018520,0.0856
CUST018521,0.1248
CUST018522,0.0266
CUST018523,0.0515
CUST018524,0.9976
CUST018525,0.9921
CUST018526,0.9941
CUST018527,0.0968
CUST018528,0.1221
CUST018529,0.0621
CUST018530,0.0289
CUST018531,0.0531
CUST018532,0.9957
CUST018533,0.1387
CUST018534,0.0307
CUST018535,0.0485
CUST018536,0.2865
CUST018537,0.4392
CUST018538,0.0473
CUST018539,0.1451
CUST018540,0.1257
CUST018541,0.0867
CUST018542,0.0177
CUST018543,0.0387
CUST018544,0.9945
CUST018545,0.0731
CUST018546,0.0683
CUST018547,0.0975
CUST018548,0.0508
CUST018549,0.9938
CUST018550,0.0341
CUST018551,0.0509
CUST018552,0.0492
CUST018553,0.9945
CUST018554,0.0926
CUST018555,0.0185
CUST018556,0.0423
CUST018557,0.0353
CUST018558,0.2096
CUST018559,0.0371
CUST018560,0.047
CUST018561,0.0753
CUST018562,0.0288
CUST018563,0.0298
CUST018564,0.9947
CUST018565,0.0289
CUST018566,0.0408
CUST018567,0.132
CUST018568,0.0281
CUST018569,0.9962
CUST018570,0.0573
CUST018571,0.0518
CUST018572,0.0292
CUST018573,0.0539
CUST018574,0.0338
CUST018575,0.05
CUST018576,0.0954
CUST018577,0.0842
CUST018578,0.0191
CUST018579,0.0265
CUST018580,0.0861
CUST018581,0.0456
CUST018582,0.0326
CUST018583,0.996
CUST018584,0.0748
CUST018585,0.0066
CUST018586,0.0181
CUST018587,0.0517
CUST018588,0.039
CUST018589,0.9955
CUST018590,0.0416
CUST018591,0.0344
CUST018592,0.062
CUST018593,0.0315
CUST018594,0.0296
CUST018595,0.0727
CUST018596,0.0532
CUST018597,0.0388
CUST018598,0.0255
CUST018599,0.0277
CUST018600,0.0679
CUST018601,0.0438
CUST018602,0.9929
CUST018603,0.9945
CUST018604,0.0749
CUST018605,0.0505
CUST018606,0.1181
CUST018607,0.0786
CUST018608,0.9939
CUST018609,0.0895
CUST018610,0.0331
CUST018611,0.0451
CUST018612,0.0426
CUST018613,0.0409
CUST018614,0.0557
CUST018615,0.036
CUST018616,0.0348
CUST018617,0.0297
CUST018618,0.3505
CUST018619,0.0553
CUST018620,0.109
CUST018621,0.0439
CUST018622,0.0559
CUST018623,0.1961
CUST018624,0.997
CUST018625,0.9971
CUST018626,0.033
CUST018627,0.9957
CUST018628,0.054
CUST018629,0.0478
CUST018630,0.1053
CUST018631,0.2229
CUST018632,0.0796
CUST018633,0.0346
CUST018634,0.055
CUST018635,0.0689
CUST018636,0.0284
CUST018637,0.0683
CUST018638,0.0453
CUST018639,0.9959
CUST018640,0.0645
CUST018641,0.0099
CUST018642,0.046
CUST018643,0.0429
CUST018644,0.0254
CUST018645,0.0506
CUST018646,0.0555
CUST018647,0.0355
CUST018648,0.0623
CUST018649,0.0386
CUST018650,0.0485
CUST018651,0.0661
CUST018652,0.9965
CUST018653,0.062
CUST018654,0.0519
CUST018655,0.0499
CUST018656,0.0526
CUST018657,0.994
CUST018658,0.0528
CUST018659,0.0438
CUST018660,0.0288
CUST018661,0.0366
CUST018662,0.0673
CUST018663,0.1071
CUST018664,0.0341
CUST018665,0.0289
CUST018666,0.1103
CUST018667,0.0494
CUST018668,0.1106
CUST018669,0.0286
CUST018670,0.1265
CUST018671,0.0355
CUST018672,0.033
CUST018673,0.0474
CUST018674,0.9937
CUST018675,0.0899
CUST018676,0.0484
CUST018677,0.0658
CUST018678,0.068
CUST018679,0.0983
CUST018680,0.0378
CUST018681,0.0458
CUST018682,0.081
CUST018683,0.0424
CUST018684,0.0544
CUST018685,0.0289
CUST018686,0.064
CUST018687,0.0313
CUST018688,0.0203
CUST018689,0.0387
CUST018690,0.0328
CUST018691,0.05
CUST018692,0.0347
CUST018693,0.0602
CUST018694,0.034
CUST018695,0.1212
CUST018696,0.0343
CUST018697,0.0361
CUST018698,0.0549
CUST018699,0.0361
CUST018700,0.0468
CUST018701,0.9987
CUST018702,0.0133
CUST018703,0.1717
CUST018704,0.068
CUST018705,0.078
CUST018706,0.0377
CUST018707,0.0454
CUST018708,0.0579
CUST018709,0.048
CUST018710,0.9962
CUST018711,0.049
CUST018712,0.0497
CUST018713,0.0423
CUST018714,0.136
CUST018715,0.0721
CUST018716,0.9979
CUST018717,0.0364
CUST018718,0.0398
CUST018719,0.0318
CUST018720,0.0437
CUST018721,0.0493
CUST018722,0.048
CUST018723,0.0399
CUST018724,0.9957
CUST018725,0.0782
CUST018726,0.996
CUST018727,0.1168
CUST018728,0.041
CUST018729,0.0537
CUST018730,0.0498
CUST018731,0.0361
CUST018732,0.9946
CUST018733,0.0362
CUST018734,0.9945
CUST018735,0.0806
CUST018736,0.0225
CUST018737,0.3087
CUST018738,0.0847
CUST018739,0.0505
CUST018740,0.0928
CUST018741,0.0569
CUST018742,0.0467
CUST018743,0.1892
CUST018744,0.1019
CUST018745,0.0219
CUST018746,0.9931
CUST018747,0.0444
CUST018748,0.0692
CUST018749,0.1149
CUST018750,0.0609
CUST018751,0.0677
CUST018752,0.0647
CUST018753,0.0706
CUST018754,0.0439
CUST018755,0.059
CUST018756,0.0402
CUST018757,0.0663
CUST018758,0.0381
CUST018759,0.0377
CUST018760,0.0659
CUST018761,0.0499
CUST018762,0.0353
CUST018763,0.0446
CUST018764,0.0585
CUST018765,0.0364
CUST018766,0.9965
CUST018767,0.0551
CUST018768,0.9961
CUST018769,0.0407
CUST018770,0.0393
CUST018771,0.0211
CUST018772,0.0389
CUST018773,0.0431
CUST018774,0.1039
CUST018775,0.0518
CUST018776,0.0846
CUST018777,0.0686
CUST018778,0.1035
CUST018779,0.9949
CUST018780,0.1055
CUST018781,0.0953
CUST018782,0.9932
CUST018783,0.0452
CUST018784,0.0414
CUST018785,0.0138
CUST018786,0.0339
CUST018787,0.0489
CUST018788,0.0462
CUST018789,0.04
CUST018790,0.0874
CUST018791,0.0661
CUST018792,0.0382
CUST018793,0.0851
CUST018794,0.0225
CUST018795,0.0795
CUST018796,0.0603
CUST018797,0.0303
CUST018798,0.0577
CUST018799,0.0478
CUST018800,0.0375
CUST018801,0.0598
CUST018802,0.2783
CUST018803,0.0576
CUST018804,0.0466
CUST018805,0.0554
CUST018806,0.0613
CUST018807,0.0459
CUST018808,0.1001
CUST018809,0.0454
CUST018810,0.0243
CUST018811,0.063
CUST018812,0.0648
CUST018813,0.0652
CUST018814,0.9968
CUST018815,0.0722
CUST018816,0.0359
CUST018817,0.0479
CUST018818,0.0583
CUST018819,0.0306
CUST018820,0.0544
CUST018821,0.0278
CUST018822,0.0316
CUST018823,0.0172
CUST018824,0.9976
CUST018825,0.0288
CUST018826,0.0518
CUST018827,0.0391
CUST018828,0.0164
CUST018829,0.9952
CUST018830,0.9966
CUST018831,0.0483
CUST018832,0.0412
CUST018833,0.1262
CUST018834,0.0471
CUST018835,0.0268
CUST018836,0.135
CUST018837,0.9944
CUST018838,0.112
CUST018839,0.0585
CUST018840,0.026
CUST018841,0.0722
CUST018842,0.0577
CUST018843,0.0212
CUST018844,0.0572
CUST018845,0.0179
CUST018846,0.03
CUST018847,0.9952
CUST018848,0.0334
CUST018849,0.2073
CUST018850,0.9933
CUST018851,0.0231
CUST018852,0.0892
CUST018853,0.0811
CUST018854,0.065
CUST018855,0.8079
CUST018856,0.0364
CUST018857,0.0349
CUST018858,0.0326
CUST018859,0.0523
CUST018860,0.0307
CUST018861,0.0329
CUST018862,0.9957
CUST018863,0.0348
CUST018864,0.0319
CUST018865,0.0294
CUST018866,0.0344
CUST018867,0.0279
CUST018868,0.0468
CUST018869,0.0385
CUST018870,0.0479
CUST018871,0.0313
CUST018872,0.0547
CUST018873,0.0334
CUST018874,0.0102
CUST018875,0.0517
CUST018876,0.0468
CUST018877,0.9974
CUST018878,0.0651
CUST018879,0.9938
CUST018880,0.0499
CUST018881,0.0266
CUST018882,0.0417
CUST018883,0.0572
CUST018884,0.0828
CUST018885,0.0266
CUST018886,0.0599
CUST018887,0.0464
CUST018888,0.9964
CUST018889,0.0666
CUST018890,0.0489
CUST018891,0.046
CUST018892,0.0328
CUST018893,0.0485
CUST018894,0.047
CUST018895,0.0298
CUST018896,0.0588
CUST018897,0.0431
CUST018898,0.0456
CUST018899,0.0344
CUST018900,0.0957
CUST018901,0.0507
CUST018902,0.0282
CUST018903,0.0761
CUST018904,0.0563
CUST018905,0.0278
CUST018906,0.0361
CUST018907,0.055
CUST018908,0.0598
CUST018909,0.9944
CUST018910,0.04
CUST018911,0.0345
CUST018912,0.0207
CUST018913,0.0358
CUST018914,0.021
CUST018915,0.995
CUST018916,0.0844
CUST018917,0.0448
CUST018918,0.0326
CUST018919,0.9954
CUST018920,0.9963
CUST018921,0.0379
CUST018922,0.0358
CUST018923,0.0608
CUST018924,0.0632
CUST018925,0.1507
CUST018926,0.1728
CUST018927,0.0702
CUST018928,0.0422
CUST018929,0.0594
CUST018930,0.061
CUST018931,0.0596
CUST018932,0.0369
CUST018933,0.0586
CUST018934,0.043
CUST018935,0.0304
CUST018936,0.9888
CUST018937,0.0409
CUST018938,0.063
CUST018939,0.9943
CUST018940,0.0734
CUST018941,0.0514
CUST018942,0.0393
CUST018943,0.9958
CUST018944,0.0675
CUST018945,0.0342
CUST018946,0.0303
CUST018947,0.0195
CUST018948,0.0512
CUST018949,0.0261
CUST018950,0.0281
CUST018951,0.022
CUST018952,0.994
CUST018953,0.2013
CUST018954,0.0395
CUST018955,0.0491
CUST018956,0.0921
CUST018957,0.1481
CUST018958,0.0588
CUST018959,0.1113
CUST018960,0.0593
CUST018961,0.9941
CUST018962,0.0326
CUST018963,0.0326
CUST018964,0.0989
CUST018965,0.0434
CUST018966,0.9968
CUST018967,0.9951
CUST018968,0.0683
CUST018969,0.0452
CUST018970,0.0398
CUST018971,0.9968
CUST018972,0.0644
CUST018973,0.0297
CUST018974,0.0325
CUST018975,0.0707
CUST018976,0.2284
CUST018977,0.0257
CUST018978,0.1247
CUST018979,0.0536
CUST018980,0.9964
CUST018981,0.0512
CUST018982,0.0517
CUST018983,0.0159
CUST018984,0.0419
CUST018985,0.0301
CUST018986,0.0391
CUST018987,0.0246
CUST018988,0.0305
CUST018989,0.0432
CUST018990,0.0302
CUST018991,0.9955
CUST018992,0.0501
CUST018993,0.2516
CUST018994,0.0334
CUST018995,0.0277
CUST018996,0.0304
CUST018997,0.0262
CUST018998,0.0757
CUST018999,0.0553
CUST019000,0.1081
CUST019001,0.9938
CUST019002,0.0438
CUST019003,0.0557
CUST019004,0.9955
CUST019005,0.0387
CUST019006,0.0628
CUST019007,0.0794
CUST019008,0.039
CUST019009,0.0683
CUST019010,0.0387
CUST019011,0.0422
CUST019012,0.9971
CUST019013,0.0816
CUST019014,0.0656
CUST019015,0.0323
CUST019016,0.0717
CUST019017,0.0249
CUST019018,0.0467
CUST019019,0.0365
CUST019020,0.065
CUST019021,0.9946
CUST019022,0.0385
CUST019023,0.9944
CUST019024,0.0294
CUST019025,0.0573
CUST019026,0.1099
CUST019027,0.0416
CUST019028,0.9939
CUST019029,0.0464
CUST019030,0.9961
CUST019031,0.0556
CUST019032,0.0522
CUST019033,0.0654
CUST019034,0.1349
CUST019035,0.0354
CUST019036,0.9966
CUST019037,0.0757
CUST019038,0.0451
CUST019039,0.9939
CUST019040,0.0294
CUST019041,0.2476
CUST019042,0.9936
CUST019043,0.076
CUST019044,0.0532
CUST019045,0.0698
CUST019046,0.0258
CUST019047,0.0205
CUST019048,0.0454
CUST019049,0.0606
CUST019050,0.0248
CUST019051,0.0456
CUST019052,0.0215
CUST019053,0.0812
CUST019054,0.0571
CUST019055,0.0277
CUST019056,0.059
CUST019057,0.0277
CUST019058,0.0241
CUST019059,0.0439
CUST019060,0.1365
CUST019061,0.0452
CUST019062,0.0246
CUST019063,0.0287
CUST019064,0.0821
CUST019065,0.0868
CUST019066,0.0329
CUST019067,0.1037
CUST019068,0.0347
CUST019069,0.0419
CUST019070,0.0447
CUST019071,0.5707
CUST019072,0.0246
CUST019073,0.9948
CUST019074,0.0643
CUST019075,0.1825
CUST019076,0.0211
CUST019077,0.0984
CUST019078,0.0395
CUST019079,0.0238
CUST019080,0.0387
CUST019081,0.0422
CUST019082,0.0465
CUST019083,0.0632
CUST019084,0.0678
CUST019085,0.0312
CUST019086,0.0415
CUST019087,0.0433
CUST019088,0.0221
CUST019089,0.0502
CUST019090,0.0764
CUST019091,0.0456
CUST019092,0.0449
CUST019093,0.0498
CUST019094,0.1808
CUST019095,0.0379
CUST019096,0.0694
CUST019097,0.1223
CUST019098,0.054
CUST019099,0.0604
CUST019100,0.06
CUST019101,0.0852
CUST019102,0.0418
CUST019103,0.111
CUST019104,0.1283
CUST019105,0.0391
CUST019106,0.1006
CUST019107,0.0447
CUST019108,0.0327
CUST019109,0.0707
CUST019110,0.9962
CUST019111,0.0216
CUST019112,0.05
CUST019113,0.0391
CUST019114,0.0216
CUST019115,0.0418
CUST019116,0.0328
CUST019117,0.0322
CUST019118,0.0733
CUST019119,0.0605
CUST019120,0.9926
CUST019121,0.0354
CUST019122,0.0492
CUST019123,0.0417
CUST019124,0.0693
CUST019125,0.0644
CUST019126,0.0546
CUST019127,0.0406
CUST019128,0.9955
CUST019129,0.0764
CUST019130,0.0381
CUST019131,0.0355
CUST019132,0.0407
CUST019133,0.054
CUST019134,0.0418
CUST019135,0.9966
CUST019136,0.1141
CUST019137,0.1193
CUST019138,0.0403
CUST019139,0.0635
CUST019140,0.0457
CUST019141,0.0572
CUST019142,0.0129
CUST019143,0.0521
CUST019144,0.9945
CUST019145,0.0411
CUST019146,0.0223
CUST019147,0.0815
CUST019148,0.0286
CUST019149,0.0237
CUST019150,0.0321
CUST019151,0.0393
CUST019152,0.0326
CUST019153,0.0686
CUST019154,0.0853
CUST019155,0.0638
CUST019156,0.0329
CUST019157,0.0865
CUST019158,0.1149
CUST019159,0.0599
CUST019160,0.0347
CUST019161,0.0391
CUST019162,0.161
CUST019163,0.0542
CUST019164,0.0286
CUST019165,0.0374
CUST019166,0.0848
CUST019167,0.0333
CUST019168,0.0402
CUST019169,0.0171
CUST019170,0.0273
CUST019171,0.0711
CUST019172,0.0902
CUST019173,0.0188
CUST019174,0.0374
CUST019175,0.9944
CUST019176,0.0264
CUST019177,0.0317
CUST019178,0.0395
CUST019179,0.0936
CUST019180,0.1262
CUST019181,0.0586
CUST019182,0.0355
CUST019183,0.9937
CUST019184,0.0891
CUST019185,0.0241
CUST019186,0.0803
CUST019187,0.0308
CUST019188,0.9951
CUST019189,0.0526
CUST019190,0.9944
CUST019191,0.0278
CUST019192,0.03
CUST019193,0.0398
CUST019194,0.255
CUST019195,0.0394
CUST019196,0.9947
CUST019197,0.9947
CUST019198,0.034
CUST019199,0.0397
CUST019200,0.0644
CUST019201,0.0238
CUST019202,0.0492
CUST019203,0.0634
CUST019204,0.0424
CUST019205,0.0702
CUST019206,0.0473
CUST019207,0.0445
CUST019208,0.0734
CUST019209,0.9928
CUST019210,0.0723
CUST019211,0.0335
CUST019212,0.048
CUST019213,0.1026
CUST019214,0.0157
CUST019215,0.0429
CUST019216,0.0137
CUST019217,0.0446
CUST019218,0.0421
CUST019219,0.0288
CUST019220,0.0406
CUST019221,0.0325
CUST019222,0.1537
CUST019223,0.9956
CUST019224,0.0333
CUST019225,0.0705
CUST019226,0.0427
CUST019227,0.028
CUST019228,0.1324
CUST019229,0.0516
CUST019230,0.0541
CUST019231,0.0648
CUST019232,0.0369
CUST019233,0.0383
CUST019234,0.0536
CUST019235,0.0354
CUST019236,0.0388
CUST019237,0.0447
CUST019238,0.0559
CUST019239,0.0548
CUST019240,0.0587
CUST019241,0.9971
CUST019242,0.0347
CUST019243,0.0313
CUST019244,0.0785
CUST019245,0.0284
CUST019246,0.0318
CUST019247,0.0518
CUST019248,0.0568
CUST019249,0.0538
CUST019250,0.064
CUST019251,0.9966
CUST019252,0.0829
CUST019253,0.045
CUST019254,0.0658
CUST019255,0.0387
CUST019256,0.0575
CUST019257,0.2845
CUST019258,0.0298
CUST019259,0.0405
CUST019260,0.0843
CUST019261,0.0363
CUST019262,0.0591
CUST019263,0.0407
CUST019264,0.1445
CUST019265,0.0683
CUST019266,0.0224
CUST019267,0.0728
CUST019268,0.0339
CUST019269,0.0501
CUST019270,0.0784
CUST019271,0.0686
CUST019272,0.0629
CUST019273,0.028
CUST019274,0.9941
CUST019275,0.0069
CUST019276,0.0357
CUST019277,0.0532
CUST019278,0.0374
CUST019279,0.1543
CUST019280,0.0429
CUST019281,0.0262
CUST019282,0.0618
CUST019283,0.052
CUST019284,0.0584
CUST019285,0.0709
CUST019286,0.0498
CUST019287,0.9936
CUST019288,0.0736
CUST019289,0.0455
CUST019290,0.0339
CUST019291,0.0706
CUST019292,0.9951
CUST019293,0.028
CUST019294,0.9939
CUST019295,0.0827
CUST019296,0.9932
CUST019297,0.9946
CUST019298,0.9949
CUST019299,0.0637
CUST019300,0.181
CUST019301,0.9926
CUST019302,0.0322
CUST019303,0.9961
CUST019304,0.0439
CUST019305,0.0665
CUST019306,0.1048
CUST019307,0.0397
CUST019308,0.0362
CUST019309,0.0996
CUST019310,0.9948
CUST019311,0.0298
CUST019312,0.0341
CUST019313,0.0616
CUST019314,0.0396
CUST019315,0.0223
CUST019316,0.0365
CUST019317,0.9933
CUST019318,0.0353
CUST019319,0.0255
CUST019320,0.1296
CUST019321,0.057
CUST019322,0.0563
CUST019323,0.0296
CUST019324,0.0898
CUST019325,0.0425
CUST019326,0.048
CUST019327,0.0296
CUST019328,0.0668
CUST019329,0.0941
CUST019330,0.0461
CUST019331,0.0524
CUST019332,0.083
CUST019333,0.1709
CUST019334,0.0395
CUST019335,0.0627
CUST019336,0.0569
CUST019337,0.9955
CUST019338,0.0163
CUST019339,0.0422
CUST019340,0.1205
CUST019341,0.9959
CUST019342,0.0297
CUST019343,0.1205
CUST019344,0.0382
CUST019345,0.0235
CUST019346,0.0429
CUST019347,0.0294
CUST019348,0.0541
CUST019349,0.0311
CUST019350,0.027
CUST019351,0.1142
CUST019352,0.994
CUST019353,0.0521
CUST019354,0.0462
CUST019355,0.9941
CUST019356,0.0346
CUST019357,0.0458
CUST019358,0.6572
CUST019359,0.046
CUST019360,0.0298
CUST019361,0.0676
CUST019362,0.0279
CUST019363,0.047
CUST019364,0.0276
CUST019365,0.1233
CUST019366,0.0695
CUST019367,0.0433
CUST019368,0.0313
CUST019369,0.033
CUST019370,0.0262
CUST019371,0.0293
CUST019372,0.1874
CUST019373,0.0468
CUST019374,0.0475
CUST019375,0.0409
CUST019376,0.1597
CUST019377,0.0415
CUST019378,0.014
CUST019379,0.0315
CUST019380,0.0634
CUST019381,0.0325
CUST019382,0.0908
CUST019383,0.0393
CUST019384,0.0693
CUST019385,0.0493
CUST019386,0.0698
CUST019387,0.0687
CUST019388,0.0352
CUST019389,0.996
CUST019390,0.1338
CUST019391,0.044
CUST019392,0.0596
CUST019393,0.1414
CUST019394,0.0232
CUST019395,0.995
CUST019396,0.0746
CUST019397,0.0393
CUST019398,0.0385
CUST019399,0.9958
CUST019400,0.0445
CUST019401,0.0327
CUST019402,0.0335
CUST019403,0.9944
CUST019404,0.0505
CUST019405,0.0309
CUST019406,0.0467
CUST019407,0.0417
CUST019408,0.0613
CUST019409,0.9962
CUST019410,0.0374
CUST019411,0.9955
CUST019412,0.0416
CUST019413,0.0598
CUST019414,0.1465
CUST019415,0.1794
CUST019416,0.0309
CUST019417,0.0652
CUST019418,0.0385
CUST019419,0.1074
CUST019420,0.9942
CUST019421,0.046
CUST019422,0.9969
CUST019423,0.0129
CUST019424,0.0916
CUST019425,0.0445
CUST019426,0.0346
CUST019427,0.0453
CUST019428,0.1021
CUST019429,0.103
CUST019430,0.0416
CUST019431,0.9946
CUST019432,0.1245
CUST019433,0.0338
CUST019434,0.0118
CUST019435,0.0378
CUST019436,0.0495
CUST019437,0.1191
CUST019438,0.0726
CUST019439,0.0379
CUST019440,0.054
CUST019441,0.0412
CUST019442,0.0356
CUST019443,0.052
CUST019444,0.0559
CUST019445,0.0513
CUST019446,0.9949
CUST019447,0.1192
CUST019448,0.0332
CUST019449,0.9925
CUST019450,0.9949
CUST019451,0.0287
CUST019452,0.0435
CUST019453,0.994
CUST019454,0.0494
CUST019455,0.0577
CUST019456,0.0414
CUST019457,0.045
CUST019458,0.0846
CUST019459,0.0567
CUST019460,0.1264
CUST019461,0.0543
CUST019462,0.0356
CUST019463,0.0486
CUST019464,0.0589
CUST019465,0.0413
CUST019466,0.0412
CUST019467,0.997
CUST019468,0.0357
CUST019469,0.0327
CUST019470,0.1653
CUST019471,0.9904
CUST019472,0.0488
CUST019473,0.0316
CUST019474,0.0483
CUST019475,0.0633
CUST019476,0.0472
CUST019477,0.038
CUST019478,0.0365
CUST019479,0.0525
CUST019480,0.0833
CUST019481,0.0491
CUST019482,0.0463
CUST019483,0.0445
CUST019484,0.1433
CUST019485,0.0507
CUST019486,0.0691
CUST019487,0.0431
CUST019488,0.0475
CUST019489,0.0407
CUST019490,0.0683
CUST019491,0.0415
CUST019492,0.0472
CUST019493,0.0358
CUST019494,0.0453
CUST019495,0.0643
CUST019496,0.0515
CUST019497,0.0725
CUST019498,0.1294
CUST019499,0.0393
CUST019500,0.0808
CUST019501,0.0334
CUST019502,0.0723
CUST019503,0.0324
CUST019504,0.9943
CUST019505,0.2634
CUST019506,0.0522
CUST019507,0.0891
CUST019508,0.1126
CUST019509,0.0418
CUST019510,0.0299
CUST019511,0.0339
CUST019512,0.0446
CUST019513,0.1486
CUST019514,0.0349
CUST019515,0.0684
CUST019516,0.0706
CUST019517,0.0319
CUST019518,0.9964
CUST019519,0.0421
CUST019520,0.0715
CUST019521,0.081
CUST019522,0.9917
CUST019523,0.0421
CUST019524,0.0423
CUST019525,0.0306
CUST019526,0.062
CUST019527,0.0497
CUST019528,0.0314
CUST019529,0.052
CUST019530,0.0401
CUST019531,0.0673
CUST019532,0.032
CUST019533,0.0265
CUST019534,0.9935
CUST019535,0.0388
CUST019536,0.0287
CUST019537,0.0288
CUST019538,0.0437
CUST019539,0.0269
CUST019540,0.037
CUST019541,0.0324
CUST019542,0.0282
CUST019543,0.0434
CUST019544,0.0134
CUST019545,0.0613
CUST019546,0.0823
CUST019547,0.0943
CUST019548,0.0346
CUST019549,0.2316
CUST019550,0.0399
CUST019551,0.0548
CUST019552,0.1723
CUST019553,0.0487
CUST019554,0.0297
CUST019555,0.041
CUST019556,0.0399
CUST019557,0.0423
CUST019558,0.0353
CUST019559,0.0415
CUST019560,0.0969
CUST019561,0.047
CUST019562,0.045
CUST019563,0.0322
CUST019564,0.1565
CUST019565,0.1147
CUST019566,0.0358
CUST019567,0.0329
CUST019568,0.0442
CUST019569,0.0299
CUST019570,0.0149
CUST019571,0.0273
CUST019572,0.995
CUST019573,0.0851
CUST019574,0.1366
CUST019575,0.0924
CUST019576,0.069
CUST019577,0.0491
CUST019578,0.9935
CUST019579,0.0318
CUST019580,0.9954
CUST019581,0.0219
CUST019582,0.0367
CUST019583,0.0644
CUST019584,0.0289
CUST019585,0.0742
CUST019586,0.0519
CUST019587,0.157
CUST019588,0.0391
CUST019589,0.995
CUST019590,0.0247
CUST019591,0.1288
CUST019592,0.0256
CUST019593,0.0265
CUST019594,0.0862
CUST019595,0.073
CUST019596,0.0358
CUST019597,0.044
CUST019598,0.0389
CUST019599,0.0423
CUST019600,0.9947
CUST019601,0.0282
CUST019602,0.9933
CUST019603,0.0422
CUST019604,0.0338
CUST019605,0.0341
CUST019606,0.0939
CUST019607,0.0387
CUST019608,0.0342
CUST019609,0.0454
CUST019610,0.0697
CUST019611,0.0575
CUST019612,0.0452
CUST019613,0.0274
CUST019614,0.0515
CUST019615,0.0214
CUST019616,0.0768
CUST019617,0.0485
CUST019618,0.0281
CUST019619,0.0805
CUST019620,0.9973
CUST019621,0.0324
CUST019622,0.0449
CUST019623,0.059
CUST019624,0.0359
CUST019625,0.0564
CUST019626,0.0392
CUST019627,0.03
CUST019628,0.0204
CUST019629,0.0223
CUST019630,0.0421
CUST019631,0.0434
CUST019632,0.0565
CUST019633,0.0434
CUST019634,0.049
CUST019635,0.0586
CUST019636,0.126
CUST019637,0.0318
CUST019638,0.1425
CUST019639,0.0264
CUST019640,0.0238
CUST019641,0.1592
CUST019642,0.0596
CUST019643,0.0354
CUST019644,0.0416
CUST019645,0.0334
CUST019646,0.9945
CUST019647,0.0859
CUST019648,0.046
CUST019649,0.0358
CUST019650,0.035
CUST019651,0.0541
CUST019652,0.9948
CUST019653,0.9938
CUST019654,0.0263
CUST019655,0.9967
CUST019656,0.1045
CUST019657,0.0324
CUST019658,0.0255
CUST019659,0.2029
CUST019660,0.0352
CUST019661,0.0382
CUST019662,0.103
CUST019663,0.0974
CUST019664,0.108
CUST019665,0.9954
CUST019666,0.9955
CUST019667,0.0397
CUST019668,0.0356
CUST019669,0.0616
CUST019670,0.9955
CUST019671,0.0848
CUST019672,0.0382
CUST019673,0.065
CUST019674,0.0355
CUST019675,0.0835
CUST019676,0.1129
CUST019677,0.0298
CUST019678,0.0331
CUST019679,0.0131
CUST019680,0.0221
CUST019681,0.064
CUST019682,0.0515
CUST019683,0.0581
CUST019684,0.0981
CUST019685,0.0338
CUST019686,0.0428
CUST019687,0.041
CUST019688,0.0253
CUST019689,0.047
CUST019690,0.1115
CUST019691,0.1428
CUST019692,0.9939
CUST019693,0.9935
CUST019694,0.9934
CUST019695,0.0435
CUST019696,0.0239
CUST019697,0.0318
CUST019698,0.0298
CUST019699,0.0649
CUST019700,0.9989
CUST019701,0.9971
CUST019702,0.048
CUST019703,0.0959
CUST019704,0.0305
CUST019705,0.063
CUST019706,0.0311
CUST019707,0.0178
CUST019708,0.0468
CUST019709,0.024
CUST019710,0.0285
CUST019711,0.066
CUST019712,0.0375
CUST019713,0.0436
CUST019714,0.0591
CUST019715,0.0492
CUST019716,0.0598
CUST019717,0.1673
CUST019718,0.0197
CUST019719,0.0887
CUST019720,0.0319
CUST019721,0.0591
CUST019722,0.0444
CUST019723,0.0381
CUST019724,0.025
CUST019725,0.9973
CUST019726,0.9947
CUST019727,0.0908
CUST019728,0.0171
CUST019729,0.0826
CUST019730,0.04
CUST019731,0.0363
CUST019732,0.9953
CUST019733,0.0532
CUST019734,0.0432
CUST019735,0.1485
CUST019736,0.9967
CUST019737,0.0236
CUST019738,0.0921
CUST019739,0.0441
CUST019740,0.0569
CUST019741,0.0879
CUST019742,0.0423
CUST019743,0.1642
CUST019744,0.0429
CUST019745,0.0484
CUST019746,0.09
CUST019747,0.0689
CUST019748,0.0429
CUST019749,0.031
CUST019750,0.0329
CUST019751,0.056
CUST019752,0.0696
CUST019753,0.0986
CUST019754,0.0303
CUST019755,0.0356
CUST019756,0.0589
CUST019757,0.0589
CUST019758,0.0423
CUST019759,0.9972
CUST019760,0.9942
CUST019761,0.0336
CUST019762,0.0514
CUST019763,0.0305
CUST019764,0.0338
CUST019765,0.0306
CUST019766,0.0152
CUST019767,0.0665
CUST019768,0.1183
CUST019769,0.0327
CUST019770,0.0461
CUST019771,0.1645
CUST019772,0.0385
CUST019773,0.201
CUST019774,0.0265
CUST019775,0.0798
CUST019776,0.0432
CUST019777,0.0317
CUST019778,0.9944
CUST019779,0.0208
CUST019780,0.025
CUST019781,0.0244
CUST019782,0.0179
CUST019783,0.0681
CUST019784,0.0363
CUST019785,0.0512
CUST019786,0.9972
CUST019787,0.0439
CUST019788,0.9966
CUST019789,0.0672
CUST019790,0.0287
CUST019791,0.0474
CUST019792,0.1342
CUST019793,0.9951
CUST019794,0.4561
CUST019795,0.0264
CUST019796,0.0659
CUST019797,0.995
CUST019798,0.1099
CUST019799,0.0591
CUST019800,0.0682
CUST019801,0.0151
CUST019802,0.0276
CUST019803,0.015
CUST019804,0.104
CUST019805,0.1002
CUST019806,0.0298
CUST019807,0.0165
CUST019808,0.0629
CUST019809,0.0551
CUST019810,0.9964
CUST019811,0.0359
CUST019812,0.0797
CUST019813,0.0373
CUST019814,0.0676
CUST019815,0.0249
CUST019816,0.0447
CUST019817,0.9967
CUST019818,0.0436
CUST019819,0.0209
CUST019820,0.0882
CUST019821,0.0455
CUST019822,0.0465
CUST019823,0.0524
CUST019824,0.0235
CUST019825,0.0377
CUST019826,0.0831
CUST019827,0.0518
CUST019828,0.0487
CUST019829,0.082
CUST019830,0.0861
CUST019831,0.0635
CUST019832,0.0389
CUST019833,0.0478
CUST019834,0.0388
CUST019835,0.0983
CUST019836,0.0355
CUST019837,0.1525
CUST019838,0.1041
CUST019839,0.0317
CUST019840,0.0214
CUST019841,0.0461
CUST019842,0.0393
CUST019843,0.0465
CUST019844,0.0686
CUST019845,0.0334
CUST019846,0.044
CUST019847,0.0528
CUST019848,0.0247
CUST019849,0.9967
CUST019850,0.1196
CUST019851,0.0089
CUST019852,0.9956
CUST019853,0.0831
CUST019854,0.0831
CUST019855,0.9971
CUST019856,0.9967
CUST019857,0.0867
CUST019858,0.0124
CUST019859,0.0359
CUST019860,0.0426
CUST019861,0.0827
CUST019862,0.9967
CUST019863,0.9939
CUST019864,0.0677
CUST019865,0.0444
CUST019866,0.0449
CUST019867,0.0514
CUST019868,0.0272
CUST019869,0.0598
CUST019870,0.0581
CUST019871,0.0329
CUST019872,0.5776
CUST019873,0.0323
CUST019874,0.9934
CUST019875,0.0274
CUST019876,0.0363
CUST019877,0.1081
CUST019878,0.0505
CUST019879,0.0312
CUST019880,0.0409
CUST019881,0.035
CUST019882,0.0599
CUST019883,0.05
CUST019884,0.0261
CUST019885,0.0247
CUST019886,0.047
CUST019887,0.0348
CUST019888,0.0779
CUST019889,0.1388
CUST019890,0.0398
CUST019891,0.0331
CUST019892,0.0253
CUST019893,0.0868
CUST019894,0.0436
CUST019895,0.0798
CUST019896,0.0911
CUST019897,0.9935
CUST019898,0.0861
CUST019899,0.0378
CUST019900,0.0386
CUST019901,0.0754
CUST019902,0.9945
CUST019903,0.0535
CUST019904,0.0519
CUST019905,0.0766
CUST019906,0.0746
CUST019907,0.0551
CUST019908,0.0436
CUST019909,0.0393
CUST019910,0.1726
CUST019911,0.1495
CUST019912,0.9959
CUST019913,0.0436
CUST019914,0.1178
CUST019915,0.9928
CUST019916,0.0498
CUST019917,0.0498
CUST019918,0.0734
CUST019919,0.0502
CUST019920,0.0744
CUST019921,0.0337
CUST019922,0.0528
CUST019923,0.0313
CUST019924,0.9953
CUST019925,0.0756
CUST019926,0.0622
CUST019927,0.0484
CUST019928,0.059
CUST019929,0.041
CUST019930,0.0364
CUST019931,0.1328
CUST019932,0.9943
CUST019933,0.0338
CUST019934,0.0615
CUST019935,0.0257
CUST019936,0.0177
CUST019937,0.0871
CUST019938,0.0466
CUST019939,0.0509
CUST019940,0.0682
CUST019941,0.0472
CUST019942,0.0336
CUST019943,0.0386
CUST019944,0.0165
CUST019945,0.996
CUST019946,0.0257
CUST019947,0.0353
CUST019948,0.0888
CUST019949,0.0308
CUST019950,0.0532
CUST019951,0.0458
CUST019952,0.029
CUST019953,0.0499
CUST019954,0.0568
CUST019955,0.0326
CUST019956,0.1736
CUST019957,0.042
CUST019958,0.0443
CUST019959,0.0354
CUST019960,0.9912
CUST019961,0.0766
CUST019962,0.0553
CUST019963,0.0242
CUST019964,0.0326
CUST019965,0.0869
CUST019966,0.2352
CUST019967,0.0554
CUST019968,0.0458
CUST019969,0.0375
CUST019970,0.0403
CUST019971,0.0856
CUST019972,0.033
CUST019973,0.0422
CUST019974,0.0653
CUST019975,0.02
CUST019976,0.0381
CUST019977,0.0645
CUST019978,0.0698
CUST019979,0.0405
CUST019980,0.0145
CUST019981,0.0413
CUST019982,0.0245
CUST019983,0.0345
CUST019984,0.0405
CUST019985,0.0818
CUST019986,0.0806
CUST019987,0.0473
CUST019988,0.9931
CUST019989,0.0316
CUST019990,0.2897
CUST019991,0.107
CUST019992,0.0349
CUST019993,0.0555
CUST019994,0.0611
CUST019995,0.0847
CUST019996,0.0379
CUST019997,0.0618
CUST019998,0.0143
CUST019999,0.0398
CUST020000,0.0645
