credit_event_id,loan_id,customer_id,event_date,event_type,outstanding_at_event,risk_bucket
CE00001,LN000005,CUST000002,2024-06-18,Delinquency Notice - 30 Days,1616.25,Elevated
CE00002,LN000009,CUST000004,2024-06-15,Default / Write-off Review,2128.71,Critical
CE00003,LN000027,CUST000033,2024-09-27,Delinquency Notice - 60 Days,785.47,Low
CE00004,LN000034,CUST000043,2024-07-27,Delinquency Notice - 60 Days,24675.58,Moderate
CE00005,LN000048,CUST000059,2024-08-24,Default / Write-off Review,1265.13,Elevated
CE00006,LN000056,CUST000070,2024-12-14,Default / Write-off Review,1309.75,High
CE00007,LN000061,CUST000076,2024-11-15,Delinquency Notice - 30 Days,704.86,Moderate
CE00008,LN000064,CUST000078,2024-08-31,Delinquency Notice - 30 Days,1177.2,Elevated
CE00009,LN000073,CUST000090,2024-10-10,Delinquency Notice - 30 Days,1093.79,High
CE00010,LN000101,CUST000112,2024-06-27,Delinquency Notice - 60 Days,151.05,Low
CE00011,LN000124,CUST000136,2024-10-08,Delinquency Notice - 30 Days,719.24,High
CE00012,LN000134,CUST000150,2024-09-06,Delinquency Notice - 30 Days,6826.68,Elevated
CE00013,LN000141,CUST000157,2024-09-24,Default / Write-off Review,14835.73,Moderate
CE00014,LN000177,CUST000192,2024-09-25,Delinquency Notice - 60 Days,5489.43,Elevated
CE00015,LN000199,CUST000224,2024-10-13,Delinquency Notice - 30 Days,7448.85,Low
CE00016,LN000200,CUST000226,2024-07-26,Delinquency Notice - 60 Days,1774.46,Elevated
CE00017,LN000212,CUST000243,2024-06-10,Delinquency Notice - 30 Days,2540.39,Moderate
CE00018,LN000215,CUST000247,2024-09-19,Delinquency Notice - 60 Days,1192.33,Low
CE00019,LN000240,CUST000279,2024-08-23,Delinquency Notice - 30 Days,3689.99,Moderate
CE00020,LN000254,CUST000299,2024-06-21,Default / Write-off Review,2295.61,Elevated
CE00021,LN000280,CUST000336,2024-09-16,Delinquency Notice - 60 Days,5759.23,Low
CE00022,LN000281,CUST000337,2024-08-03,Delinquency Notice - 30 Days,1365.76,Elevated
CE00023,LN000282,CUST000337,2024-12-11,Default / Write-off Review,7260.24,Elevated
CE00024,LN000293,CUST000350,2024-09-17,Delinquency Notice - 60 Days,359.03,High
CE00025,LN000297,CUST000353,2024-06-23,Delinquency Notice - 30 Days,911.77,High
CE00026,LN000305,CUST000363,2024-06-10,Delinquency Notice - 30 Days,2169.74,Moderate
CE00027,LN000308,CUST000366,2024-08-28,Delinquency Notice - 60 Days,657.24,Low
CE00028,LN000310,CUST000369,2024-10-21,Delinquency Notice - 30 Days,8827.52,Elevated
CE00029,LN000321,CUST000384,2024-06-29,Delinquency Notice - 60 Days,4566.48,High
CE00030,LN000322,CUST000385,2024-12-03,Delinquency Notice - 60 Days,390.16,Moderate
CE00031,LN000326,CUST000389,2024-07-18,Default / Write-off Review,17748.9,Low
CE00032,LN000327,CUST000389,2024-08-19,Delinquency Notice - 30 Days,48742.97,Low
CE00033,LN000330,CUST000391,2024-08-26,Default / Write-off Review,3060.45,Low
CE00034,LN000331,CUST000392,2024-12-09,Delinquency Notice - 30 Days,2665.83,High
CE00035,LN000337,CUST000404,2024-07-02,Default / Write-off Review,3650.88,Low
CE00036,LN000347,CUST000424,2024-07-05,Delinquency Notice - 60 Days,764.27,Elevated
CE00037,LN000358,CUST000438,2024-09-19,Delinquency Notice - 30 Days,2718.82,Elevated
CE00038,LN000362,CUST000441,2024-06-15,Delinquency Notice - 30 Days,5042.75,High
CE00039,LN000367,CUST000447,2024-10-10,Delinquency Notice - 30 Days,2931.19,Low
CE00040,LN000381,CUST000466,2024-11-21,Default / Write-off Review,2261.0,High
CE00041,LN000387,CUST000476,2024-06-20,Delinquency Notice - 60 Days,719.38,High
CE00042,LN000391,CUST000483,2024-09-02,Delinquency Notice - 30 Days,341.01,High
CE00043,LN000434,CUST000535,2024-11-17,Delinquency Notice - 60 Days,1493.67,Low
CE00044,LN000452,CUST000558,2024-11-08,Delinquency Notice - 60 Days,5590.59,Elevated
CE00045,LN000453,CUST000559,2024-07-23,Delinquency Notice - 60 Days,4981.92,Moderate
CE00046,LN000465,CUST000577,2024-08-18,Delinquency Notice - 60 Days,1389.73,High
CE00047,LN000472,CUST000587,2024-10-19,Delinquency Notice - 30 Days,1044.29,Critical
CE00048,LN000473,CUST000589,2024-06-14,Default / Write-off Review,1860.34,Critical
CE00049,LN000478,CUST000593,2024-10-21,Delinquency Notice - 60 Days,10616.25,Elevated
CE00050,LN000515,CUST000646,2024-08-17,Default / Write-off Review,6730.74,Critical
CE00051,LN000520,CUST000649,2024-11-05,Delinquency Notice - 60 Days,7647.31,Elevated
CE00052,LN000524,CUST000657,2024-07-27,Delinquency Notice - 60 Days,16770.12,Elevated
CE00053,LN000530,CUST000663,2024-06-03,Delinquency Notice - 30 Days,3853.46,Moderate
CE00054,LN000542,CUST000680,2024-12-04,Delinquency Notice - 30 Days,8152.12,Low
CE00055,LN000547,CUST000686,2024-06-15,Delinquency Notice - 60 Days,563.09,High
CE00056,LN000559,CUST000706,2024-10-21,Delinquency Notice - 60 Days,654.69,Elevated
CE00057,LN000573,CUST000715,2024-07-05,Delinquency Notice - 60 Days,2584.04,Low
CE00058,LN000574,CUST000716,2024-08-16,Delinquency Notice - 30 Days,789.39,Low
CE00059,LN000578,CUST000730,2024-09-13,Delinquency Notice - 30 Days,6308.76,Moderate
CE00060,LN000604,CUST000766,2024-07-24,Delinquency Notice - 30 Days,3913.57,High
CE00061,LN000619,CUST000788,2024-06-16,Delinquency Notice - 60 Days,7093.67,Elevated
CE00062,LN000623,CUST000793,2024-11-28,Delinquency Notice - 60 Days,6426.0,Low
CE00063,LN000652,CUST000830,2024-07-27,Default / Write-off Review,536.83,Elevated
CE00064,LN000656,CUST000834,2024-08-14,Delinquency Notice - 30 Days,1008.39,Elevated
CE00065,LN000658,CUST000835,2024-06-30,Delinquency Notice - 30 Days,2719.8,Elevated
CE00066,LN000662,CUST000838,2024-09-20,Delinquency Notice - 30 Days,3203.36,High
CE00067,LN000670,CUST000847,2024-10-15,Delinquency Notice - 30 Days,6297.93,Moderate
CE00068,LN000671,CUST000847,2024-09-02,Delinquency Notice - 30 Days,5818.72,Moderate
CE00069,LN000675,CUST000850,2024-10-17,Delinquency Notice - 60 Days,2748.91,High
CE00070,LN000676,CUST000850,2024-11-12,Default / Write-off Review,1754.47,High
CE00071,LN000694,CUST000877,2024-08-29,Default / Write-off Review,638.61,Critical
CE00072,LN000701,CUST000891,2024-11-23,Delinquency Notice - 30 Days,35742.98,Critical
CE00073,LN000711,CUST000902,2024-12-17,Delinquency Notice - 30 Days,23830.98,High
CE00074,LN000722,CUST000927,2024-12-04,Delinquency Notice - 60 Days,869.23,Moderate
CE00075,LN000731,CUST000938,2024-10-21,Delinquency Notice - 30 Days,14834.83,Low
CE00076,LN000734,CUST000943,2024-08-19,Default / Write-off Review,1011.21,Moderate
CE00077,LN000741,CUST000948,2024-09-11,Delinquency Notice - 30 Days,3074.65,Elevated
CE00078,LN000742,CUST000951,2024-08-16,Delinquency Notice - 30 Days,1138.84,Low
CE00079,LN000743,CUST000952,2024-11-25,Default / Write-off Review,1714.24,Moderate
CE00080,LN000748,CUST000955,2024-06-14,Default / Write-off Review,10407.64,Elevated
CE00081,LN000757,CUST000966,2024-10-14,Delinquency Notice - 30 Days,35882.63,Moderate
CE00082,LN000785,CUST001013,2024-11-01,Delinquency Notice - 30 Days,3325.74,Low
CE00083,LN000792,CUST001017,2024-11-14,Default / Write-off Review,929.41,Moderate
CE00084,LN000794,CUST001020,2024-12-23,Delinquency Notice - 30 Days,868.56,Critical
CE00085,LN000812,CUST001047,2024-12-02,Default / Write-off Review,6526.71,Low
CE00086,LN000825,CUST001059,2024-07-30,Default / Write-off Review,21751.2,Low
CE00087,LN000848,CUST001086,2024-11-30,Delinquency Notice - 30 Days,1493.84,Moderate
CE00088,LN000875,CUST001127,2024-08-24,Delinquency Notice - 60 Days,31444.54,Moderate
CE00089,LN000876,CUST001128,2024-06-17,Delinquency Notice - 60 Days,5610.0,Moderate
CE00090,LN000882,CUST001139,2024-12-04,Delinquency Notice - 60 Days,1122.05,High
CE00091,LN000888,CUST001144,2024-08-04,Default / Write-off Review,6400.01,High
CE00092,LN000911,CUST001171,2024-11-08,Delinquency Notice - 30 Days,10712.38,Low
CE00093,LN000939,CUST001203,2024-09-15,Delinquency Notice - 30 Days,1240.26,Moderate
CE00094,LN000959,CUST001234,2024-10-25,Delinquency Notice - 30 Days,28412.48,High
CE00095,LN000974,CUST001245,2024-11-12,Delinquency Notice - 30 Days,902.9,Elevated
CE00096,LN000982,CUST001257,2024-09-28,Delinquency Notice - 30 Days,2661.49,Moderate
CE00097,LN000993,CUST001271,2024-08-04,Delinquency Notice - 30 Days,9044.66,Elevated
CE00098,LN000995,CUST001272,2024-11-26,Delinquency Notice - 60 Days,328.14,Elevated
CE00099,LN000998,CUST001274,2024-11-01,Delinquency Notice - 30 Days,2660.75,High
CE00100,LN001013,CUST001296,2024-11-10,Delinquency Notice - 30 Days,26569.49,Elevated
CE00101,LN001019,CUST001309,2024-07-22,Delinquency Notice - 30 Days,10311.28,Low
CE00102,LN001038,CUST001333,2024-11-26,Delinquency Notice - 30 Days,425.01,Moderate
CE00103,LN001045,CUST001342,2024-07-11,Delinquency Notice - 30 Days,2597.41,Elevated
CE00104,LN001050,CUST001349,2024-10-02,Default / Write-off Review,12371.52,Elevated
CE00105,LN001062,CUST001361,2024-12-17,Delinquency Notice - 30 Days,8813.85,Moderate
CE00106,LN001067,CUST001371,2024-12-02,Default / Write-off Review,282.35,Low
CE00107,LN001074,CUST001378,2024-08-28,Default / Write-off Review,7193.56,Elevated
CE00108,LN001077,CUST001380,2024-12-17,Delinquency Notice - 30 Days,77336.33,Elevated
CE00109,LN001104,CUST001411,2024-10-10,Delinquency Notice - 60 Days,22977.24,Low
CE00110,LN001119,CUST001434,2024-12-21,Delinquency Notice - 30 Days,1191.07,Low
CE00111,LN001122,CUST001441,2024-12-08,Delinquency Notice - 60 Days,4524.09,Moderate
CE00112,LN001123,CUST001442,2024-10-23,Delinquency Notice - 60 Days,22367.31,Moderate
CE00113,LN001129,CUST001453,2024-11-15,Delinquency Notice - 30 Days,3812.0,Elevated
CE00114,LN001143,CUST001471,2024-12-23,Delinquency Notice - 30 Days,1099.63,Elevated
CE00115,LN001150,CUST001479,2024-08-05,Delinquency Notice - 60 Days,5474.25,High
CE00116,LN001183,CUST001517,2024-06-10,Delinquency Notice - 30 Days,947.65,Moderate
CE00117,LN001198,CUST001529,2024-11-14,Delinquency Notice - 60 Days,2453.76,Elevated
CE00118,LN001204,CUST001535,2024-09-25,Default / Write-off Review,8217.12,Elevated
CE00119,LN001205,CUST001536,2024-12-15,Delinquency Notice - 60 Days,16264.42,Elevated
CE00120,LN001215,CUST001546,2024-10-30,Delinquency Notice - 30 Days,3084.3,Moderate
CE00121,LN001228,CUST001564,2024-12-08,Default / Write-off Review,655.04,Elevated
CE00122,LN001229,CUST001564,2024-10-19,Delinquency Notice - 30 Days,5490.39,Elevated
CE00123,LN001233,CUST001572,2024-08-23,Default / Write-off Review,7664.87,Moderate
CE00124,LN001241,CUST001580,2024-10-18,Delinquency Notice - 30 Days,1212.82,Moderate
CE00125,LN001243,CUST001585,2024-08-20,Delinquency Notice - 30 Days,698.85,High
CE00126,LN001248,CUST001591,2024-09-19,Delinquency Notice - 30 Days,1555.76,Low
CE00127,LN001263,CUST001621,2024-09-14,Delinquency Notice - 30 Days,4305.14,High
CE00128,LN001272,CUST001638,2024-11-27,Delinquency Notice - 60 Days,2572.28,High
CE00129,LN001302,CUST001676,2024-07-25,Delinquency Notice - 30 Days,13471.61,Low
CE00130,LN001305,CUST001678,2024-06-21,Delinquency Notice - 30 Days,27521.53,High
CE00131,LN001308,CUST001679,2024-10-03,Delinquency Notice - 30 Days,1475.76,Moderate
CE00132,LN001309,CUST001680,2024-11-24,Delinquency Notice - 30 Days,5267.23,High
CE00133,LN001320,CUST001694,2024-12-04,Default / Write-off Review,6254.97,Moderate
CE00134,LN001331,CUST001713,2024-11-20,Default / Write-off Review,4192.88,Elevated
CE00135,LN001333,CUST001714,2024-10-02,Delinquency Notice - 30 Days,7426.82,Moderate
CE00136,LN001334,CUST001715,2024-06-28,Default / Write-off Review,58605.33,Elevated
CE00137,LN001348,CUST001729,2024-07-24,Delinquency Notice - 30 Days,967.88,Low
CE00138,LN001351,CUST001730,2024-08-20,Delinquency Notice - 60 Days,45544.16,Elevated
CE00139,LN001353,CUST001731,2024-08-11,Default / Write-off Review,1940.34,Low
CE00140,LN001358,CUST001737,2024-09-01,Delinquency Notice - 30 Days,15142.03,Moderate
CE00141,LN001364,CUST001745,2024-11-11,Delinquency Notice - 30 Days,4443.01,High
CE00142,LN001369,CUST001750,2024-08-22,Delinquency Notice - 30 Days,1486.7,Elevated
CE00143,LN001373,CUST001754,2024-08-18,Delinquency Notice - 60 Days,3638.0,Elevated
CE00144,LN001407,CUST001795,2024-12-26,Delinquency Notice - 30 Days,2616.8,Elevated
CE00145,LN001413,CUST001800,2024-12-22,Delinquency Notice - 30 Days,9463.73,Elevated
CE00146,LN001430,CUST001824,2024-07-28,Default / Write-off Review,10881.72,Moderate
CE00147,LN001449,CUST001839,2024-09-09,Default / Write-off Review,26074.38,Elevated
CE00148,LN001454,CUST001843,2024-09-25,Default / Write-off Review,7817.66,Low
CE00149,LN001459,CUST001849,2024-08-19,Default / Write-off Review,3076.36,Moderate
CE00150,LN001460,CUST001851,2024-06-23,Delinquency Notice - 60 Days,2175.42,High
CE00151,LN001490,CUST001892,2024-11-30,Delinquency Notice - 30 Days,6343.54,Moderate
CE00152,LN001500,CUST001906,2024-09-14,Delinquency Notice - 30 Days,29893.4,Elevated
CE00153,LN001507,CUST001920,2024-07-06,Delinquency Notice - 30 Days,3414.44,Elevated
CE00154,LN001518,CUST001933,2024-10-16,Delinquency Notice - 30 Days,8861.0,Moderate
CE00155,LN001520,CUST001935,2024-07-08,Delinquency Notice - 60 Days,1190.38,Low
CE00156,LN001532,CUST001946,2024-08-30,Delinquency Notice - 30 Days,53169.65,High
CE00157,LN001539,CUST001954,2024-11-18,Delinquency Notice - 60 Days,1606.69,High
CE00158,LN001544,CUST001964,2024-10-19,Default / Write-off Review,9711.31,Critical
CE00159,LN001563,CUST001989,2024-07-12,Delinquency Notice - 60 Days,6005.58,Moderate
CE00160,LN001576,CUST002005,2024-09-02,Default / Write-off Review,8056.63,High
CE00161,LN001577,CUST002005,2024-10-03,Delinquency Notice - 30 Days,2182.6,High
CE00162,LN001587,CUST002019,2024-11-22,Default / Write-off Review,4834.64,High
CE00163,LN001603,CUST002041,2024-06-06,Delinquency Notice - 30 Days,29882.46,Moderate
CE00164,LN001607,CUST002046,2024-10-21,Delinquency Notice - 30 Days,2371.26,Low
CE00165,LN001628,CUST002074,2024-11-07,Delinquency Notice - 30 Days,3073.13,Moderate
CE00166,LN001661,CUST002111,2024-10-07,Default / Write-off Review,268.83,Low
CE00167,LN001671,CUST002118,2024-06-29,Delinquency Notice - 30 Days,231.35,Low
CE00168,LN001676,CUST002123,2024-11-01,Default / Write-off Review,21049.89,Elevated
CE00169,LN001683,CUST002138,2024-09-06,Delinquency Notice - 60 Days,8371.59,Moderate
CE00170,LN001684,CUST002138,2024-06-20,Default / Write-off Review,10234.52,Moderate
CE00171,LN001691,CUST002156,2024-09-04,Default / Write-off Review,1423.55,Moderate
CE00172,LN001700,CUST002166,2024-07-16,Delinquency Notice - 30 Days,47511.17,High
CE00173,LN001703,CUST002169,2024-08-31,Delinquency Notice - 60 Days,1767.78,Elevated
CE00174,LN001708,CUST002176,2024-12-09,Delinquency Notice - 60 Days,17870.9,Elevated
CE00175,LN001718,CUST002190,2024-12-05,Delinquency Notice - 60 Days,8920.07,Moderate
CE00176,LN001729,CUST002201,2024-11-07,Delinquency Notice - 30 Days,1251.67,Elevated
CE00177,LN001741,CUST002207,2024-12-14,Delinquency Notice - 60 Days,3944.02,Moderate
CE00178,LN001742,CUST002208,2024-10-16,Delinquency Notice - 30 Days,8103.13,Elevated
CE00179,LN001764,CUST002237,2024-12-13,Delinquency Notice - 30 Days,777.45,Critical
CE00180,LN001766,CUST002239,2024-11-22,Delinquency Notice - 60 Days,3627.68,High
CE00181,LN001771,CUST002247,2024-11-11,Delinquency Notice - 60 Days,648.44,Moderate
CE00182,LN001787,CUST002273,2024-07-15,Delinquency Notice - 60 Days,4951.35,Moderate
CE00183,LN001789,CUST002275,2024-07-11,Delinquency Notice - 60 Days,771.58,Low
CE00184,LN001792,CUST002280,2024-07-09,Default / Write-off Review,44179.81,Low
CE00185,LN001798,CUST002287,2024-07-10,Delinquency Notice - 60 Days,439.73,High
CE00186,LN001804,CUST002300,2024-10-30,Delinquency Notice - 60 Days,37248.98,High
CE00187,LN001810,CUST002305,2024-12-04,Default / Write-off Review,13217.47,Elevated
CE00188,LN001815,CUST002310,2024-09-12,Delinquency Notice - 60 Days,4516.25,Elevated
CE00189,LN001821,CUST002318,2024-11-24,Delinquency Notice - 60 Days,2519.99,Low
CE00190,LN001833,CUST002332,2024-12-23,Delinquency Notice - 60 Days,4403.88,Elevated
CE00191,LN001844,CUST002347,2024-10-19,Delinquency Notice - 30 Days,5709.65,Moderate
CE00192,LN001850,CUST002354,2024-11-22,Delinquency Notice - 30 Days,3964.5,Low
CE00193,LN001869,CUST002376,2024-09-13,Delinquency Notice - 30 Days,3507.1,Elevated
CE00194,LN001881,CUST002395,2024-09-04,Delinquency Notice - 60 Days,5426.55,Elevated
CE00195,LN001889,CUST002412,2024-10-24,Delinquency Notice - 60 Days,22550.3,Elevated
CE00196,LN001890,CUST002414,2024-07-20,Delinquency Notice - 30 Days,7177.44,Moderate
CE00197,LN001891,CUST002414,2024-12-24,Delinquency Notice - 30 Days,29269.35,Moderate
CE00198,LN001906,CUST002438,2024-09-07,Default / Write-off Review,678.91,High
CE00199,LN001907,CUST002438,2024-09-25,Delinquency Notice - 60 Days,3735.85,High
CE00200,LN001910,CUST002440,2024-08-15,Delinquency Notice - 30 Days,7168.18,Elevated
CE00201,LN001915,CUST002449,2024-10-05,Delinquency Notice - 30 Days,2180.33,High
CE00202,LN001919,CUST002455,2024-12-06,Delinquency Notice - 30 Days,63226.44,Elevated
CE00203,LN001920,CUST002456,2024-10-01,Default / Write-off Review,27217.67,Low
CE00204,LN001927,CUST002461,2024-12-11,Delinquency Notice - 30 Days,4402.82,Low
CE00205,LN001932,CUST002469,2024-11-20,Default / Write-off Review,4351.91,Moderate
CE00206,LN001934,CUST002470,2024-08-11,Default / Write-off Review,387.38,High
CE00207,LN001941,CUST002475,2024-07-28,Delinquency Notice - 30 Days,15667.88,Low
CE00208,LN001944,CUST002484,2024-11-06,Delinquency Notice - 30 Days,6543.41,Moderate
CE00209,LN001948,CUST002488,2024-07-24,Default / Write-off Review,2466.76,High
CE00210,LN001959,CUST002506,2024-06-12,Delinquency Notice - 60 Days,8644.83,Moderate
CE00211,LN001965,CUST002509,2024-10-02,Delinquency Notice - 60 Days,3499.35,Low
CE00212,LN001980,CUST002523,2024-08-27,Delinquency Notice - 30 Days,404.13,Elevated
CE00213,LN001998,CUST002538,2024-09-16,Delinquency Notice - 30 Days,1496.08,Elevated
CE00214,LN002006,CUST002544,2024-07-14,Delinquency Notice - 30 Days,16780.47,Moderate
CE00215,LN002007,CUST002546,2024-08-12,Delinquency Notice - 60 Days,1361.71,Moderate
CE00216,LN002008,CUST002548,2024-08-03,Delinquency Notice - 30 Days,1894.22,Elevated
CE00217,LN002010,CUST002550,2024-09-06,Default / Write-off Review,7976.26,Moderate
CE00218,LN002017,CUST002562,2024-06-13,Delinquency Notice - 60 Days,4480.9,Moderate
CE00219,LN002020,CUST002570,2024-07-27,Delinquency Notice - 30 Days,4286.66,High
CE00220,LN002027,CUST002583,2024-12-16,Delinquency Notice - 30 Days,1191.03,Moderate
CE00221,LN002030,CUST002585,2024-12-21,Default / Write-off Review,2148.45,High
CE00222,LN002033,CUST002592,2024-08-14,Default / Write-off Review,580.03,Moderate
CE00223,LN002054,CUST002615,2024-12-26,Delinquency Notice - 30 Days,310.79,Elevated
CE00224,LN002081,CUST002653,2024-11-11,Delinquency Notice - 60 Days,9369.53,Low
CE00225,LN002085,CUST002657,2024-06-01,Delinquency Notice - 30 Days,12024.91,Moderate
CE00226,LN002088,CUST002660,2024-11-29,Delinquency Notice - 60 Days,13727.98,High
CE00227,LN002089,CUST002661,2024-08-01,Delinquency Notice - 30 Days,1113.99,Low
CE00228,LN002097,CUST002668,2024-08-08,Delinquency Notice - 30 Days,8702.95,Moderate
CE00229,LN002102,CUST002671,2024-06-30,Delinquency Notice - 30 Days,4129.49,Moderate
CE00230,LN002107,CUST002674,2024-06-29,Delinquency Notice - 30 Days,5702.2,Low
CE00231,LN002123,CUST002692,2024-10-19,Delinquency Notice - 30 Days,4405.55,Elevated
CE00232,LN002127,CUST002697,2024-10-20,Delinquency Notice - 60 Days,1037.29,Elevated
CE00233,LN002131,CUST002699,2024-12-15,Delinquency Notice - 60 Days,20438.72,Elevated
CE00234,LN002137,CUST002716,2024-08-17,Delinquency Notice - 60 Days,3584.83,Elevated
CE00235,LN002158,CUST002749,2024-08-13,Default / Write-off Review,20457.55,Elevated
CE00236,LN002195,CUST002822,2024-12-25,Default / Write-off Review,696.77,Moderate
CE00237,LN002207,CUST002833,2024-11-22,Delinquency Notice - 30 Days,2585.06,Moderate
CE00238,LN002226,CUST002863,2024-11-16,Delinquency Notice - 60 Days,2528.02,High
CE00239,LN002247,CUST002887,2024-08-23,Delinquency Notice - 30 Days,901.14,Elevated
CE00240,LN002264,CUST002923,2024-10-24,Default / Write-off Review,25854.66,Moderate
CE00241,LN002275,CUST002936,2024-10-07,Delinquency Notice - 60 Days,75049.58,Moderate
CE00242,LN002284,CUST002953,2024-08-20,Default / Write-off Review,3614.85,High
CE00243,LN002287,CUST002960,2024-08-09,Delinquency Notice - 30 Days,1606.81,Critical
CE00244,LN002303,CUST002977,2024-08-16,Delinquency Notice - 30 Days,184.64,High
CE00245,LN002308,CUST002988,2024-12-06,Default / Write-off Review,16596.83,Low
CE00246,LN002312,CUST002996,2024-12-25,Default / Write-off Review,27437.3,Elevated
CE00247,LN002313,CUST002999,2024-08-30,Delinquency Notice - 60 Days,544.68,High
CE00248,LN002326,CUST003019,2024-11-24,Delinquency Notice - 30 Days,1135.15,Moderate
CE00249,LN002340,CUST003035,2024-12-19,Default / Write-off Review,680.63,High
CE00250,LN002341,CUST003037,2024-11-18,Delinquency Notice - 60 Days,3146.22,Moderate
CE00251,LN002345,CUST003041,2024-11-02,Delinquency Notice - 60 Days,2816.18,Low
CE00252,LN002366,CUST003062,2024-12-04,Delinquency Notice - 60 Days,9956.73,Elevated
CE00253,LN002367,CUST003063,2024-10-06,Delinquency Notice - 30 Days,3921.86,Elevated
CE00254,LN002369,CUST003064,2024-07-29,Default / Write-off Review,6258.01,Low
CE00255,LN002381,CUST003086,2024-09-17,Delinquency Notice - 60 Days,330.79,High
CE00256,LN002399,CUST003101,2024-10-11,Default / Write-off Review,3467.45,Low
CE00257,LN002401,CUST003102,2024-06-03,Delinquency Notice - 30 Days,7968.04,Moderate
CE00258,LN002402,CUST003105,2024-09-09,Delinquency Notice - 30 Days,1490.08,High
CE00259,LN002406,CUST003116,2024-07-29,Delinquency Notice - 30 Days,2135.28,Moderate
CE00260,LN002415,CUST003121,2024-11-27,Delinquency Notice - 60 Days,4978.78,Elevated
CE00261,LN002423,CUST003134,2024-06-22,Delinquency Notice - 60 Days,1548.75,High
CE00262,LN002426,CUST003138,2024-08-05,Default / Write-off Review,15157.04,Low
CE00263,LN002428,CUST003140,2024-12-03,Delinquency Notice - 60 Days,1874.98,High
CE00264,LN002429,CUST003141,2024-07-03,Delinquency Notice - 30 Days,4954.7,Elevated
CE00265,LN002442,CUST003150,2024-07-04,Delinquency Notice - 30 Days,3906.42,Elevated
CE00266,LN002455,CUST003163,2024-08-31,Delinquency Notice - 60 Days,7658.99,Moderate
CE00267,LN002474,CUST003188,2024-10-03,Delinquency Notice - 60 Days,9330.45,Elevated
CE00268,LN002484,CUST003204,2024-12-12,Default / Write-off Review,1405.93,Critical
CE00269,LN002488,CUST003207,2024-09-09,Delinquency Notice - 30 Days,5194.15,Moderate
CE00270,LN002504,CUST003235,2024-12-19,Delinquency Notice - 60 Days,3514.81,Elevated
CE00271,LN002518,CUST003250,2024-06-30,Delinquency Notice - 60 Days,7062.83,Moderate
CE00272,LN002526,CUST003256,2024-12-04,Default / Write-off Review,2968.48,High
CE00273,LN002536,CUST003264,2024-08-03,Delinquency Notice - 30 Days,5759.13,Elevated
CE00274,LN002566,CUST003295,2024-09-05,Default / Write-off Review,33116.36,Elevated
CE00275,LN002576,CUST003305,2024-09-10,Delinquency Notice - 30 Days,6356.82,Moderate
CE00276,LN002578,CUST003306,2024-08-02,Delinquency Notice - 60 Days,535.69,Moderate
CE00277,LN002596,CUST003329,2024-09-04,Delinquency Notice - 60 Days,2978.1,Low
CE00278,LN002598,CUST003332,2024-06-07,Delinquency Notice - 30 Days,10604.89,High
CE00279,LN002608,CUST003339,2024-09-05,Delinquency Notice - 60 Days,1675.46,Elevated
CE00280,LN002622,CUST003351,2024-09-18,Default / Write-off Review,11511.4,Moderate
CE00281,LN002632,CUST003362,2024-07-12,Delinquency Notice - 60 Days,4197.67,Moderate
CE00282,LN002636,CUST003365,2024-12-26,Delinquency Notice - 60 Days,784.24,Low
CE00283,LN002638,CUST003367,2024-07-12,Delinquency Notice - 30 Days,1396.65,Elevated
CE00284,LN002644,CUST003379,2024-08-28,Delinquency Notice - 60 Days,6168.11,High
CE00285,LN002645,CUST003379,2024-07-29,Delinquency Notice - 60 Days,3365.15,High
CE00286,LN002646,CUST003379,2024-11-12,Default / Write-off Review,33221.81,High
CE00287,LN002655,CUST003389,2024-10-10,Delinquency Notice - 60 Days,1207.77,Low
CE00288,LN002660,CUST003393,2024-07-26,Delinquency Notice - 60 Days,14920.75,High
CE00289,LN002662,CUST003396,2024-06-18,Delinquency Notice - 30 Days,10269.72,Critical
CE00290,LN002665,CUST003397,2024-12-16,Delinquency Notice - 30 Days,4971.3,High
CE00291,LN002681,CUST003420,2024-10-22,Delinquency Notice - 30 Days,24429.92,Low
CE00292,LN002691,CUST003433,2024-06-30,Delinquency Notice - 60 Days,34375.89,Moderate
CE00293,LN002710,CUST003452,2024-11-25,Delinquency Notice - 60 Days,1309.37,Low
CE00294,LN002717,CUST003458,2024-12-17,Delinquency Notice - 30 Days,2665.07,Critical
CE00295,LN002728,CUST003469,2024-10-22,Default / Write-off Review,1686.98,Moderate
CE00296,LN002735,CUST003478,2024-09-13,Delinquency Notice - 30 Days,9748.08,Low
CE00297,LN002738,CUST003480,2024-06-28,Default / Write-off Review,8795.45,Moderate
CE00298,LN002757,CUST003507,2024-07-01,Delinquency Notice - 30 Days,412.11,Moderate
CE00299,LN002765,CUST003522,2024-07-31,Delinquency Notice - 60 Days,1094.87,High
CE00300,LN002773,CUST003539,2024-08-18,Delinquency Notice - 60 Days,9430.64,Low
CE00301,LN002789,CUST003557,2024-09-14,Delinquency Notice - 30 Days,3543.8,Elevated
CE00302,LN002807,CUST003583,2024-09-15,Delinquency Notice - 60 Days,772.78,Low
CE00303,LN002808,CUST003584,2024-11-04,Delinquency Notice - 60 Days,586.41,High
CE00304,LN002831,CUST003618,2024-09-01,Delinquency Notice - 30 Days,2192.68,High
CE00305,LN002838,CUST003624,2024-09-04,Delinquency Notice - 60 Days,8871.61,Elevated
CE00306,LN002845,CUST003630,2024-11-13,Delinquency Notice - 30 Days,2899.3,Critical
CE00307,LN002863,CUST003646,2024-08-01,Delinquency Notice - 30 Days,1071.92,Low
CE00308,LN002871,CUST003656,2024-10-28,Delinquency Notice - 30 Days,1869.2,Moderate
CE00309,LN002877,CUST003662,2024-11-13,Delinquency Notice - 30 Days,4324.28,Moderate
CE00310,LN002890,CUST003680,2024-10-12,Delinquency Notice - 30 Days,185.19,Elevated
CE00311,LN002893,CUST003681,2024-10-24,Delinquency Notice - 30 Days,1196.41,Elevated
CE00312,LN002916,CUST003702,2024-12-19,Delinquency Notice - 30 Days,5154.64,Low
CE00313,LN002917,CUST003703,2024-09-15,Delinquency Notice - 30 Days,631.99,High
CE00314,LN002926,CUST003711,2024-09-10,Delinquency Notice - 30 Days,2681.54,Elevated
CE00315,LN002929,CUST003714,2024-09-07,Delinquency Notice - 30 Days,2596.77,High
CE00316,LN002931,CUST003719,2024-08-27,Default / Write-off Review,3211.65,Elevated
CE00317,LN002932,CUST003721,2024-08-03,Delinquency Notice - 30 Days,3017.63,Moderate
CE00318,LN002933,CUST003724,2024-11-14,Delinquency Notice - 30 Days,551.04,Low
CE00319,LN002944,CUST003733,2024-11-20,Delinquency Notice - 60 Days,10106.9,Elevated
CE00320,LN002946,CUST003734,2024-12-14,Delinquency Notice - 30 Days,67223.75,Moderate
CE00321,LN002950,CUST003738,2024-09-16,Delinquency Notice - 30 Days,9326.29,Moderate
CE00322,LN002972,CUST003768,2024-08-10,Delinquency Notice - 30 Days,7793.59,Moderate
CE00323,LN002973,CUST003768,2024-10-11,Default / Write-off Review,1692.64,Moderate
CE00324,LN002978,CUST003772,2024-10-22,Delinquency Notice - 30 Days,12483.29,High
CE00325,LN002981,CUST003775,2024-06-23,Delinquency Notice - 30 Days,1757.76,Critical
CE00326,LN003002,CUST003804,2024-07-01,Delinquency Notice - 60 Days,1914.97,Low
CE00327,LN003027,CUST003837,2024-11-05,Delinquency Notice - 30 Days,9904.32,Elevated
CE00328,LN003030,CUST003844,2024-06-24,Delinquency Notice - 30 Days,3277.2,Critical
CE00329,LN003039,CUST003856,2024-09-03,Delinquency Notice - 30 Days,2275.99,High
CE00330,LN003049,CUST003867,2024-08-18,Delinquency Notice - 30 Days,5979.88,Low
CE00331,LN003068,CUST003888,2024-08-31,Default / Write-off Review,8836.45,Elevated
CE00332,LN003073,CUST003893,2024-08-20,Default / Write-off Review,29335.74,Moderate
CE00333,LN003077,CUST003897,2024-07-01,Delinquency Notice - 60 Days,3287.39,High
CE00334,LN003091,CUST003914,2024-07-23,Delinquency Notice - 30 Days,680.4,Low
CE00335,LN003100,CUST003931,2024-06-10,Delinquency Notice - 30 Days,14730.88,High
CE00336,LN003102,CUST003933,2024-08-14,Delinquency Notice - 30 Days,1910.0,Elevated
CE00337,LN003121,CUST003959,2024-10-07,Delinquency Notice - 30 Days,12958.89,Low
CE00338,LN003123,CUST003960,2024-08-20,Default / Write-off Review,1144.48,High
CE00339,LN003126,CUST003966,2024-11-27,Delinquency Notice - 30 Days,564.66,Low
CE00340,LN003132,CUST003972,2024-12-16,Default / Write-off Review,18071.67,Low
CE00341,LN003134,CUST003973,2024-10-30,Default / Write-off Review,1087.98,Critical
CE00342,LN003136,CUST003973,2024-10-30,Delinquency Notice - 60 Days,2915.1,Critical
CE00343,LN003147,CUST003986,2024-09-01,Delinquency Notice - 30 Days,35347.81,Elevated
CE00344,LN003153,CUST003994,2024-12-16,Delinquency Notice - 60 Days,40220.96,Elevated
CE00345,LN003167,CUST004007,2024-07-08,Delinquency Notice - 60 Days,494.75,Low
CE00346,LN003168,CUST004010,2024-07-01,Delinquency Notice - 60 Days,1846.28,Elevated
CE00347,LN003191,CUST004042,2024-06-22,Delinquency Notice - 30 Days,2065.9,Moderate
CE00348,LN003201,CUST004055,2024-11-07,Delinquency Notice - 30 Days,3388.27,Moderate
CE00349,LN003203,CUST004059,2024-09-02,Delinquency Notice - 30 Days,24180.96,Moderate
CE00350,LN003207,CUST004066,2024-07-25,Delinquency Notice - 30 Days,23764.72,Moderate
CE00351,LN003210,CUST004068,2024-07-13,Delinquency Notice - 30 Days,3132.27,Elevated
CE00352,LN003217,CUST004076,2024-11-09,Delinquency Notice - 30 Days,12743.48,Elevated
CE00353,LN003220,CUST004081,2024-10-24,Default / Write-off Review,3268.89,Moderate
CE00354,LN003229,CUST004088,2024-08-03,Default / Write-off Review,9062.66,Moderate
CE00355,LN003244,CUST004106,2024-12-05,Delinquency Notice - 30 Days,8968.62,Moderate
CE00356,LN003253,CUST004119,2024-06-23,Delinquency Notice - 60 Days,3995.7,Moderate
CE00357,LN003255,CUST004122,2024-07-23,Delinquency Notice - 60 Days,6043.29,Moderate
CE00358,LN003270,CUST004143,2024-06-18,Delinquency Notice - 30 Days,3419.96,Elevated
CE00359,LN003275,CUST004146,2024-08-24,Delinquency Notice - 30 Days,5230.26,Moderate
CE00360,LN003279,CUST004152,2024-12-22,Delinquency Notice - 30 Days,1730.35,Critical
CE00361,LN003326,CUST004211,2024-06-17,Delinquency Notice - 60 Days,9269.25,Elevated
CE00362,LN003337,CUST004226,2024-08-26,Delinquency Notice - 30 Days,856.13,Moderate
CE00363,LN003345,CUST004240,2024-12-22,Delinquency Notice - 30 Days,1032.52,Elevated
CE00364,LN003369,CUST004262,2024-09-18,Delinquency Notice - 60 Days,18403.14,Moderate
CE00365,LN003372,CUST004265,2024-06-07,Delinquency Notice - 30 Days,11787.72,Elevated
CE00366,LN003374,CUST004268,2024-08-21,Delinquency Notice - 30 Days,5267.39,High
CE00367,LN003385,CUST004287,2024-08-17,Default / Write-off Review,7189.13,Elevated
CE00368,LN003390,CUST004291,2024-10-21,Delinquency Notice - 60 Days,7443.52,High
CE00369,LN003395,CUST004295,2024-07-05,Default / Write-off Review,7006.56,High
CE00370,LN003405,CUST004308,2024-11-02,Delinquency Notice - 60 Days,5713.89,Critical
CE00371,LN003407,CUST004309,2024-09-19,Delinquency Notice - 30 Days,1136.98,Low
CE00372,LN003411,CUST004313,2024-09-16,Delinquency Notice - 60 Days,720.2,Critical
CE00373,LN003422,CUST004326,2024-09-05,Delinquency Notice - 60 Days,22236.18,Low
CE00374,LN003424,CUST004332,2024-09-28,Delinquency Notice - 30 Days,2736.02,High
CE00375,LN003426,CUST004336,2024-07-25,Delinquency Notice - 30 Days,1359.47,Moderate
CE00376,LN003440,CUST004352,2024-10-27,Delinquency Notice - 30 Days,1129.85,High
CE00377,LN003458,CUST004373,2024-08-03,Default / Write-off Review,3855.21,Low
CE00378,LN003488,CUST004411,2024-11-28,Delinquency Notice - 30 Days,271.88,Low
CE00379,LN003512,CUST004441,2024-12-09,Delinquency Notice - 30 Days,24373.47,Moderate
CE00380,LN003524,CUST004464,2024-07-11,Delinquency Notice - 30 Days,6287.36,Critical
CE00381,LN003543,CUST004487,2024-09-17,Delinquency Notice - 30 Days,6619.81,Moderate
CE00382,LN003547,CUST004493,2024-09-11,Default / Write-off Review,10933.3,Elevated
CE00383,LN003552,CUST004499,2024-07-20,Default / Write-off Review,6029.58,Elevated
CE00384,LN003555,CUST004502,2024-12-27,Delinquency Notice - 30 Days,25522.7,High
CE00385,LN003557,CUST004504,2024-12-15,Delinquency Notice - 30 Days,4684.72,Low
CE00386,LN003576,CUST004525,2024-12-03,Default / Write-off Review,6180.77,Moderate
CE00387,LN003577,CUST004525,2024-08-07,Delinquency Notice - 60 Days,1178.8,Moderate
CE00388,LN003584,CUST004541,2024-10-28,Delinquency Notice - 30 Days,11095.22,Moderate
CE00389,LN003589,CUST004548,2024-12-12,Delinquency Notice - 60 Days,32086.37,Moderate
CE00390,LN003590,CUST004549,2024-06-09,Default / Write-off Review,2584.67,Moderate
CE00391,LN003619,CUST004581,2024-10-04,Delinquency Notice - 60 Days,4886.89,High
CE00392,LN003622,CUST004586,2024-11-09,Delinquency Notice - 60 Days,1845.81,Low
CE00393,LN003630,CUST004593,2024-08-18,Delinquency Notice - 30 Days,11455.08,Moderate
CE00394,LN003658,CUST004633,2024-10-10,Delinquency Notice - 30 Days,18436.22,Elevated
CE00395,LN003669,CUST004647,2024-11-06,Delinquency Notice - 30 Days,2240.15,High
CE00396,LN003670,CUST004650,2024-08-04,Delinquency Notice - 60 Days,3674.86,Elevated
CE00397,LN003686,CUST004669,2024-12-21,Delinquency Notice - 30 Days,3816.58,Moderate
CE00398,LN003690,CUST004673,2024-08-11,Default / Write-off Review,4363.44,Moderate
CE00399,LN003695,CUST004676,2024-08-17,Delinquency Notice - 60 Days,4570.09,Moderate
CE00400,LN003703,CUST004683,2024-06-25,Delinquency Notice - 60 Days,4984.17,Low
CE00401,LN003709,CUST004689,2024-09-15,Delinquency Notice - 60 Days,293.04,Critical
CE00402,LN003710,CUST004691,2024-06-02,Default / Write-off Review,5694.96,Low
CE00403,LN003711,CUST004692,2024-07-02,Default / Write-off Review,3829.64,Critical
CE00404,LN003714,CUST004696,2024-06-21,Default / Write-off Review,4438.98,Low
CE00405,LN003734,CUST004714,2024-08-14,Delinquency Notice - 30 Days,4987.4,Elevated
CE00406,LN003742,CUST004723,2024-07-08,Delinquency Notice - 30 Days,250.68,Critical
CE00407,LN003743,CUST004725,2024-11-25,Delinquency Notice - 60 Days,1511.28,Critical
CE00408,LN003759,CUST004744,2024-10-06,Delinquency Notice - 30 Days,760.78,Moderate
CE00409,LN003760,CUST004746,2024-07-19,Delinquency Notice - 30 Days,12045.89,Elevated
CE00410,LN003762,CUST004746,2024-06-24,Default / Write-off Review,5515.21,Elevated
CE00411,LN003765,CUST004749,2024-10-24,Delinquency Notice - 30 Days,501.86,Moderate
CE00412,LN003777,CUST004773,2024-12-23,Delinquency Notice - 60 Days,15931.67,Elevated
CE00413,LN003784,CUST004782,2024-10-27,Delinquency Notice - 60 Days,8124.04,Elevated
CE00414,LN003787,CUST004786,2024-12-25,Delinquency Notice - 60 Days,438.98,Low
CE00415,LN003801,CUST004799,2024-11-17,Delinquency Notice - 60 Days,11717.85,Low
CE00416,LN003818,CUST004820,2024-12-21,Delinquency Notice - 30 Days,6362.05,Low
CE00417,LN003836,CUST004847,2024-12-01,Delinquency Notice - 60 Days,24671.1,Moderate
CE00418,LN003838,CUST004854,2024-09-12,Delinquency Notice - 60 Days,19888.94,Moderate
CE00419,LN003840,CUST004855,2024-10-09,Delinquency Notice - 30 Days,3089.29,Critical
CE00420,LN003845,CUST004859,2024-10-03,Default / Write-off Review,21309.62,Low
CE00421,LN003854,CUST004871,2024-07-06,Default / Write-off Review,2538.43,High
CE00422,LN003861,CUST004876,2024-10-22,Delinquency Notice - 30 Days,8850.58,Moderate
CE00423,LN003862,CUST004876,2024-09-19,Delinquency Notice - 30 Days,1294.98,Moderate
CE00424,LN003877,CUST004901,2024-09-07,Delinquency Notice - 60 Days,4372.93,Moderate
CE00425,LN003888,CUST004913,2024-08-02,Delinquency Notice - 30 Days,1807.97,Moderate
CE00426,LN003889,CUST004914,2024-09-30,Default / Write-off Review,25227.86,Moderate
CE00427,LN003892,CUST004917,2024-12-08,Default / Write-off Review,4363.46,Low
CE00428,LN003894,CUST004919,2024-11-28,Delinquency Notice - 60 Days,7133.97,Low
CE00429,LN003898,CUST004923,2024-10-25,Default / Write-off Review,8056.02,Elevated
CE00430,LN003903,CUST004931,2024-10-24,Delinquency Notice - 60 Days,1320.09,Low
CE00431,LN003919,CUST004950,2024-07-29,Delinquency Notice - 60 Days,4528.29,Elevated
CE00432,LN003933,CUST004976,2024-11-02,Default / Write-off Review,4508.17,Low
CE00433,LN003939,CUST004983,2024-11-12,Delinquency Notice - 30 Days,6713.06,Elevated
CE00434,LN003956,CUST005013,2024-11-27,Delinquency Notice - 30 Days,3566.81,Elevated
CE00435,LN003959,CUST005020,2024-11-17,Delinquency Notice - 30 Days,1149.48,High
CE00436,LN003972,CUST005035,2024-10-17,Delinquency Notice - 30 Days,3185.53,Critical
CE00437,LN003976,CUST005046,2024-09-01,Delinquency Notice - 30 Days,1813.85,Moderate
CE00438,LN003978,CUST005048,2024-06-20,Delinquency Notice - 30 Days,703.8,High
CE00439,LN003983,CUST005053,2024-06-29,Delinquency Notice - 60 Days,12641.23,High
CE00440,LN003991,CUST005058,2024-11-04,Default / Write-off Review,3105.79,High
CE00441,LN004013,CUST005084,2024-09-25,Delinquency Notice - 60 Days,5256.91,Elevated
CE00442,LN004014,CUST005085,2024-08-08,Delinquency Notice - 60 Days,2418.58,Low
CE00443,LN004019,CUST005087,2024-12-26,Delinquency Notice - 60 Days,8265.96,Low
CE00444,LN004027,CUST005096,2024-07-04,Delinquency Notice - 30 Days,7961.73,Moderate
CE00445,LN004039,CUST005121,2024-10-01,Delinquency Notice - 30 Days,2366.86,High
CE00446,LN004040,CUST005121,2024-10-19,Delinquency Notice - 30 Days,589.98,High
CE00447,LN004046,CUST005125,2024-08-26,Default / Write-off Review,780.44,Moderate
CE00448,LN004069,CUST005155,2024-09-14,Delinquency Notice - 30 Days,4030.0,Low
CE00449,LN004073,CUST005157,2024-10-25,Delinquency Notice - 60 Days,7336.05,Moderate
CE00450,LN004076,CUST005161,2024-06-15,Default / Write-off Review,2878.49,Elevated
CE00451,LN004077,CUST005161,2024-07-08,Default / Write-off Review,2185.38,Elevated
CE00452,LN004082,CUST005166,2024-07-09,Default / Write-off Review,13443.37,Moderate
CE00453,LN004084,CUST005167,2024-08-17,Delinquency Notice - 60 Days,10505.38,Moderate
CE00454,LN004116,CUST005197,2024-11-04,Delinquency Notice - 60 Days,9204.09,Moderate
CE00455,LN004117,CUST005199,2024-08-22,Delinquency Notice - 30 Days,786.04,Low
CE00456,LN004120,CUST005202,2024-07-11,Delinquency Notice - 60 Days,16673.77,Critical
CE00457,LN004122,CUST005205,2024-06-24,Default / Write-off Review,2774.42,Moderate
CE00458,LN004125,CUST005208,2024-06-06,Default / Write-off Review,6700.55,Low
CE00459,LN004132,CUST005222,2024-08-08,Delinquency Notice - 30 Days,451.86,Elevated
CE00460,LN004150,CUST005247,2024-07-06,Default / Write-off Review,1089.89,Low
CE00461,LN004155,CUST005253,2024-11-25,Default / Write-off Review,555.72,Moderate
CE00462,LN004158,CUST005254,2024-12-09,Delinquency Notice - 30 Days,6887.18,Elevated
CE00463,LN004164,CUST005264,2024-09-12,Delinquency Notice - 30 Days,5115.43,Critical
CE00464,LN004166,CUST005266,2024-06-14,Default / Write-off Review,6366.53,Elevated
CE00465,LN004197,CUST005304,2024-11-02,Default / Write-off Review,2210.85,Critical
CE00466,LN004227,CUST005330,2024-06-01,Delinquency Notice - 60 Days,296.46,Low
CE00467,LN004233,CUST005338,2024-08-01,Default / Write-off Review,4942.63,Moderate
CE00468,LN004234,CUST005338,2024-11-20,Delinquency Notice - 60 Days,1648.41,Moderate
CE00469,LN004238,CUST005344,2024-09-18,Delinquency Notice - 60 Days,693.42,Elevated
CE00470,LN004244,CUST005353,2024-06-30,Delinquency Notice - 30 Days,5560.15,Low
CE00471,LN004255,CUST005361,2024-08-22,Delinquency Notice - 30 Days,3212.2,Moderate
CE00472,LN004258,CUST005369,2024-06-20,Delinquency Notice - 60 Days,360.31,Moderate
CE00473,LN004267,CUST005383,2024-07-08,Delinquency Notice - 60 Days,2349.56,Low
CE00474,LN004284,CUST005400,2024-06-16,Delinquency Notice - 60 Days,16501.71,Elevated
CE00475,LN004286,CUST005402,2024-06-20,Delinquency Notice - 30 Days,8346.5,Critical
CE00476,LN004292,CUST005412,2024-12-25,Delinquency Notice - 30 Days,307.08,Elevated
CE00477,LN004293,CUST005414,2024-11-20,Delinquency Notice - 60 Days,20248.68,High
CE00478,LN004312,CUST005437,2024-11-20,Delinquency Notice - 30 Days,8307.92,Moderate
CE00479,LN004314,CUST005440,2024-10-12,Delinquency Notice - 30 Days,53607.53,Moderate
CE00480,LN004328,CUST005469,2024-12-26,Delinquency Notice - 30 Days,6043.97,Low
CE00481,LN004337,CUST005479,2024-11-16,Default / Write-off Review,762.43,Moderate
CE00482,LN004346,CUST005487,2024-08-09,Delinquency Notice - 30 Days,3726.59,Critical
CE00483,LN004358,CUST005504,2024-08-26,Default / Write-off Review,16811.29,Moderate
CE00484,LN004370,CUST005517,2024-08-15,Delinquency Notice - 60 Days,772.79,Low
CE00485,LN004373,CUST005520,2024-12-06,Delinquency Notice - 30 Days,5865.12,Moderate
CE00486,LN004380,CUST005527,2024-09-14,Delinquency Notice - 30 Days,737.69,Elevated
CE00487,LN004390,CUST005539,2024-06-19,Delinquency Notice - 30 Days,7024.24,Elevated
CE00488,LN004391,CUST005540,2024-11-26,Delinquency Notice - 30 Days,261.11,Elevated
CE00489,LN004405,CUST005557,2024-12-14,Delinquency Notice - 60 Days,3842.1,Elevated
CE00490,LN004407,CUST005561,2024-06-02,Delinquency Notice - 30 Days,3583.6,Moderate
CE00491,LN004413,CUST005567,2024-06-12,Delinquency Notice - 60 Days,11959.32,Elevated
CE00492,LN004417,CUST005571,2024-10-26,Delinquency Notice - 30 Days,1983.83,Elevated
CE00493,LN004420,CUST005578,2024-08-15,Delinquency Notice - 30 Days,855.8,Elevated
CE00494,LN004424,CUST005581,2024-06-14,Default / Write-off Review,7355.39,Low
CE00495,LN004428,CUST005586,2024-11-28,Default / Write-off Review,741.72,High
CE00496,LN004433,CUST005589,2024-08-04,Delinquency Notice - 30 Days,1462.89,Moderate
CE00497,LN004442,CUST005599,2024-07-12,Delinquency Notice - 60 Days,1774.26,Critical
CE00498,LN004448,CUST005610,2024-06-29,Default / Write-off Review,4083.38,Low
CE00499,LN004463,CUST005634,2024-09-19,Delinquency Notice - 60 Days,558.82,Moderate
CE00500,LN004475,CUST005649,2024-10-10,Delinquency Notice - 30 Days,890.47,Moderate
CE00501,LN004484,CUST005656,2024-07-05,Delinquency Notice - 30 Days,1163.98,Low
CE00502,LN004505,CUST005686,2024-09-21,Default / Write-off Review,1431.22,Elevated
CE00503,LN004506,CUST005687,2024-06-13,Delinquency Notice - 60 Days,3982.46,High
CE00504,LN004545,CUST005739,2024-07-13,Delinquency Notice - 60 Days,2257.14,Elevated
CE00505,LN004557,CUST005752,2024-07-22,Delinquency Notice - 30 Days,9851.42,Elevated
CE00506,LN004564,CUST005762,2024-10-13,Delinquency Notice - 60 Days,13834.17,Moderate
CE00507,LN004577,CUST005775,2024-09-29,Delinquency Notice - 30 Days,4801.77,Critical
CE00508,LN004578,CUST005775,2024-08-29,Delinquency Notice - 30 Days,24059.09,Critical
CE00509,LN004615,CUST005811,2024-08-01,Default / Write-off Review,12631.01,High
CE00510,LN004625,CUST005828,2024-12-07,Delinquency Notice - 30 Days,1481.57,Low
CE00511,LN004635,CUST005843,2024-12-11,Delinquency Notice - 60 Days,349.18,Low
CE00512,LN004637,CUST005849,2024-12-07,Default / Write-off Review,4602.75,Low
CE00513,LN004668,CUST005906,2024-07-29,Delinquency Notice - 30 Days,3752.13,Low
CE00514,LN004674,CUST005911,2024-11-20,Delinquency Notice - 30 Days,3192.09,Low
CE00515,LN004680,CUST005922,2024-12-22,Delinquency Notice - 60 Days,6579.69,Moderate
CE00516,LN004684,CUST005931,2024-11-18,Default / Write-off Review,276.3,Critical
CE00517,LN004705,CUST005948,2024-06-27,Delinquency Notice - 30 Days,4689.78,Low
CE00518,LN004712,CUST005963,2024-11-29,Delinquency Notice - 30 Days,8905.11,Moderate
CE00519,LN004723,CUST005981,2024-10-27,Delinquency Notice - 30 Days,36536.34,Moderate
CE00520,LN004743,CUST006004,2024-10-11,Delinquency Notice - 60 Days,4816.6,Moderate
CE00521,LN004745,CUST006007,2024-06-13,Default / Write-off Review,1011.34,Low
CE00522,LN004752,CUST006017,2024-09-19,Default / Write-off Review,7001.74,Low
CE00523,LN004755,CUST006022,2024-12-02,Delinquency Notice - 60 Days,11432.53,Low
CE00524,LN004759,CUST006031,2024-11-16,Delinquency Notice - 30 Days,9675.87,Elevated
CE00525,LN004762,CUST006031,2024-10-14,Default / Write-off Review,36057.46,Elevated
CE00526,LN004764,CUST006032,2024-11-19,Default / Write-off Review,1350.62,Elevated
CE00527,LN004767,CUST006035,2024-10-14,Delinquency Notice - 30 Days,7450.54,Moderate
CE00528,LN004790,CUST006061,2024-09-15,Delinquency Notice - 30 Days,6013.49,Low
CE00529,LN004830,CUST006107,2024-07-15,Delinquency Notice - 60 Days,2894.5,Elevated
CE00530,LN004837,CUST006113,2024-06-04,Delinquency Notice - 60 Days,6414.44,Elevated
CE00531,LN004850,CUST006128,2024-09-16,Default / Write-off Review,4767.95,Moderate
CE00532,LN004857,CUST006139,2024-12-09,Delinquency Notice - 30 Days,2234.06,Moderate
CE00533,LN004862,CUST006146,2024-11-08,Default / Write-off Review,496.34,High
CE00534,LN004865,CUST006149,2024-06-10,Delinquency Notice - 30 Days,9691.62,Moderate
CE00535,LN004867,CUST006155,2024-11-22,Delinquency Notice - 30 Days,1325.54,Elevated
CE00536,LN004883,CUST006171,2024-08-03,Delinquency Notice - 30 Days,38073.04,Elevated
CE00537,LN004891,CUST006179,2024-08-27,Delinquency Notice - 30 Days,2328.03,Critical
CE00538,LN004892,CUST006180,2024-09-09,Delinquency Notice - 30 Days,4609.69,Low
CE00539,LN004893,CUST006181,2024-07-15,Delinquency Notice - 30 Days,608.11,Moderate
CE00540,LN004908,CUST006198,2024-06-01,Delinquency Notice - 30 Days,4310.18,Moderate
CE00541,LN004912,CUST006210,2024-09-08,Delinquency Notice - 30 Days,343.08,Elevated
CE00542,LN004928,CUST006232,2024-07-23,Delinquency Notice - 60 Days,5667.35,Elevated
CE00543,LN004932,CUST006236,2024-06-23,Delinquency Notice - 30 Days,10820.2,Elevated
CE00544,LN004933,CUST006242,2024-07-26,Default / Write-off Review,1201.19,Critical
CE00545,LN004940,CUST006251,2024-12-06,Delinquency Notice - 30 Days,464.73,Elevated
CE00546,LN004942,CUST006253,2024-07-19,Default / Write-off Review,46043.62,Moderate
CE00547,LN004954,CUST006271,2024-09-20,Delinquency Notice - 30 Days,3181.03,Moderate
CE00548,LN004956,CUST006273,2024-08-05,Delinquency Notice - 30 Days,1526.97,Elevated
CE00549,LN004972,CUST006290,2024-06-26,Delinquency Notice - 30 Days,2279.22,High
CE00550,LN005016,CUST006346,2024-09-01,Default / Write-off Review,1314.01,High
CE00551,LN005023,CUST006353,2024-08-18,Delinquency Notice - 60 Days,737.18,Low
CE00552,LN005068,CUST006418,2024-06-21,Delinquency Notice - 60 Days,4892.6,Elevated
CE00553,LN005077,CUST006431,2024-10-11,Delinquency Notice - 60 Days,159.44,Critical
CE00554,LN005079,CUST006433,2024-12-18,Delinquency Notice - 30 Days,37051.23,High
CE00555,LN005083,CUST006444,2024-08-21,Default / Write-off Review,1220.26,Low
CE00556,LN005085,CUST006445,2024-06-27,Delinquency Notice - 30 Days,2667.81,Moderate
CE00557,LN005102,CUST006472,2024-09-09,Default / Write-off Review,6103.1,Moderate
CE00558,LN005103,CUST006473,2024-10-28,Delinquency Notice - 30 Days,16312.12,High
CE00559,LN005110,CUST006481,2024-08-23,Delinquency Notice - 30 Days,13809.68,Elevated
CE00560,LN005117,CUST006487,2024-12-12,Delinquency Notice - 30 Days,3504.67,Moderate
CE00561,LN005119,CUST006491,2024-12-15,Delinquency Notice - 60 Days,21416.4,High
CE00562,LN005122,CUST006495,2024-12-06,Default / Write-off Review,5523.95,Low
CE00563,LN005132,CUST006502,2024-06-12,Default / Write-off Review,52696.36,High
CE00564,LN005134,CUST006504,2024-08-18,Default / Write-off Review,1779.8,Moderate
CE00565,LN005142,CUST006512,2024-10-06,Default / Write-off Review,2901.28,Elevated
CE00566,LN005147,CUST006515,2024-06-13,Delinquency Notice - 30 Days,1031.63,Elevated
CE00567,LN005168,CUST006548,2024-06-04,Delinquency Notice - 30 Days,5864.0,Low
CE00568,LN005178,CUST006554,2024-09-23,Delinquency Notice - 30 Days,500.08,Low
CE00569,LN005190,CUST006570,2024-06-03,Delinquency Notice - 60 Days,2682.64,Low
CE00570,LN005197,CUST006578,2024-11-03,Delinquency Notice - 30 Days,2481.4,Moderate
CE00571,LN005205,CUST006592,2024-06-29,Delinquency Notice - 30 Days,2096.73,Critical
CE00572,LN005206,CUST006592,2024-11-22,Default / Write-off Review,1028.72,Critical
CE00573,LN005213,CUST006602,2024-07-09,Delinquency Notice - 30 Days,849.92,Critical
CE00574,LN005234,CUST006633,2024-07-10,Delinquency Notice - 30 Days,8539.86,Elevated
CE00575,LN005244,CUST006643,2024-08-11,Delinquency Notice - 60 Days,2082.15,Elevated
CE00576,LN005245,CUST006644,2024-11-08,Delinquency Notice - 30 Days,1714.94,High
CE00577,LN005247,CUST006646,2024-07-25,Delinquency Notice - 60 Days,10452.52,Moderate
CE00578,LN005255,CUST006649,2024-09-02,Default / Write-off Review,4094.61,Elevated
CE00579,LN005258,CUST006653,2024-11-29,Delinquency Notice - 30 Days,575.09,Elevated
CE00580,LN005270,CUST006670,2024-07-19,Delinquency Notice - 30 Days,10088.58,Elevated
CE00581,LN005274,CUST006672,2024-12-09,Delinquency Notice - 30 Days,18013.65,Low
CE00582,LN005277,CUST006677,2024-10-31,Delinquency Notice - 30 Days,1765.99,Elevated
CE00583,LN005290,CUST006696,2024-11-25,Default / Write-off Review,1348.79,Moderate
CE00584,LN005291,CUST006697,2024-10-05,Delinquency Notice - 60 Days,20092.61,Moderate
CE00585,LN005302,CUST006712,2024-08-29,Delinquency Notice - 30 Days,10067.15,Low
CE00586,LN005304,CUST006713,2024-08-20,Delinquency Notice - 30 Days,6100.69,Elevated
CE00587,LN005311,CUST006720,2024-08-05,Delinquency Notice - 30 Days,2291.14,Low
CE00588,LN005313,CUST006723,2024-06-05,Delinquency Notice - 60 Days,2425.88,Elevated
CE00589,LN005314,CUST006729,2024-10-10,Delinquency Notice - 30 Days,3038.46,Low
CE00590,LN005320,CUST006739,2024-07-18,Delinquency Notice - 60 Days,469.64,Moderate
CE00591,LN005325,CUST006746,2024-11-26,Delinquency Notice - 30 Days,1672.69,Low
CE00592,LN005335,CUST006757,2024-12-11,Delinquency Notice - 30 Days,1751.92,Moderate
CE00593,LN005340,CUST006761,2024-07-24,Delinquency Notice - 30 Days,527.37,Elevated
CE00594,LN005343,CUST006764,2024-08-02,Delinquency Notice - 60 Days,3630.73,Elevated
CE00595,LN005349,CUST006779,2024-11-25,Delinquency Notice - 30 Days,12956.14,High
CE00596,LN005359,CUST006788,2024-11-04,Delinquency Notice - 30 Days,946.55,Low
CE00597,LN005369,CUST006798,2024-06-08,Delinquency Notice - 60 Days,3333.39,Moderate
CE00598,LN005371,CUST006802,2024-10-30,Delinquency Notice - 60 Days,1382.2,Low
CE00599,LN005376,CUST006809,2024-10-19,Delinquency Notice - 30 Days,1111.03,Low
CE00600,LN005392,CUST006828,2024-12-07,Delinquency Notice - 30 Days,19140.06,Low
CE00601,LN005400,CUST006838,2024-11-30,Delinquency Notice - 30 Days,1152.43,Elevated
CE00602,LN005414,CUST006855,2024-10-18,Delinquency Notice - 60 Days,8066.33,Moderate
CE00603,LN005420,CUST006862,2024-11-10,Delinquency Notice - 60 Days,10212.75,Moderate
CE00604,LN005422,CUST006866,2024-08-13,Delinquency Notice - 30 Days,5303.86,Moderate
CE00605,LN005465,CUST006935,2024-08-08,Default / Write-off Review,15234.4,Elevated
CE00606,LN005467,CUST006942,2024-07-18,Default / Write-off Review,1523.05,Critical
CE00607,LN005474,CUST006956,2024-07-03,Delinquency Notice - 60 Days,3026.65,Elevated
CE00608,LN005483,CUST006964,2024-07-10,Delinquency Notice - 30 Days,878.13,Low
CE00609,LN005490,CUST006977,2024-11-12,Delinquency Notice - 30 Days,3523.8,Moderate
CE00610,LN005494,CUST006988,2024-11-26,Delinquency Notice - 60 Days,2214.97,Critical
CE00611,LN005497,CUST006992,2024-06-08,Delinquency Notice - 30 Days,15875.24,Elevated
CE00612,LN005503,CUST006998,2024-10-06,Delinquency Notice - 30 Days,81385.36,Low
CE00613,LN005519,CUST007017,2024-11-21,Delinquency Notice - 30 Days,4447.16,Elevated
CE00614,LN005520,CUST007019,2024-06-05,Default / Write-off Review,5625.81,Moderate
CE00615,LN005523,CUST007022,2024-09-11,Default / Write-off Review,13579.2,Moderate
CE00616,LN005536,CUST007038,2024-07-21,Delinquency Notice - 30 Days,17391.64,High
CE00617,LN005541,CUST007041,2024-11-29,Default / Write-off Review,5380.88,High
CE00618,LN005554,CUST007062,2024-06-23,Delinquency Notice - 30 Days,11548.28,Moderate
CE00619,LN005557,CUST007063,2024-12-11,Delinquency Notice - 30 Days,3186.18,Elevated
CE00620,LN005563,CUST007071,2024-10-27,Default / Write-off Review,2736.05,Critical
CE00621,LN005573,CUST007088,2024-09-20,Default / Write-off Review,1848.27,Elevated
CE00622,LN005575,CUST007091,2024-11-09,Delinquency Notice - 60 Days,3358.18,Low
CE00623,LN005603,CUST007120,2024-09-16,Default / Write-off Review,1981.71,Moderate
CE00624,LN005613,CUST007142,2024-12-12,Default / Write-off Review,1321.41,High
CE00625,LN005642,CUST007169,2024-09-28,Delinquency Notice - 30 Days,2868.05,Elevated
CE00626,LN005644,CUST007173,2024-08-25,Delinquency Notice - 30 Days,462.4,High
CE00627,LN005656,CUST007192,2024-08-08,Delinquency Notice - 30 Days,23178.77,Elevated
CE00628,LN005658,CUST007196,2024-06-15,Default / Write-off Review,266.47,Moderate
CE00629,LN005660,CUST007199,2024-07-08,Default / Write-off Review,176259.5,Low
CE00630,LN005664,CUST007203,2024-12-09,Delinquency Notice - 60 Days,2399.27,Moderate
CE00631,LN005673,CUST007217,2024-06-20,Delinquency Notice - 60 Days,1141.26,Elevated
CE00632,LN005685,CUST007232,2024-06-13,Default / Write-off Review,5336.38,High
CE00633,LN005688,CUST007237,2024-12-01,Delinquency Notice - 30 Days,2329.56,Low
CE00634,LN005718,CUST007271,2024-06-05,Delinquency Notice - 30 Days,10062.59,Low
CE00635,LN005722,CUST007275,2024-12-21,Delinquency Notice - 60 Days,1612.93,Moderate
CE00636,LN005734,CUST007298,2024-08-13,Delinquency Notice - 30 Days,1240.71,High
CE00637,LN005759,CUST007330,2024-08-02,Default / Write-off Review,1087.89,Moderate
CE00638,LN005761,CUST007332,2024-12-10,Delinquency Notice - 30 Days,16338.67,High
CE00639,LN005764,CUST007334,2024-11-15,Delinquency Notice - 60 Days,2684.32,Critical
CE00640,LN005774,CUST007359,2024-09-09,Delinquency Notice - 60 Days,8618.78,Low
CE00641,LN005778,CUST007369,2024-10-15,Default / Write-off Review,716.15,Low
CE00642,LN005781,CUST007377,2024-10-13,Delinquency Notice - 60 Days,6236.46,Elevated
CE00643,LN005788,CUST007384,2024-10-08,Default / Write-off Review,1174.95,Low
CE00644,LN005793,CUST007388,2024-12-05,Delinquency Notice - 30 Days,2959.64,Moderate
CE00645,LN005806,CUST007407,2024-10-18,Delinquency Notice - 60 Days,3495.14,Critical
CE00646,LN005810,CUST007409,2024-06-11,Delinquency Notice - 30 Days,3848.43,Elevated
CE00647,LN005817,CUST007420,2024-12-12,Delinquency Notice - 30 Days,3150.89,Elevated
CE00648,LN005833,CUST007447,2024-10-22,Delinquency Notice - 30 Days,948.88,Low
CE00649,LN005851,CUST007479,2024-11-13,Default / Write-off Review,1219.66,Low
CE00650,LN005852,CUST007480,2024-12-18,Delinquency Notice - 30 Days,13363.67,Low
CE00651,LN005862,CUST007491,2024-10-09,Delinquency Notice - 60 Days,13912.74,Low
CE00652,LN005867,CUST007494,2024-10-28,Delinquency Notice - 30 Days,792.8,Moderate
CE00653,LN005870,CUST007497,2024-07-09,Delinquency Notice - 30 Days,3280.78,Elevated
CE00654,LN005889,CUST007521,2024-09-24,Delinquency Notice - 30 Days,2653.08,Critical
CE00655,LN005891,CUST007522,2024-11-02,Delinquency Notice - 30 Days,1058.31,Elevated
CE00656,LN005896,CUST007527,2024-12-11,Default / Write-off Review,15582.43,Elevated
CE00657,LN005904,CUST007534,2024-06-23,Delinquency Notice - 30 Days,6199.91,Elevated
CE00658,LN005909,CUST007537,2024-11-09,Delinquency Notice - 60 Days,20531.52,Moderate
CE00659,LN005913,CUST007541,2024-10-11,Delinquency Notice - 60 Days,8433.05,High
CE00660,LN005918,CUST007545,2024-07-24,Delinquency Notice - 30 Days,25655.12,Elevated
CE00661,LN005924,CUST007556,2024-09-21,Default / Write-off Review,3939.78,High
CE00662,LN005925,CUST007559,2024-08-15,Delinquency Notice - 60 Days,3929.46,Moderate
CE00663,LN005926,CUST007559,2024-06-06,Delinquency Notice - 60 Days,16945.16,Moderate
CE00664,LN005936,CUST007573,2024-06-08,Delinquency Notice - 60 Days,2372.47,Moderate
CE00665,LN006002,CUST007659,2024-10-26,Default / Write-off Review,720.64,Low
CE00666,LN006033,CUST007688,2024-08-05,Delinquency Notice - 30 Days,5593.1,Elevated
CE00667,LN006039,CUST007694,2024-11-09,Default / Write-off Review,2268.92,Low
CE00668,LN006042,CUST007697,2024-10-04,Delinquency Notice - 30 Days,4495.83,High
CE00669,LN006049,CUST007712,2024-12-03,Default / Write-off Review,2750.93,Moderate
CE00670,LN006051,CUST007717,2024-08-27,Delinquency Notice - 30 Days,2703.32,Moderate
CE00671,LN006054,CUST007722,2024-09-15,Delinquency Notice - 30 Days,7632.94,Moderate
CE00672,LN006061,CUST007734,2024-06-18,Delinquency Notice - 30 Days,1367.98,Moderate
CE00673,LN006079,CUST007755,2024-10-22,Default / Write-off Review,3308.93,High
CE00674,LN006109,CUST007790,2024-09-06,Delinquency Notice - 60 Days,20460.28,Moderate
CE00675,LN006151,CUST007842,2024-10-31,Default / Write-off Review,1766.39,High
CE00676,LN006157,CUST007846,2024-08-05,Default / Write-off Review,1983.6,Low
CE00677,LN006161,CUST007852,2024-09-25,Delinquency Notice - 60 Days,3786.29,Elevated
CE00678,LN006173,CUST007863,2024-07-28,Default / Write-off Review,2020.15,Low
CE00679,LN006184,CUST007874,2024-07-25,Delinquency Notice - 30 Days,1383.13,Critical
CE00680,LN006200,CUST007903,2024-09-12,Delinquency Notice - 60 Days,6566.28,Moderate
CE00681,LN006210,CUST007919,2024-08-12,Delinquency Notice - 60 Days,2121.18,Elevated
CE00682,LN006217,CUST007925,2024-06-10,Delinquency Notice - 30 Days,9098.31,Elevated
CE00683,LN006226,CUST007935,2024-11-06,Delinquency Notice - 30 Days,10858.33,Moderate
CE00684,LN006244,CUST007959,2024-12-02,Delinquency Notice - 60 Days,3282.81,Low
CE00685,LN006250,CUST007968,2024-06-09,Delinquency Notice - 30 Days,3433.24,Elevated
CE00686,LN006278,CUST007997,2024-07-18,Delinquency Notice - 30 Days,20821.07,Low
CE00687,LN006280,CUST008002,2024-08-29,Delinquency Notice - 30 Days,4776.78,Moderate
CE00688,LN006282,CUST008006,2024-09-16,Delinquency Notice - 60 Days,16561.53,Moderate
CE00689,LN006296,CUST008025,2024-07-25,Delinquency Notice - 30 Days,10902.4,Moderate
CE00690,LN006301,CUST008028,2024-07-31,Delinquency Notice - 30 Days,1418.97,Elevated
CE00691,LN006318,CUST008053,2024-07-18,Delinquency Notice - 30 Days,4183.76,High
CE00692,LN006319,CUST008054,2024-07-24,Delinquency Notice - 30 Days,10076.25,Critical
CE00693,LN006320,CUST008054,2024-06-16,Delinquency Notice - 30 Days,1754.46,Critical
CE00694,LN006322,CUST008058,2024-09-16,Delinquency Notice - 60 Days,2157.75,Critical
CE00695,LN006332,CUST008066,2024-12-20,Default / Write-off Review,12218.71,Elevated
CE00696,LN006334,CUST008071,2024-08-24,Default / Write-off Review,748.14,Moderate
CE00697,LN006342,CUST008081,2024-06-13,Default / Write-off Review,29320.8,High
CE00698,LN006380,CUST008141,2024-12-16,Delinquency Notice - 30 Days,1268.66,Elevated
CE00699,LN006385,CUST008144,2024-12-13,Default / Write-off Review,35393.13,Moderate
CE00700,LN006413,CUST008170,2024-07-20,Delinquency Notice - 30 Days,1601.76,Moderate
CE00701,LN006417,CUST008173,2024-10-07,Default / Write-off Review,7335.59,Elevated
CE00702,LN006423,CUST008183,2024-08-27,Default / Write-off Review,2450.94,Critical
CE00703,LN006432,CUST008204,2024-12-16,Default / Write-off Review,7428.15,Low
CE00704,LN006461,CUST008237,2024-11-10,Delinquency Notice - 30 Days,1070.75,Moderate
CE00705,LN006472,CUST008247,2024-07-04,Default / Write-off Review,7348.5,Elevated
CE00706,LN006487,CUST008267,2024-10-31,Delinquency Notice - 60 Days,16709.83,Moderate
CE00707,LN006489,CUST008271,2024-11-27,Delinquency Notice - 30 Days,21276.3,Low
CE00708,LN006491,CUST008275,2024-11-26,Default / Write-off Review,10701.84,Low
CE00709,LN006492,CUST008277,2024-09-08,Delinquency Notice - 60 Days,8065.17,Moderate
CE00710,LN006498,CUST008285,2024-06-09,Delinquency Notice - 30 Days,1844.69,High
CE00711,LN006501,CUST008288,2024-09-23,Default / Write-off Review,2011.48,Moderate
CE00712,LN006523,CUST008317,2024-09-10,Delinquency Notice - 30 Days,6403.87,High
CE00713,LN006536,CUST008332,2024-08-26,Default / Write-off Review,1073.32,Low
CE00714,LN006542,CUST008342,2024-07-23,Delinquency Notice - 30 Days,372.57,Low
CE00715,LN006551,CUST008356,2024-06-26,Delinquency Notice - 30 Days,1198.32,Critical
CE00716,LN006573,CUST008374,2024-08-26,Default / Write-off Review,2146.22,Low
CE00717,LN006579,CUST008382,2024-09-05,Default / Write-off Review,2286.94,Moderate
CE00718,LN006580,CUST008382,2024-08-21,Default / Write-off Review,2148.35,Moderate
CE00719,LN006587,CUST008393,2024-06-25,Delinquency Notice - 30 Days,576.12,High
CE00720,LN006589,CUST008395,2024-09-26,Delinquency Notice - 60 Days,13901.83,Elevated
CE00721,LN006612,CUST008427,2024-10-22,Delinquency Notice - 30 Days,14420.63,High
CE00722,LN006614,CUST008431,2024-06-07,Delinquency Notice - 30 Days,4156.96,High
CE00723,LN006619,CUST008442,2024-11-13,Delinquency Notice - 60 Days,385.17,Elevated
CE00724,LN006643,CUST008466,2024-11-09,Delinquency Notice - 60 Days,2165.68,Moderate
CE00725,LN006651,CUST008475,2024-07-31,Delinquency Notice - 30 Days,1391.34,Critical
CE00726,LN006675,CUST008498,2024-11-18,Default / Write-off Review,6207.75,Moderate
CE00727,LN006678,CUST008501,2024-10-31,Delinquency Notice - 30 Days,11619.06,Moderate
CE00728,LN006681,CUST008503,2024-12-09,Delinquency Notice - 30 Days,38615.34,Elevated
CE00729,LN006692,CUST008514,2024-08-02,Delinquency Notice - 30 Days,3065.52,Critical
CE00730,LN006695,CUST008516,2024-12-18,Delinquency Notice - 30 Days,359.83,Critical
CE00731,LN006705,CUST008534,2024-08-31,Delinquency Notice - 30 Days,6956.47,Elevated
CE00732,LN006710,CUST008539,2024-06-17,Default / Write-off Review,749.97,High
CE00733,LN006711,CUST008539,2024-07-11,Default / Write-off Review,1150.0,High
CE00734,LN006713,CUST008542,2024-12-24,Default / Write-off Review,4073.98,Moderate
CE00735,LN006724,CUST008551,2024-09-17,Delinquency Notice - 30 Days,2588.98,Elevated
CE00736,LN006749,CUST008581,2024-10-17,Delinquency Notice - 30 Days,2511.81,Low
CE00737,LN006762,CUST008595,2024-09-03,Delinquency Notice - 60 Days,3699.53,Critical
CE00738,LN006763,CUST008595,2024-10-09,Delinquency Notice - 30 Days,3473.56,Critical
CE00739,LN006780,CUST008618,2024-07-24,Delinquency Notice - 30 Days,4782.73,Moderate
CE00740,LN006785,CUST008626,2024-11-22,Delinquency Notice - 60 Days,2868.97,Low
CE00741,LN006794,CUST008632,2024-09-29,Delinquency Notice - 30 Days,979.02,Moderate
CE00742,LN006796,CUST008634,2024-12-06,Delinquency Notice - 30 Days,6577.75,Moderate
CE00743,LN006818,CUST008667,2024-09-20,Default / Write-off Review,24517.2,Moderate
CE00744,LN006825,CUST008677,2024-10-15,Default / Write-off Review,931.58,Low
CE00745,LN006827,CUST008678,2024-10-06,Delinquency Notice - 30 Days,7753.43,Low
CE00746,LN006834,CUST008684,2024-10-10,Delinquency Notice - 30 Days,1161.6,Low
CE00747,LN006866,CUST008733,2024-08-17,Delinquency Notice - 60 Days,33302.37,Low
CE00748,LN006871,CUST008741,2024-11-21,Delinquency Notice - 30 Days,663.58,Moderate
CE00749,LN006876,CUST008751,2024-09-30,Delinquency Notice - 30 Days,3060.27,Low
CE00750,LN006886,CUST008762,2024-09-18,Delinquency Notice - 60 Days,450.02,Moderate
CE00751,LN006893,CUST008770,2024-07-06,Delinquency Notice - 30 Days,1496.16,Elevated
CE00752,LN006902,CUST008779,2024-06-09,Delinquency Notice - 30 Days,693.06,Low
CE00753,LN006922,CUST008800,2024-12-20,Default / Write-off Review,1611.54,Moderate
CE00754,LN006931,CUST008809,2024-08-13,Default / Write-off Review,386.83,High
CE00755,LN006936,CUST008818,2024-11-21,Delinquency Notice - 30 Days,6997.25,Elevated
CE00756,LN006945,CUST008827,2024-11-20,Delinquency Notice - 60 Days,1159.43,Critical
CE00757,LN006952,CUST008834,2024-10-13,Delinquency Notice - 30 Days,20687.83,Moderate
CE00758,LN006968,CUST008856,2024-11-17,Delinquency Notice - 30 Days,5336.04,Moderate
CE00759,LN007005,CUST008895,2024-07-05,Delinquency Notice - 60 Days,455.05,Low
CE00760,LN007007,CUST008899,2024-10-19,Delinquency Notice - 60 Days,13178.65,Low
CE00761,LN007020,CUST008919,2024-07-26,Delinquency Notice - 60 Days,856.03,Elevated
CE00762,LN007033,CUST008938,2024-10-24,Delinquency Notice - 60 Days,1105.04,Elevated
CE00763,LN007042,CUST008952,2024-10-20,Delinquency Notice - 30 Days,309.76,Critical
CE00764,LN007046,CUST008957,2024-12-17,Delinquency Notice - 30 Days,481.05,High
CE00765,LN007050,CUST008960,2024-08-29,Delinquency Notice - 30 Days,1225.51,High
CE00766,LN007060,CUST008969,2024-08-29,Delinquency Notice - 60 Days,1873.7,High
CE00767,LN007061,CUST008971,2024-12-18,Delinquency Notice - 60 Days,1215.81,Critical
CE00768,LN007068,CUST008976,2024-10-30,Default / Write-off Review,3793.17,Elevated
CE00769,LN007072,CUST008980,2024-12-02,Delinquency Notice - 30 Days,15848.55,Moderate
CE00770,LN007074,CUST008982,2024-06-15,Delinquency Notice - 60 Days,945.8,Low
CE00771,LN007076,CUST008987,2024-12-21,Delinquency Notice - 30 Days,9939.82,Moderate
CE00772,LN007088,CUST008998,2024-07-03,Delinquency Notice - 30 Days,15732.21,Moderate
CE00773,LN007094,CUST009008,2024-11-07,Delinquency Notice - 30 Days,1567.46,High
CE00774,LN007101,CUST009018,2024-08-16,Delinquency Notice - 30 Days,7138.56,High
CE00775,LN007103,CUST009019,2024-06-05,Delinquency Notice - 60 Days,3708.19,Critical
CE00776,LN007107,CUST009026,2024-09-25,Delinquency Notice - 60 Days,7858.55,High
CE00777,LN007115,CUST009037,2024-07-19,Delinquency Notice - 30 Days,1939.54,Low
CE00778,LN007116,CUST009039,2024-11-02,Default / Write-off Review,7709.22,High
CE00779,LN007117,CUST009042,2024-10-30,Delinquency Notice - 30 Days,3881.78,Moderate
CE00780,LN007127,CUST009053,2024-09-06,Delinquency Notice - 60 Days,4119.95,Elevated
CE00781,LN007137,CUST009063,2024-10-11,Default / Write-off Review,5512.53,High
CE00782,LN007143,CUST009072,2024-07-10,Delinquency Notice - 30 Days,446.45,High
CE00783,LN007144,CUST009072,2024-10-10,Delinquency Notice - 30 Days,276.68,High
CE00784,LN007150,CUST009083,2024-06-03,Delinquency Notice - 30 Days,20649.39,Low
CE00785,LN007166,CUST009100,2024-09-18,Default / Write-off Review,15823.91,High
CE00786,LN007169,CUST009101,2024-12-08,Delinquency Notice - 30 Days,7899.93,Elevated
CE00787,LN007187,CUST009122,2024-09-11,Delinquency Notice - 30 Days,2357.43,High
CE00788,LN007191,CUST009135,2024-11-13,Default / Write-off Review,6325.3,High
CE00789,LN007196,CUST009143,2024-06-14,Delinquency Notice - 30 Days,1268.69,Elevated
CE00790,LN007198,CUST009151,2024-12-11,Delinquency Notice - 30 Days,3242.11,Elevated
CE00791,LN007201,CUST009156,2024-12-21,Default / Write-off Review,894.24,High
CE00792,LN007204,CUST009160,2024-12-11,Default / Write-off Review,3301.89,Moderate
CE00793,LN007220,CUST009180,2024-09-29,Default / Write-off Review,165.03,High
CE00794,LN007226,CUST009187,2024-12-16,Delinquency Notice - 30 Days,1592.83,Elevated
CE00795,LN007229,CUST009188,2024-06-15,Delinquency Notice - 30 Days,1312.02,Moderate
CE00796,LN007231,CUST009189,2024-12-01,Default / Write-off Review,3428.06,High
CE00797,LN007236,CUST009193,2024-11-24,Default / Write-off Review,4529.59,Moderate
CE00798,LN007255,CUST009215,2024-09-29,Delinquency Notice - 30 Days,3427.12,High
CE00799,LN007258,CUST009221,2024-06-30,Delinquency Notice - 30 Days,8123.29,Moderate
CE00800,LN007270,CUST009247,2024-10-06,Delinquency Notice - 60 Days,7905.46,High
CE00801,LN007285,CUST009267,2024-11-15,Delinquency Notice - 60 Days,1768.93,High
CE00802,LN007300,CUST009291,2024-07-29,Default / Write-off Review,22955.43,Low
CE00803,LN007304,CUST009297,2024-11-24,Delinquency Notice - 30 Days,23859.85,High
CE00804,LN007310,CUST009304,2024-10-16,Delinquency Notice - 60 Days,2964.86,Low
CE00805,LN007311,CUST009305,2024-12-18,Delinquency Notice - 30 Days,2305.65,Low
CE00806,LN007319,CUST009314,2024-06-14,Delinquency Notice - 30 Days,1203.59,Critical
CE00807,LN007324,CUST009323,2024-06-08,Delinquency Notice - 60 Days,4345.37,Moderate
CE00808,LN007346,CUST009360,2024-06-17,Delinquency Notice - 30 Days,2102.09,Elevated
CE00809,LN007347,CUST009362,2024-12-24,Delinquency Notice - 30 Days,6720.11,High
CE00810,LN007351,CUST009366,2024-09-13,Default / Write-off Review,1977.72,Low
CE00811,LN007355,CUST009371,2024-07-14,Delinquency Notice - 30 Days,1005.79,High
CE00812,LN007358,CUST009379,2024-08-27,Default / Write-off Review,3992.45,Moderate
CE00813,LN007372,CUST009399,2024-07-22,Default / Write-off Review,61015.96,Low
CE00814,LN007376,CUST009403,2024-11-22,Delinquency Notice - 30 Days,82228.23,High
CE00815,LN007406,CUST009442,2024-11-17,Delinquency Notice - 30 Days,457.31,Elevated
CE00816,LN007417,CUST009454,2024-09-16,Default / Write-off Review,3088.08,Low
CE00817,LN007422,CUST009463,2024-11-24,Default / Write-off Review,349.82,Elevated
CE00818,LN007423,CUST009463,2024-07-28,Default / Write-off Review,3720.98,Elevated
CE00819,LN007425,CUST009464,2024-10-01,Delinquency Notice - 60 Days,1606.39,High
CE00820,LN007426,CUST009465,2024-11-15,Delinquency Notice - 30 Days,3777.37,High
CE00821,LN007429,CUST009470,2024-11-09,Delinquency Notice - 30 Days,4391.01,Moderate
CE00822,LN007444,CUST009492,2024-11-22,Default / Write-off Review,2422.96,Low
CE00823,LN007453,CUST009501,2024-08-13,Delinquency Notice - 60 Days,1816.55,Moderate
CE00824,LN007454,CUST009502,2024-12-21,Delinquency Notice - 30 Days,7076.84,Elevated
CE00825,LN007457,CUST009503,2024-09-10,Default / Write-off Review,5996.61,Elevated
CE00826,LN007460,CUST009507,2024-08-26,Delinquency Notice - 60 Days,2576.44,High
CE00827,LN007465,CUST009511,2024-07-27,Delinquency Notice - 60 Days,1335.15,Elevated
CE00828,LN007474,CUST009527,2024-06-30,Default / Write-off Review,12399.83,Low
CE00829,LN007495,CUST009550,2024-06-25,Delinquency Notice - 30 Days,2881.05,Elevated
CE00830,LN007499,CUST009553,2024-07-20,Delinquency Notice - 60 Days,9282.87,Low
CE00831,LN007501,CUST009554,2024-09-06,Delinquency Notice - 60 Days,4109.71,Low
CE00832,LN007517,CUST009582,2024-10-24,Delinquency Notice - 30 Days,3133.87,Critical
CE00833,LN007538,CUST009609,2024-06-02,Delinquency Notice - 60 Days,674.74,Elevated
CE00834,LN007539,CUST009609,2024-06-01,Default / Write-off Review,7057.43,Elevated
CE00835,LN007552,CUST009623,2024-06-13,Delinquency Notice - 30 Days,3052.64,Moderate
CE00836,LN007572,CUST009651,2024-12-26,Default / Write-off Review,3624.16,Critical
CE00837,LN007597,CUST009680,2024-12-17,Delinquency Notice - 60 Days,484.63,High
CE00838,LN007602,CUST009688,2024-09-25,Default / Write-off Review,5355.63,Moderate
CE00839,LN007625,CUST009709,2024-11-24,Delinquency Notice - 60 Days,1042.95,Moderate
CE00840,LN007668,CUST009766,2024-11-26,Default / Write-off Review,2182.74,Critical
CE00841,LN007687,CUST009790,2024-10-08,Delinquency Notice - 30 Days,8576.28,Elevated
CE00842,LN007688,CUST009791,2024-09-20,Default / Write-off Review,15619.24,Elevated
CE00843,LN007697,CUST009799,2024-11-06,Delinquency Notice - 60 Days,659.91,Low
CE00844,LN007718,CUST009821,2024-08-05,Default / Write-off Review,24138.31,Moderate
CE00845,LN007723,CUST009828,2024-08-14,Delinquency Notice - 30 Days,4093.82,Low
CE00846,LN007746,CUST009847,2024-06-14,Delinquency Notice - 60 Days,255.84,Elevated
CE00847,LN007748,CUST009850,2024-08-06,Delinquency Notice - 60 Days,3864.01,High
CE00848,LN007755,CUST009857,2024-11-19,Default / Write-off Review,6434.04,Moderate
CE00849,LN007759,CUST009860,2024-09-03,Default / Write-off Review,9065.01,Moderate
CE00850,LN007760,CUST009861,2024-08-11,Delinquency Notice - 30 Days,3205.1,Moderate
CE00851,LN007773,CUST009885,2024-12-26,Delinquency Notice - 30 Days,21120.09,High
CE00852,LN007776,CUST009889,2024-10-16,Delinquency Notice - 30 Days,998.45,Low
CE00853,LN007781,CUST009893,2024-10-19,Delinquency Notice - 60 Days,8169.76,Elevated
CE00854,LN007787,CUST009912,2024-08-13,Delinquency Notice - 30 Days,19831.93,Moderate
CE00855,LN007800,CUST009929,2024-06-15,Delinquency Notice - 30 Days,341.43,Critical
CE00856,LN007804,CUST009932,2024-07-10,Delinquency Notice - 30 Days,260.75,Elevated
CE00857,LN007818,CUST009949,2024-12-13,Delinquency Notice - 30 Days,2268.77,Low
CE00858,LN007842,CUST009978,2024-06-13,Delinquency Notice - 30 Days,14587.65,Moderate
CE00859,LN007850,CUST009991,2024-10-07,Delinquency Notice - 60 Days,2037.86,Moderate
CE00860,LN007872,CUST010026,2024-12-13,Delinquency Notice - 60 Days,2419.65,Elevated
CE00861,LN007880,CUST010033,2024-06-28,Delinquency Notice - 60 Days,1627.93,Moderate
CE00862,LN007887,CUST010049,2024-12-04,Delinquency Notice - 30 Days,3572.11,Low
CE00863,LN007890,CUST010050,2024-10-02,Default / Write-off Review,2355.61,Elevated
CE00864,LN007927,CUST010096,2024-12-09,Delinquency Notice - 30 Days,497.28,Elevated
CE00865,LN007930,CUST010099,2024-10-01,Delinquency Notice - 60 Days,1980.04,Low
CE00866,LN007932,CUST010102,2024-08-27,Delinquency Notice - 60 Days,3828.67,Moderate
CE00867,LN007967,CUST010149,2024-07-08,Delinquency Notice - 60 Days,6594.33,Elevated
CE00868,LN007973,CUST010154,2024-10-04,Default / Write-off Review,14855.34,Moderate
CE00869,LN007976,CUST010155,2024-09-08,Default / Write-off Review,13826.24,Moderate
CE00870,LN007977,CUST010156,2024-06-11,Delinquency Notice - 30 Days,411.25,Elevated
CE00871,LN007980,CUST010157,2024-06-29,Delinquency Notice - 30 Days,1824.74,Low
CE00872,LN007988,CUST010170,2024-07-12,Delinquency Notice - 60 Days,1775.49,Elevated
CE00873,LN007989,CUST010173,2024-06-08,Delinquency Notice - 60 Days,38110.19,Low
CE00874,LN007993,CUST010179,2024-12-27,Delinquency Notice - 30 Days,2688.57,High
CE00875,LN007997,CUST010184,2024-10-24,Delinquency Notice - 30 Days,9925.93,Elevated
CE00876,LN008000,CUST010186,2024-09-06,Delinquency Notice - 30 Days,7629.93,Elevated
CE00877,LN008004,CUST010200,2024-11-18,Delinquency Notice - 30 Days,2225.81,Elevated
CE00878,LN008005,CUST010204,2024-10-31,Delinquency Notice - 60 Days,12040.57,Low
CE00879,LN008007,CUST010206,2024-12-23,Delinquency Notice - 60 Days,5597.54,Low
CE00880,LN008008,CUST010207,2024-07-15,Delinquency Notice - 60 Days,9250.03,Moderate
CE00881,LN008023,CUST010220,2024-06-27,Delinquency Notice - 30 Days,774.48,Elevated
CE00882,LN008027,CUST010228,2024-09-14,Delinquency Notice - 60 Days,1729.95,Critical
CE00883,LN008047,CUST010256,2024-11-28,Delinquency Notice - 30 Days,1101.64,Low
CE00884,LN008055,CUST010265,2024-08-30,Default / Write-off Review,4223.89,Low
CE00885,LN008058,CUST010273,2024-11-21,Default / Write-off Review,2143.56,High
CE00886,LN008061,CUST010279,2024-12-12,Delinquency Notice - 60 Days,1600.21,High
CE00887,LN008064,CUST010285,2024-10-07,Default / Write-off Review,1979.06,Moderate
CE00888,LN008079,CUST010302,2024-12-09,Delinquency Notice - 30 Days,13252.85,Elevated
CE00889,LN008089,CUST010317,2024-11-24,Delinquency Notice - 60 Days,3294.14,High
CE00890,LN008090,CUST010321,2024-11-01,Delinquency Notice - 60 Days,9187.39,Low
CE00891,LN008121,CUST010357,2024-08-07,Default / Write-off Review,4951.27,Moderate
CE00892,LN008133,CUST010371,2024-12-18,Delinquency Notice - 60 Days,31594.48,Elevated
CE00893,LN008145,CUST010382,2024-12-19,Default / Write-off Review,1716.57,High
CE00894,LN008157,CUST010394,2024-12-01,Delinquency Notice - 30 Days,740.44,Elevated
CE00895,LN008158,CUST010395,2024-11-13,Delinquency Notice - 30 Days,1791.12,Critical
CE00896,LN008160,CUST010396,2024-06-26,Default / Write-off Review,14661.13,Critical
CE00897,LN008161,CUST010397,2024-07-13,Delinquency Notice - 60 Days,1816.38,Critical
CE00898,LN008173,CUST010413,2024-06-18,Delinquency Notice - 30 Days,2266.66,High
CE00899,LN008186,CUST010430,2024-08-06,Delinquency Notice - 30 Days,11850.95,Low
CE00900,LN008194,CUST010436,2024-06-14,Delinquency Notice - 30 Days,671.36,Low
CE00901,LN008214,CUST010460,2024-11-08,Delinquency Notice - 60 Days,715.18,High
CE00902,LN008225,CUST010470,2024-12-18,Delinquency Notice - 30 Days,5561.5,Elevated
CE00903,LN008241,CUST010495,2024-06-21,Default / Write-off Review,396.27,High
CE00904,LN008245,CUST010499,2024-07-17,Default / Write-off Review,9012.68,Low
CE00905,LN008253,CUST010518,2024-08-09,Delinquency Notice - 30 Days,7832.37,High
CE00906,LN008278,CUST010562,2024-11-14,Delinquency Notice - 60 Days,4737.99,High
CE00907,LN008298,CUST010595,2024-11-15,Default / Write-off Review,1490.4,Low
CE00908,LN008317,CUST010630,2024-08-09,Delinquency Notice - 30 Days,1905.32,High
CE00909,LN008318,CUST010631,2024-07-02,Delinquency Notice - 30 Days,6107.42,High
CE00910,LN008320,CUST010633,2024-08-28,Default / Write-off Review,2609.94,Low
CE00911,LN008324,CUST010636,2024-09-07,Delinquency Notice - 30 Days,7505.99,Elevated
CE00912,LN008329,CUST010641,2024-11-09,Delinquency Notice - 60 Days,31351.7,Elevated
CE00913,LN008334,CUST010644,2024-07-22,Delinquency Notice - 30 Days,216.44,High
CE00914,LN008335,CUST010644,2024-08-26,Default / Write-off Review,505.79,High
CE00915,LN008339,CUST010648,2024-12-21,Delinquency Notice - 30 Days,5769.76,Elevated
CE00916,LN008348,CUST010659,2024-07-03,Delinquency Notice - 30 Days,992.73,Moderate
CE00917,LN008368,CUST010687,2024-10-17,Default / Write-off Review,5740.3,High
CE00918,LN008373,CUST010698,2024-12-23,Default / Write-off Review,459.21,Critical
CE00919,LN008383,CUST010713,2024-10-29,Delinquency Notice - 30 Days,3113.62,Low
CE00920,LN008397,CUST010727,2024-06-20,Delinquency Notice - 30 Days,1983.37,Low
CE00921,LN008411,CUST010744,2024-12-07,Delinquency Notice - 30 Days,3029.2,Low
CE00922,LN008423,CUST010769,2024-09-26,Delinquency Notice - 30 Days,2883.2,Critical
CE00923,LN008429,CUST010777,2024-10-14,Delinquency Notice - 60 Days,14734.4,Critical
CE00924,LN008434,CUST010784,2024-07-01,Delinquency Notice - 30 Days,15320.84,Elevated
CE00925,LN008437,CUST010788,2024-09-26,Delinquency Notice - 30 Days,9836.76,Critical
CE00926,LN008456,CUST010814,2024-12-16,Default / Write-off Review,1172.88,Elevated
CE00927,LN008460,CUST010819,2024-07-20,Delinquency Notice - 60 Days,4252.7,Moderate
CE00928,LN008482,CUST010841,2024-10-07,Default / Write-off Review,5951.28,Low
CE00929,LN008493,CUST010848,2024-07-29,Delinquency Notice - 30 Days,1484.71,Elevated
CE00930,LN008502,CUST010863,2024-09-18,Delinquency Notice - 30 Days,7520.47,Low
CE00931,LN008521,CUST010888,2024-10-22,Delinquency Notice - 30 Days,9808.34,Low
CE00932,LN008549,CUST010931,2024-08-21,Delinquency Notice - 30 Days,4871.67,High
CE00933,LN008558,CUST010943,2024-11-24,Delinquency Notice - 30 Days,2941.16,Low
CE00934,LN008561,CUST010945,2024-11-18,Default / Write-off Review,9171.27,High
CE00935,LN008572,CUST010968,2024-06-22,Default / Write-off Review,2167.05,Elevated
CE00936,LN008573,CUST010968,2024-08-19,Delinquency Notice - 30 Days,19769.24,Elevated
CE00937,LN008587,CUST010984,2024-07-08,Default / Write-off Review,4618.61,High
CE00938,LN008591,CUST010988,2024-06-21,Delinquency Notice - 60 Days,585.68,Critical
CE00939,LN008597,CUST010993,2024-08-06,Delinquency Notice - 30 Days,1394.76,Elevated
CE00940,LN008614,CUST011017,2024-12-24,Default / Write-off Review,1157.36,Low
CE00941,LN008616,CUST011020,2024-11-10,Delinquency Notice - 30 Days,62988.19,Elevated
CE00942,LN008634,CUST011053,2024-12-11,Delinquency Notice - 30 Days,559.22,Critical
CE00943,LN008640,CUST011058,2024-12-23,Delinquency Notice - 30 Days,6546.29,Moderate
CE00944,LN008655,CUST011077,2024-08-28,Delinquency Notice - 30 Days,729.81,High
CE00945,LN008661,CUST011085,2024-10-25,Delinquency Notice - 60 Days,9143.45,Moderate
CE00946,LN008674,CUST011100,2024-10-30,Delinquency Notice - 60 Days,8500.6,Elevated
CE00947,LN008704,CUST011132,2024-11-28,Delinquency Notice - 60 Days,3242.62,Critical
CE00948,LN008710,CUST011135,2024-06-06,Default / Write-off Review,3937.54,Low
CE00949,LN008720,CUST011148,2024-06-18,Delinquency Notice - 60 Days,1339.07,Moderate
CE00950,LN008724,CUST011158,2024-11-20,Delinquency Notice - 30 Days,1403.95,High
CE00951,LN008728,CUST011163,2024-09-18,Delinquency Notice - 60 Days,449.7,Moderate
CE00952,LN008733,CUST011166,2024-06-16,Delinquency Notice - 30 Days,20057.88,High
CE00953,LN008736,CUST011168,2024-08-17,Default / Write-off Review,1467.37,Elevated
CE00954,LN008753,CUST011187,2024-06-07,Delinquency Notice - 60 Days,11084.53,Low
CE00955,LN008758,CUST011194,2024-07-17,Delinquency Notice - 30 Days,7290.49,Low
CE00956,LN008760,CUST011196,2024-08-07,Delinquency Notice - 60 Days,1139.16,Moderate
CE00957,LN008779,CUST011219,2024-11-30,Delinquency Notice - 30 Days,106.1,Moderate
CE00958,LN008780,CUST011219,2024-10-17,Delinquency Notice - 60 Days,2269.72,Moderate
CE00959,LN008787,CUST011228,2024-08-28,Default / Write-off Review,201.87,High
CE00960,LN008788,CUST011229,2024-07-01,Delinquency Notice - 30 Days,6244.65,Low
CE00961,LN008797,CUST011237,2024-11-07,Delinquency Notice - 60 Days,24146.1,Low
CE00962,LN008799,CUST011238,2024-10-15,Delinquency Notice - 60 Days,2368.06,Low
CE00963,LN008806,CUST011248,2024-07-08,Delinquency Notice - 30 Days,554.98,High
CE00964,LN008834,CUST011291,2024-12-04,Delinquency Notice - 30 Days,10863.57,Elevated
CE00965,LN008836,CUST011294,2024-10-09,Delinquency Notice - 30 Days,2879.55,High
CE00966,LN008844,CUST011303,2024-10-03,Delinquency Notice - 30 Days,9732.33,Critical
CE00967,LN008850,CUST011313,2024-08-10,Default / Write-off Review,14986.31,Low
CE00968,LN008854,CUST011319,2024-07-04,Default / Write-off Review,5833.7,Low
CE00969,LN008860,CUST011326,2024-07-18,Delinquency Notice - 60 Days,3661.29,Low
CE00970,LN008876,CUST011345,2024-09-25,Delinquency Notice - 30 Days,897.01,Elevated
CE00971,LN008887,CUST011354,2024-09-03,Delinquency Notice - 30 Days,3270.49,Low
CE00972,LN008892,CUST011364,2024-11-14,Delinquency Notice - 60 Days,4424.6,Critical
CE00973,LN008899,CUST011374,2024-09-25,Delinquency Notice - 60 Days,1127.54,Moderate
CE00974,LN008914,CUST011386,2024-10-09,Default / Write-off Review,2116.75,Low
CE00975,LN008920,CUST011397,2024-08-04,Default / Write-off Review,6659.19,Low
CE00976,LN008933,CUST011415,2024-08-11,Default / Write-off Review,66365.0,Moderate
CE00977,LN008949,CUST011432,2024-08-27,Delinquency Notice - 30 Days,10471.42,Critical
CE00978,LN008955,CUST011441,2024-11-19,Default / Write-off Review,383.79,Critical
CE00979,LN008986,CUST011475,2024-10-31,Delinquency Notice - 30 Days,2292.94,Low
CE00980,LN008998,CUST011488,2024-06-23,Delinquency Notice - 30 Days,6469.03,Moderate
CE00981,LN009017,CUST011525,2024-11-17,Delinquency Notice - 30 Days,2361.47,Moderate
CE00982,LN009029,CUST011541,2024-10-01,Delinquency Notice - 30 Days,869.37,High
CE00983,LN009030,CUST011542,2024-12-15,Delinquency Notice - 30 Days,1072.72,Low
CE00984,LN009035,CUST011545,2024-08-14,Delinquency Notice - 60 Days,12393.63,Elevated
CE00985,LN009046,CUST011557,2024-09-25,Default / Write-off Review,54866.29,High
CE00986,LN009057,CUST011579,2024-08-29,Delinquency Notice - 60 Days,1134.3,High
CE00987,LN009060,CUST011581,2024-12-24,Delinquency Notice - 30 Days,18007.42,Elevated
CE00988,LN009077,CUST011606,2024-06-17,Delinquency Notice - 60 Days,32517.22,Elevated
CE00989,LN009085,CUST011612,2024-08-12,Delinquency Notice - 30 Days,3912.78,Elevated
CE00990,LN009090,CUST011615,2024-12-06,Delinquency Notice - 60 Days,39721.09,Moderate
CE00991,LN009091,CUST011619,2024-06-09,Delinquency Notice - 30 Days,2471.12,Moderate
CE00992,LN009094,CUST011621,2024-06-11,Default / Write-off Review,2620.33,Low
CE00993,LN009096,CUST011621,2024-10-07,Delinquency Notice - 30 Days,67334.56,Low
CE00994,LN009098,CUST011630,2024-10-08,Delinquency Notice - 30 Days,2507.3,Low
CE00995,LN009101,CUST011632,2024-11-04,Delinquency Notice - 30 Days,31473.86,Low
CE00996,LN009103,CUST011635,2024-11-16,Default / Write-off Review,259.59,High
CE00997,LN009107,CUST011640,2024-07-09,Delinquency Notice - 30 Days,3741.92,Moderate
CE00998,LN009122,CUST011652,2024-06-09,Delinquency Notice - 30 Days,8497.79,Low
CE00999,LN009127,CUST011658,2024-09-20,Default / Write-off Review,3543.78,Low
CE01000,LN009151,CUST011685,2024-10-26,Default / Write-off Review,2144.2,Moderate
CE01001,LN009177,CUST011721,2024-12-16,Delinquency Notice - 30 Days,3059.82,Elevated
CE01002,LN009192,CUST011738,2024-10-08,Default / Write-off Review,45252.43,Elevated
CE01003,LN009194,CUST011740,2024-07-21,Delinquency Notice - 30 Days,1762.59,High
CE01004,LN009201,CUST011754,2024-11-29,Delinquency Notice - 60 Days,1917.35,Elevated
CE01005,LN009220,CUST011777,2024-07-12,Delinquency Notice - 30 Days,3588.26,Moderate
CE01006,LN009225,CUST011780,2024-12-13,Default / Write-off Review,28000.05,Moderate
CE01007,LN009243,CUST011804,2024-11-10,Delinquency Notice - 60 Days,8000.57,Critical
CE01008,LN009276,CUST011852,2024-08-19,Default / Write-off Review,2651.32,Moderate
CE01009,LN009284,CUST011862,2024-10-18,Delinquency Notice - 30 Days,643.94,Moderate
CE01010,LN009292,CUST011869,2024-11-01,Delinquency Notice - 30 Days,2096.33,Low
CE01011,LN009296,CUST011871,2024-07-03,Delinquency Notice - 30 Days,990.3,High
CE01012,LN009312,CUST011889,2024-06-29,Delinquency Notice - 60 Days,9029.89,High
CE01013,LN009351,CUST011949,2024-11-15,Default / Write-off Review,10883.19,Moderate
CE01014,LN009366,CUST011966,2024-06-27,Default / Write-off Review,1209.98,Elevated
CE01015,LN009376,CUST011980,2024-08-22,Delinquency Notice - 30 Days,6206.99,Elevated
CE01016,LN009380,CUST011985,2024-12-09,Default / Write-off Review,29093.11,Elevated
CE01017,LN009390,CUST012000,2024-08-05,Delinquency Notice - 60 Days,2378.35,Moderate
CE01018,LN009391,CUST012007,2024-10-19,Delinquency Notice - 30 Days,9445.09,Elevated
CE01019,LN009394,CUST012015,2024-10-06,Delinquency Notice - 60 Days,6567.19,Moderate
CE01020,LN009403,CUST012025,2024-07-07,Delinquency Notice - 30 Days,12467.14,Elevated
CE01021,LN009413,CUST012035,2024-06-15,Delinquency Notice - 60 Days,1971.84,Elevated
CE01022,LN009414,CUST012035,2024-06-20,Delinquency Notice - 60 Days,5273.1,Elevated
CE01023,LN009423,CUST012043,2024-12-15,Delinquency Notice - 60 Days,68564.76,Elevated
CE01024,LN009433,CUST012051,2024-06-08,Delinquency Notice - 30 Days,4435.01,Moderate
CE01025,LN009436,CUST012057,2024-12-13,Delinquency Notice - 30 Days,18991.9,Low
CE01026,LN009467,CUST012098,2024-10-23,Default / Write-off Review,45251.78,Elevated
CE01027,LN009478,CUST012114,2024-12-04,Delinquency Notice - 30 Days,19344.08,Moderate
CE01028,LN009489,CUST012124,2024-11-21,Delinquency Notice - 60 Days,4123.85,Moderate
CE01029,LN009503,CUST012137,2024-10-29,Default / Write-off Review,1722.35,High
CE01030,LN009504,CUST012137,2024-07-02,Delinquency Notice - 30 Days,164.54,High
CE01031,LN009507,CUST012146,2024-08-20,Default / Write-off Review,1347.35,Moderate
CE01032,LN009509,CUST012147,2024-06-16,Delinquency Notice - 30 Days,10949.21,Moderate
CE01033,LN009513,CUST012151,2024-11-05,Delinquency Notice - 30 Days,178.91,Moderate
CE01034,LN009514,CUST012151,2024-10-15,Default / Write-off Review,1837.5,Moderate
CE01035,LN009540,CUST012185,2024-06-06,Delinquency Notice - 30 Days,2895.94,High
CE01036,LN009547,CUST012193,2024-07-31,Delinquency Notice - 60 Days,833.08,Low
CE01037,LN009549,CUST012194,2024-06-15,Delinquency Notice - 30 Days,13515.26,High
CE01038,LN009580,CUST012232,2024-10-17,Delinquency Notice - 60 Days,274.78,Critical
CE01039,LN009582,CUST012234,2024-06-24,Default / Write-off Review,697.05,Elevated
CE01040,LN009593,CUST012244,2024-06-10,Default / Write-off Review,2284.92,Moderate
CE01041,LN009594,CUST012244,2024-11-18,Delinquency Notice - 60 Days,305.45,Moderate
CE01042,LN009597,CUST012247,2024-12-24,Default / Write-off Review,4081.1,Elevated
CE01043,LN009598,CUST012248,2024-10-04,Default / Write-off Review,277.83,Low
CE01044,LN009613,CUST012267,2024-09-19,Default / Write-off Review,4913.13,Elevated
CE01045,LN009620,CUST012274,2024-10-02,Delinquency Notice - 30 Days,1011.4,Low
CE01046,LN009629,CUST012288,2024-09-26,Delinquency Notice - 60 Days,2887.05,Elevated
CE01047,LN009634,CUST012295,2024-10-15,Delinquency Notice - 30 Days,1309.72,High
CE01048,LN009637,CUST012302,2024-12-19,Delinquency Notice - 30 Days,12203.99,Low
CE01049,LN009639,CUST012304,2024-09-18,Delinquency Notice - 60 Days,818.08,High
CE01050,LN009653,CUST012324,2024-10-24,Default / Write-off Review,168.13,High
CE01051,LN009664,CUST012339,2024-06-09,Delinquency Notice - 30 Days,7594.49,Moderate
CE01052,LN009665,CUST012342,2024-08-07,Delinquency Notice - 30 Days,4150.39,High
CE01053,LN009678,CUST012354,2024-08-30,Delinquency Notice - 30 Days,6121.04,Elevated
CE01054,LN009690,CUST012369,2024-10-09,Delinquency Notice - 30 Days,2749.64,Moderate
CE01055,LN009691,CUST012369,2024-11-19,Default / Write-off Review,544.1,Moderate
CE01056,LN009696,CUST012377,2024-10-03,Default / Write-off Review,6683.53,Moderate
CE01057,LN009701,CUST012381,2024-09-18,Delinquency Notice - 30 Days,1169.67,High
CE01058,LN009704,CUST012383,2024-06-08,Delinquency Notice - 60 Days,887.69,Elevated
CE01059,LN009715,CUST012394,2024-07-26,Default / Write-off Review,13288.12,Elevated
CE01060,LN009741,CUST012423,2024-08-19,Delinquency Notice - 60 Days,2088.28,High
CE01061,LN009750,CUST012434,2024-10-29,Delinquency Notice - 30 Days,3343.33,Moderate
CE01062,LN009783,CUST012468,2024-12-01,Default / Write-off Review,3288.77,Low
CE01063,LN009792,CUST012485,2024-07-03,Default / Write-off Review,1795.6,High
CE01064,LN009794,CUST012487,2024-11-30,Delinquency Notice - 60 Days,1970.17,Elevated
CE01065,LN009813,CUST012509,2024-06-16,Delinquency Notice - 30 Days,47217.48,Moderate
CE01066,LN009834,CUST012530,2024-08-18,Delinquency Notice - 30 Days,1788.29,Moderate
CE01067,LN009849,CUST012549,2024-09-25,Default / Write-off Review,22445.38,Elevated
CE01068,LN009871,CUST012571,2024-06-12,Delinquency Notice - 60 Days,10993.53,Moderate
CE01069,LN009876,CUST012578,2024-12-16,Delinquency Notice - 30 Days,5095.41,Moderate
CE01070,LN009886,CUST012593,2024-11-22,Delinquency Notice - 30 Days,2543.16,Low
CE01071,LN009888,CUST012596,2024-09-02,Default / Write-off Review,7323.63,Critical
CE01072,LN009899,CUST012609,2024-08-28,Delinquency Notice - 30 Days,927.14,Elevated
CE01073,LN009911,CUST012620,2024-06-29,Delinquency Notice - 30 Days,6106.45,Elevated
CE01074,LN009940,CUST012651,2024-10-29,Default / Write-off Review,5432.74,Elevated
CE01075,LN009951,CUST012675,2024-10-06,Delinquency Notice - 60 Days,4641.43,Moderate
CE01076,LN009952,CUST012676,2024-06-08,Delinquency Notice - 30 Days,7067.14,Low
CE01077,LN009978,CUST012703,2024-12-19,Delinquency Notice - 30 Days,3936.18,Moderate
CE01078,LN009980,CUST012705,2024-11-28,Delinquency Notice - 60 Days,3468.38,Critical
CE01079,LN009981,CUST012706,2024-06-14,Default / Write-off Review,1855.63,Moderate
CE01080,LN009996,CUST012723,2024-12-27,Delinquency Notice - 60 Days,6375.75,Elevated
CE01081,LN009998,CUST012726,2024-08-27,Delinquency Notice - 30 Days,18759.77,Moderate
CE01082,LN010015,CUST012754,2024-11-23,Delinquency Notice - 30 Days,1020.88,Low
CE01083,LN010019,CUST012757,2024-07-26,Default / Write-off Review,55980.04,Moderate
CE01084,LN010039,CUST012780,2024-12-03,Delinquency Notice - 60 Days,5893.6,Low
CE01085,LN010056,CUST012798,2024-06-06,Default / Write-off Review,12206.48,High
CE01086,LN010058,CUST012802,2024-12-02,Delinquency Notice - 60 Days,259.12,High
CE01087,LN010069,CUST012812,2024-06-11,Delinquency Notice - 60 Days,2270.71,Elevated
CE01088,LN010079,CUST012826,2024-11-09,Delinquency Notice - 60 Days,11931.83,Moderate
CE01089,LN010089,CUST012836,2024-06-17,Delinquency Notice - 30 Days,899.94,Low
CE01090,LN010091,CUST012838,2024-10-13,Default / Write-off Review,2513.93,Moderate
CE01091,LN010107,CUST012860,2024-09-21,Delinquency Notice - 60 Days,4763.89,High
CE01092,LN010113,CUST012865,2024-12-15,Delinquency Notice - 30 Days,9272.56,Moderate
CE01093,LN010133,CUST012886,2024-12-07,Delinquency Notice - 60 Days,265.81,Critical
CE01094,LN010134,CUST012886,2024-12-02,Delinquency Notice - 60 Days,768.6,Critical
CE01095,LN010158,CUST012913,2024-10-18,Delinquency Notice - 30 Days,547.9,Elevated
CE01096,LN010176,CUST012938,2024-07-14,Delinquency Notice - 30 Days,3041.94,Elevated
CE01097,LN010177,CUST012939,2024-08-29,Delinquency Notice - 30 Days,3733.7,Critical
CE01098,LN010180,CUST012944,2024-11-18,Delinquency Notice - 60 Days,2288.08,Moderate
CE01099,LN010205,CUST012979,2024-09-13,Delinquency Notice - 60 Days,6924.85,Elevated
CE01100,LN010222,CUST012996,2024-09-12,Delinquency Notice - 60 Days,5536.36,Low
CE01101,LN010237,CUST013023,2024-10-24,Delinquency Notice - 30 Days,1870.72,Moderate
CE01102,LN010241,CUST013033,2024-11-29,Delinquency Notice - 60 Days,2056.05,Moderate
CE01103,LN010258,CUST013049,2024-09-12,Delinquency Notice - 60 Days,12214.13,High
CE01104,LN010264,CUST013051,2024-09-16,Delinquency Notice - 60 Days,766.76,Elevated
CE01105,LN010270,CUST013060,2024-11-05,Delinquency Notice - 30 Days,2583.14,Low
CE01106,LN010296,CUST013101,2024-06-03,Delinquency Notice - 30 Days,204.09,Critical
CE01107,LN010305,CUST013111,2024-10-07,Delinquency Notice - 60 Days,2063.7,High
CE01108,LN010308,CUST013114,2024-09-01,Delinquency Notice - 30 Days,3288.38,High
CE01109,LN010309,CUST013114,2024-12-08,Delinquency Notice - 30 Days,18936.39,High
CE01110,LN010317,CUST013123,2024-12-19,Delinquency Notice - 60 Days,2604.2,Critical
CE01111,LN010324,CUST013136,2024-09-15,Delinquency Notice - 30 Days,39577.95,Moderate
CE01112,LN010351,CUST013176,2024-12-08,Delinquency Notice - 30 Days,932.54,Elevated
CE01113,LN010354,CUST013178,2024-08-01,Default / Write-off Review,3943.2,Critical
CE01114,LN010358,CUST013181,2024-06-14,Delinquency Notice - 30 Days,1466.12,Elevated
CE01115,LN010387,CUST013220,2024-12-17,Delinquency Notice - 30 Days,861.17,Moderate
CE01116,LN010393,CUST013225,2024-11-21,Delinquency Notice - 30 Days,490.22,Moderate
CE01117,LN010400,CUST013233,2024-06-29,Default / Write-off Review,717.29,High
CE01118,LN010415,CUST013246,2024-06-18,Delinquency Notice - 60 Days,7345.89,Moderate
CE01119,LN010416,CUST013247,2024-11-17,Delinquency Notice - 30 Days,3602.46,High
CE01120,LN010420,CUST013254,2024-06-21,Delinquency Notice - 30 Days,2186.53,Critical
CE01121,LN010424,CUST013256,2024-08-25,Default / Write-off Review,1378.87,High
CE01122,LN010427,CUST013260,2024-06-05,Delinquency Notice - 30 Days,353.89,Moderate
CE01123,LN010433,CUST013272,2024-07-06,Delinquency Notice - 30 Days,1378.35,Low
CE01124,LN010434,CUST013274,2024-12-22,Delinquency Notice - 30 Days,2041.79,Moderate
CE01125,LN010468,CUST013325,2024-11-21,Delinquency Notice - 30 Days,5364.02,Elevated
CE01126,LN010481,CUST013336,2024-07-17,Delinquency Notice - 60 Days,18662.94,Moderate
CE01127,LN010497,CUST013352,2024-10-02,Delinquency Notice - 60 Days,2287.04,Moderate
CE01128,LN010505,CUST013361,2024-11-26,Delinquency Notice - 60 Days,1735.77,Low
CE01129,LN010522,CUST013379,2024-08-22,Delinquency Notice - 30 Days,5008.7,High
CE01130,LN010540,CUST013395,2024-08-17,Delinquency Notice - 30 Days,3597.03,High
CE01131,LN010553,CUST013406,2024-08-21,Delinquency Notice - 60 Days,1533.14,Moderate
CE01132,LN010555,CUST013407,2024-07-30,Delinquency Notice - 60 Days,24248.7,Low
CE01133,LN010558,CUST013413,2024-06-02,Delinquency Notice - 30 Days,35469.41,Elevated
CE01134,LN010577,CUST013437,2024-08-19,Delinquency Notice - 30 Days,5758.56,Moderate
CE01135,LN010582,CUST013444,2024-10-02,Delinquency Notice - 30 Days,13997.6,Low
CE01136,LN010584,CUST013447,2024-10-17,Delinquency Notice - 30 Days,1743.13,Moderate
CE01137,LN010602,CUST013465,2024-10-29,Delinquency Notice - 60 Days,315.68,Elevated
CE01138,LN010603,CUST013465,2024-07-29,Default / Write-off Review,1123.11,Elevated
CE01139,LN010647,CUST013535,2024-12-14,Delinquency Notice - 60 Days,13895.53,Moderate
CE01140,LN010661,CUST013560,2024-12-20,Delinquency Notice - 30 Days,1788.24,High
CE01141,LN010692,CUST013597,2024-09-14,Default / Write-off Review,6069.39,Low
CE01142,LN010695,CUST013599,2024-09-22,Delinquency Notice - 30 Days,5968.2,Moderate
CE01143,LN010698,CUST013602,2024-10-25,Delinquency Notice - 30 Days,2342.78,Moderate
CE01144,LN010709,CUST013619,2024-08-14,Delinquency Notice - 30 Days,10726.01,Elevated
CE01145,LN010710,CUST013620,2024-08-21,Delinquency Notice - 60 Days,974.9,Moderate
CE01146,LN010716,CUST013626,2024-12-26,Delinquency Notice - 30 Days,3563.72,Elevated
CE01147,LN010719,CUST013631,2024-08-25,Delinquency Notice - 30 Days,6506.25,Moderate
CE01148,LN010729,CUST013647,2024-08-20,Delinquency Notice - 30 Days,7182.79,Moderate
CE01149,LN010734,CUST013654,2024-09-22,Delinquency Notice - 30 Days,26254.51,Moderate
CE01150,LN010741,CUST013669,2024-09-06,Default / Write-off Review,6806.42,High
CE01151,LN010746,CUST013684,2024-08-11,Delinquency Notice - 30 Days,3868.97,Moderate
CE01152,LN010768,CUST013712,2024-11-14,Delinquency Notice - 30 Days,1363.41,Critical
CE01153,LN010776,CUST013719,2024-08-21,Delinquency Notice - 30 Days,29798.56,Moderate
CE01154,LN010780,CUST013723,2024-10-28,Delinquency Notice - 30 Days,6189.02,Low
CE01155,LN010781,CUST013725,2024-10-26,Default / Write-off Review,33505.05,Moderate
CE01156,LN010783,CUST013726,2024-07-21,Default / Write-off Review,28232.36,Elevated
CE01157,LN010788,CUST013731,2024-12-25,Delinquency Notice - 30 Days,28942.76,Elevated
CE01158,LN010802,CUST013753,2024-10-21,Default / Write-off Review,820.72,Critical
CE01159,LN010815,CUST013766,2024-07-22,Delinquency Notice - 60 Days,11745.95,High
CE01160,LN010825,CUST013782,2024-12-21,Delinquency Notice - 30 Days,26314.89,Low
CE01161,LN010838,CUST013800,2024-07-09,Delinquency Notice - 30 Days,1651.5,Elevated
CE01162,LN010840,CUST013801,2024-10-05,Delinquency Notice - 30 Days,4405.13,Elevated
CE01163,LN010860,CUST013829,2024-08-20,Delinquency Notice - 60 Days,1536.42,High
CE01164,LN010861,CUST013829,2024-06-01,Delinquency Notice - 30 Days,1397.35,High
CE01165,LN010864,CUST013832,2024-11-05,Default / Write-off Review,4563.43,Moderate
CE01166,LN010878,CUST013853,2024-06-09,Delinquency Notice - 60 Days,2713.0,Elevated
CE01167,LN010911,CUST013884,2024-11-02,Default / Write-off Review,4807.33,Elevated
CE01168,LN010912,CUST013886,2024-11-04,Default / Write-off Review,1162.59,Moderate
CE01169,LN010971,CUST013964,2024-06-29,Delinquency Notice - 30 Days,555.47,High
CE01170,LN010972,CUST013964,2024-07-23,Delinquency Notice - 30 Days,1084.56,High
CE01171,LN010980,CUST013973,2024-09-25,Delinquency Notice - 60 Days,12183.26,Elevated
CE01172,LN010986,CUST013977,2024-09-12,Delinquency Notice - 60 Days,2481.79,Moderate
CE01173,LN010987,CUST013979,2024-12-26,Delinquency Notice - 30 Days,498.2,Low
CE01174,LN010990,CUST013987,2024-09-12,Delinquency Notice - 30 Days,8036.52,Low
CE01175,LN011011,CUST014015,2024-06-08,Delinquency Notice - 30 Days,1558.85,Critical
CE01176,LN011012,CUST014016,2024-07-09,Delinquency Notice - 30 Days,281.48,Critical
CE01177,LN011023,CUST014037,2024-11-15,Default / Write-off Review,9851.53,Low
CE01178,LN011038,CUST014053,2024-06-04,Default / Write-off Review,2946.34,Elevated
CE01179,LN011072,CUST014092,2024-11-22,Delinquency Notice - 30 Days,38678.63,Low
CE01180,LN011081,CUST014104,2024-07-30,Delinquency Notice - 30 Days,3893.75,Elevated
CE01181,LN011088,CUST014109,2024-10-11,Default / Write-off Review,2900.12,Moderate
CE01182,LN011090,CUST014110,2024-09-19,Delinquency Notice - 60 Days,33172.99,Elevated
CE01183,LN011096,CUST014120,2024-07-17,Delinquency Notice - 30 Days,17285.06,Moderate
CE01184,LN011105,CUST014131,2024-08-03,Default / Write-off Review,2540.18,High
CE01185,LN011111,CUST014138,2024-06-09,Delinquency Notice - 30 Days,7921.78,Elevated
CE01186,LN011132,CUST014157,2024-06-01,Delinquency Notice - 60 Days,14040.99,Elevated
CE01187,LN011144,CUST014172,2024-08-05,Delinquency Notice - 30 Days,21447.31,High
CE01188,LN011148,CUST014179,2024-09-19,Delinquency Notice - 60 Days,961.06,Moderate
CE01189,LN011161,CUST014201,2024-06-30,Delinquency Notice - 60 Days,557.12,Critical
CE01190,LN011162,CUST014204,2024-07-15,Delinquency Notice - 30 Days,1063.88,Elevated
CE01191,LN011171,CUST014220,2024-10-18,Delinquency Notice - 60 Days,10013.4,Moderate
CE01192,LN011181,CUST014229,2024-10-18,Default / Write-off Review,5021.76,Moderate
CE01193,LN011200,CUST014247,2024-11-03,Default / Write-off Review,8684.95,Moderate
CE01194,LN011208,CUST014258,2024-08-19,Default / Write-off Review,4545.96,High
CE01195,LN011218,CUST014273,2024-10-08,Default / Write-off Review,769.29,Moderate
CE01196,LN011241,CUST014309,2024-07-25,Delinquency Notice - 30 Days,3772.86,Elevated
CE01197,LN011254,CUST014334,2024-07-03,Delinquency Notice - 60 Days,867.69,Low
CE01198,LN011264,CUST014344,2024-09-04,Delinquency Notice - 30 Days,22510.51,Moderate
CE01199,LN011287,CUST014370,2024-08-18,Default / Write-off Review,1215.19,Low
CE01200,LN011299,CUST014387,2024-07-15,Default / Write-off Review,154058.36,Moderate
CE01201,LN011303,CUST014393,2024-12-15,Delinquency Notice - 30 Days,1155.78,Elevated
CE01202,LN011314,CUST014412,2024-08-04,Delinquency Notice - 60 Days,2617.18,Low
CE01203,LN011315,CUST014412,2024-09-30,Delinquency Notice - 60 Days,678.09,Low
CE01204,LN011316,CUST014414,2024-08-21,Delinquency Notice - 30 Days,1412.03,High
CE01205,LN011319,CUST014417,2024-10-24,Delinquency Notice - 30 Days,2727.31,Low
CE01206,LN011339,CUST014447,2024-09-18,Delinquency Notice - 30 Days,1712.27,Elevated
CE01207,LN011348,CUST014460,2024-06-04,Default / Write-off Review,2008.55,Low
CE01208,LN011354,CUST014465,2024-06-05,Delinquency Notice - 60 Days,2702.21,Critical
CE01209,LN011357,CUST014471,2024-10-13,Delinquency Notice - 30 Days,6201.78,Moderate
CE01210,LN011398,CUST014530,2024-10-06,Delinquency Notice - 60 Days,856.54,Critical
CE01211,LN011422,CUST014557,2024-10-06,Delinquency Notice - 30 Days,1314.81,Moderate
CE01212,LN011440,CUST014580,2024-09-05,Default / Write-off Review,19283.49,High
CE01213,LN011443,CUST014589,2024-11-20,Default / Write-off Review,5279.94,Low
CE01214,LN011457,CUST014610,2024-12-07,Delinquency Notice - 30 Days,483.48,Elevated
CE01215,LN011459,CUST014611,2024-06-15,Delinquency Notice - 30 Days,3964.75,Critical
CE01216,LN011465,CUST014618,2024-12-02,Delinquency Notice - 60 Days,737.84,Moderate
CE01217,LN011467,CUST014620,2024-06-14,Delinquency Notice - 60 Days,695.96,Elevated
CE01218,LN011469,CUST014628,2024-10-24,Delinquency Notice - 30 Days,10038.64,Moderate
CE01219,LN011475,CUST014634,2024-10-01,Delinquency Notice - 30 Days,11226.73,High
CE01220,LN011485,CUST014643,2024-11-06,Delinquency Notice - 30 Days,7029.05,Moderate
CE01221,LN011495,CUST014660,2024-06-04,Default / Write-off Review,23946.88,Moderate
CE01222,LN011511,CUST014673,2024-09-28,Delinquency Notice - 60 Days,13883.38,Elevated
CE01223,LN011512,CUST014674,2024-09-14,Default / Write-off Review,367.87,Elevated
CE01224,LN011516,CUST014677,2024-09-26,Delinquency Notice - 60 Days,3875.81,Elevated
CE01225,LN011521,CUST014685,2024-08-13,Delinquency Notice - 30 Days,3276.54,High
CE01226,LN011524,CUST014689,2024-06-28,Default / Write-off Review,12088.52,Moderate
CE01227,LN011543,CUST014720,2024-09-25,Delinquency Notice - 30 Days,607.2,Elevated
CE01228,LN011553,CUST014734,2024-06-21,Delinquency Notice - 30 Days,1790.21,Low
CE01229,LN011558,CUST014740,2024-12-08,Default / Write-off Review,1200.55,Critical
CE01230,LN011559,CUST014744,2024-11-07,Delinquency Notice - 30 Days,8447.43,Elevated
CE01231,LN011568,CUST014765,2024-10-08,Delinquency Notice - 30 Days,611.54,High
CE01232,LN011571,CUST014768,2024-11-22,Delinquency Notice - 60 Days,3503.23,High
CE01233,LN011574,CUST014771,2024-07-29,Delinquency Notice - 60 Days,1635.61,Low
CE01234,LN011585,CUST014794,2024-10-19,Delinquency Notice - 30 Days,3956.08,Elevated
CE01235,LN011586,CUST014794,2024-06-01,Delinquency Notice - 30 Days,6733.91,Elevated
CE01236,LN011587,CUST014794,2024-12-17,Default / Write-off Review,2727.44,Elevated
CE01237,LN011612,CUST014837,2024-08-31,Default / Write-off Review,32535.1,Elevated
CE01238,LN011636,CUST014870,2024-07-31,Delinquency Notice - 30 Days,5917.34,Elevated
CE01239,LN011649,CUST014890,2024-10-05,Delinquency Notice - 30 Days,14471.98,Moderate
CE01240,LN011653,CUST014899,2024-12-05,Delinquency Notice - 30 Days,1399.45,Moderate
CE01241,LN011671,CUST014922,2024-12-02,Delinquency Notice - 60 Days,1059.92,Low
CE01242,LN011681,CUST014932,2024-07-21,Delinquency Notice - 30 Days,41146.8,Moderate
CE01243,LN011714,CUST014970,2024-09-04,Delinquency Notice - 60 Days,1359.95,Moderate
CE01244,LN011731,CUST014985,2024-12-01,Delinquency Notice - 30 Days,5689.76,Elevated
CE01245,LN011741,CUST014997,2024-11-05,Delinquency Notice - 30 Days,650.38,Critical
CE01246,LN011745,CUST015002,2024-12-24,Delinquency Notice - 60 Days,574.68,High
CE01247,LN011752,CUST015010,2024-07-26,Default / Write-off Review,5029.55,Critical
CE01248,LN011753,CUST015010,2024-08-02,Default / Write-off Review,20315.27,Critical
CE01249,LN011769,CUST015024,2024-10-12,Delinquency Notice - 60 Days,4232.38,Moderate
CE01250,LN011775,CUST015027,2024-11-29,Delinquency Notice - 30 Days,249.54,Elevated
CE01251,LN011780,CUST015034,2024-08-15,Delinquency Notice - 30 Days,3440.54,Low
CE01252,LN011787,CUST015046,2024-10-15,Delinquency Notice - 30 Days,768.15,Low
CE01253,LN011790,CUST015048,2024-07-04,Delinquency Notice - 60 Days,19731.74,High
CE01254,LN011800,CUST015057,2024-07-05,Delinquency Notice - 60 Days,2597.07,High
CE01255,LN011812,CUST015072,2024-07-04,Delinquency Notice - 30 Days,6252.75,Low
CE01256,LN011834,CUST015097,2024-10-04,Delinquency Notice - 60 Days,1397.81,Moderate
CE01257,LN011841,CUST015105,2024-07-16,Default / Write-off Review,10539.97,Moderate
CE01258,LN011863,CUST015134,2024-07-31,Default / Write-off Review,4858.34,High
CE01259,LN011869,CUST015141,2024-08-28,Default / Write-off Review,329.47,Critical
CE01260,LN011875,CUST015154,2024-10-08,Default / Write-off Review,14904.55,Elevated
CE01261,LN011900,CUST015182,2024-08-17,Delinquency Notice - 60 Days,1746.8,Moderate
CE01262,LN011902,CUST015183,2024-06-13,Delinquency Notice - 60 Days,690.32,High
CE01263,LN011913,CUST015199,2024-12-23,Delinquency Notice - 30 Days,28083.99,Low
CE01264,LN011921,CUST015208,2024-08-29,Delinquency Notice - 60 Days,1729.81,High
CE01265,LN011926,CUST015211,2024-11-23,Delinquency Notice - 30 Days,14982.61,Moderate
CE01266,LN011946,CUST015242,2024-11-17,Default / Write-off Review,5502.13,Moderate
CE01267,LN011955,CUST015250,2024-12-05,Delinquency Notice - 60 Days,362.51,Elevated
CE01268,LN011964,CUST015257,2024-12-08,Delinquency Notice - 30 Days,1998.77,Moderate
CE01269,LN011965,CUST015257,2024-12-11,Default / Write-off Review,10192.87,Moderate
CE01270,LN011970,CUST015259,2024-09-20,Delinquency Notice - 60 Days,1930.98,Moderate
CE01271,LN011986,CUST015282,2024-06-09,Default / Write-off Review,19750.19,Low
CE01272,LN011990,CUST015285,2024-09-01,Delinquency Notice - 30 Days,4159.27,Low
CE01273,LN011995,CUST015291,2024-10-31,Delinquency Notice - 30 Days,29755.23,Moderate
CE01274,LN012004,CUST015314,2024-09-20,Delinquency Notice - 30 Days,3429.04,Low
CE01275,LN012015,CUST015325,2024-11-13,Default / Write-off Review,2217.63,Moderate
CE01276,LN012018,CUST015332,2024-12-27,Default / Write-off Review,1561.77,Moderate
CE01277,LN012044,CUST015369,2024-07-29,Delinquency Notice - 60 Days,7724.08,Low
CE01278,LN012052,CUST015379,2024-07-21,Delinquency Notice - 30 Days,2326.08,Moderate
CE01279,LN012060,CUST015397,2024-11-05,Delinquency Notice - 30 Days,8336.98,Moderate
CE01280,LN012062,CUST015400,2024-08-14,Delinquency Notice - 60 Days,2695.79,High
CE01281,LN012065,CUST015406,2024-12-15,Default / Write-off Review,3132.12,Elevated
CE01282,LN012074,CUST015422,2024-08-20,Delinquency Notice - 30 Days,489.48,High
CE01283,LN012075,CUST015422,2024-10-31,Delinquency Notice - 30 Days,3873.87,High
CE01284,LN012119,CUST015481,2024-08-26,Default / Write-off Review,27675.41,Moderate
CE01285,LN012123,CUST015488,2024-12-18,Default / Write-off Review,6633.61,High
CE01286,LN012128,CUST015493,2024-11-26,Delinquency Notice - 30 Days,1485.15,High
CE01287,LN012156,CUST015519,2024-10-25,Delinquency Notice - 60 Days,9854.25,Elevated
CE01288,LN012163,CUST015526,2024-09-20,Delinquency Notice - 30 Days,2605.98,Critical
CE01289,LN012165,CUST015527,2024-12-02,Default / Write-off Review,8100.26,Moderate
CE01290,LN012185,CUST015551,2024-10-25,Delinquency Notice - 30 Days,2172.09,Moderate
CE01291,LN012189,CUST015552,2024-07-11,Delinquency Notice - 60 Days,144.27,Low
CE01292,LN012214,CUST015583,2024-12-18,Delinquency Notice - 30 Days,6105.42,Moderate
CE01293,LN012226,CUST015599,2024-09-16,Delinquency Notice - 30 Days,3227.99,Moderate
CE01294,LN012238,CUST015610,2024-07-01,Delinquency Notice - 60 Days,26010.29,High
CE01295,LN012257,CUST015631,2024-11-19,Delinquency Notice - 30 Days,12314.34,Moderate
CE01296,LN012259,CUST015633,2024-11-28,Delinquency Notice - 30 Days,394.7,Critical
CE01297,LN012263,CUST015640,2024-11-11,Delinquency Notice - 60 Days,3228.66,Moderate
CE01298,LN012277,CUST015653,2024-09-06,Delinquency Notice - 30 Days,2535.02,High
CE01299,LN012289,CUST015671,2024-12-07,Delinquency Notice - 30 Days,1096.98,Critical
CE01300,LN012301,CUST015691,2024-10-20,Delinquency Notice - 30 Days,1441.34,Critical
CE01301,LN012323,CUST015714,2024-07-05,Delinquency Notice - 60 Days,1421.76,Moderate
CE01302,LN012328,CUST015727,2024-11-25,Default / Write-off Review,6147.98,Elevated
CE01303,LN012348,CUST015751,2024-06-10,Default / Write-off Review,19891.52,Moderate
CE01304,LN012364,CUST015767,2024-06-17,Default / Write-off Review,13396.27,High
CE01305,LN012368,CUST015773,2024-08-04,Delinquency Notice - 30 Days,4937.66,Moderate
CE01306,LN012389,CUST015808,2024-11-06,Delinquency Notice - 30 Days,2134.39,Moderate
CE01307,LN012397,CUST015826,2024-10-06,Delinquency Notice - 30 Days,9569.04,Moderate
CE01308,LN012411,CUST015854,2024-06-21,Default / Write-off Review,7820.4,Elevated
CE01309,LN012439,CUST015891,2024-06-05,Delinquency Notice - 60 Days,8028.56,Moderate
CE01310,LN012442,CUST015893,2024-11-11,Default / Write-off Review,9220.09,Elevated
CE01311,LN012458,CUST015906,2024-07-15,Delinquency Notice - 60 Days,1939.73,Elevated
CE01312,LN012465,CUST015918,2024-10-06,Delinquency Notice - 30 Days,9014.26,Moderate
CE01313,LN012476,CUST015937,2024-06-02,Delinquency Notice - 30 Days,5274.1,Moderate
CE01314,LN012479,CUST015939,2024-08-04,Default / Write-off Review,6745.52,High
CE01315,LN012480,CUST015939,2024-12-27,Delinquency Notice - 60 Days,1506.66,High
CE01316,LN012485,CUST015956,2024-09-30,Delinquency Notice - 30 Days,738.76,Moderate
CE01317,LN012491,CUST015961,2024-09-13,Default / Write-off Review,5996.88,High
CE01318,LN012493,CUST015961,2024-12-23,Delinquency Notice - 30 Days,21290.16,High
CE01319,LN012495,CUST015963,2024-11-18,Delinquency Notice - 30 Days,2254.97,Moderate
CE01320,LN012499,CUST015966,2024-07-28,Delinquency Notice - 30 Days,6598.98,Low
CE01321,LN012509,CUST015972,2024-12-22,Delinquency Notice - 30 Days,11064.76,Moderate
CE01322,LN012544,CUST016015,2024-08-15,Delinquency Notice - 60 Days,1919.63,Moderate
CE01323,LN012564,CUST016032,2024-09-05,Default / Write-off Review,918.34,Moderate
CE01324,LN012570,CUST016038,2024-07-13,Delinquency Notice - 30 Days,13643.34,Elevated
CE01325,LN012579,CUST016045,2024-12-15,Default / Write-off Review,380.35,Low
CE01326,LN012586,CUST016056,2024-07-18,Delinquency Notice - 60 Days,1655.3,Elevated
CE01327,LN012598,CUST016072,2024-10-21,Default / Write-off Review,6602.44,Elevated
CE01328,LN012601,CUST016073,2024-10-14,Delinquency Notice - 30 Days,14314.8,Elevated
CE01329,LN012607,CUST016088,2024-07-27,Default / Write-off Review,1399.44,Elevated
CE01330,LN012646,CUST016146,2024-09-26,Delinquency Notice - 30 Days,2925.77,Low
CE01331,LN012655,CUST016156,2024-10-11,Delinquency Notice - 30 Days,32321.18,Elevated
CE01332,LN012683,CUST016181,2024-11-30,Default / Write-off Review,1281.65,Elevated
CE01333,LN012689,CUST016189,2024-07-10,Delinquency Notice - 30 Days,6701.63,Low
CE01334,LN012691,CUST016191,2024-12-09,Delinquency Notice - 60 Days,6820.12,Moderate
CE01335,LN012692,CUST016192,2024-09-07,Default / Write-off Review,3345.69,Elevated
CE01336,LN012696,CUST016201,2024-10-22,Default / Write-off Review,16818.59,Moderate
CE01337,LN012697,CUST016203,2024-10-31,Delinquency Notice - 60 Days,10858.22,Elevated
CE01338,LN012708,CUST016219,2024-10-21,Delinquency Notice - 60 Days,1466.5,Low
CE01339,LN012718,CUST016229,2024-12-12,Default / Write-off Review,3585.01,Critical
CE01340,LN012727,CUST016239,2024-12-22,Delinquency Notice - 60 Days,1108.87,Low
CE01341,LN012730,CUST016242,2024-09-13,Delinquency Notice - 30 Days,7671.62,High
CE01342,LN012732,CUST016245,2024-12-12,Default / Write-off Review,11026.28,Moderate
CE01343,LN012766,CUST016296,2024-10-29,Delinquency Notice - 60 Days,1319.53,High
CE01344,LN012791,CUST016340,2024-09-24,Delinquency Notice - 60 Days,1960.05,Low
CE01345,LN012816,CUST016378,2024-09-11,Delinquency Notice - 30 Days,2351.1,Elevated
CE01346,LN012821,CUST016384,2024-08-10,Delinquency Notice - 60 Days,14034.01,Elevated
CE01347,LN012839,CUST016402,2024-11-30,Delinquency Notice - 30 Days,1730.75,Critical
CE01348,LN012840,CUST016402,2024-07-24,Delinquency Notice - 30 Days,6582.04,Critical
CE01349,LN012841,CUST016405,2024-11-04,Delinquency Notice - 30 Days,182.49,Low
CE01350,LN012846,CUST016411,2024-09-30,Delinquency Notice - 60 Days,10158.91,Elevated
CE01351,LN012858,CUST016422,2024-06-21,Delinquency Notice - 30 Days,3413.93,Elevated
CE01352,LN012869,CUST016437,2024-06-05,Default / Write-off Review,1757.88,Moderate
CE01353,LN012874,CUST016445,2024-10-15,Delinquency Notice - 30 Days,17162.72,Moderate
CE01354,LN012878,CUST016449,2024-06-15,Default / Write-off Review,1962.65,Moderate
CE01355,LN012888,CUST016467,2024-07-21,Delinquency Notice - 60 Days,3441.51,High
CE01356,LN012892,CUST016469,2024-09-01,Delinquency Notice - 30 Days,16986.87,Low
CE01357,LN012893,CUST016470,2024-09-18,Delinquency Notice - 60 Days,12151.33,Elevated
CE01358,LN012909,CUST016486,2024-10-24,Delinquency Notice - 60 Days,1164.3,High
CE01359,LN012911,CUST016486,2024-07-07,Default / Write-off Review,9653.44,High
CE01360,LN012924,CUST016503,2024-09-09,Delinquency Notice - 60 Days,2925.53,Low
CE01361,LN012932,CUST016516,2024-11-06,Delinquency Notice - 60 Days,714.02,High
CE01362,LN012935,CUST016521,2024-10-11,Delinquency Notice - 30 Days,2238.91,Critical
CE01363,LN012938,CUST016526,2024-11-25,Delinquency Notice - 30 Days,7210.3,Low
CE01364,LN012944,CUST016529,2024-06-23,Delinquency Notice - 60 Days,249.96,High
CE01365,LN012956,CUST016542,2024-09-22,Default / Write-off Review,13482.58,Critical
CE01366,LN012964,CUST016554,2024-08-21,Delinquency Notice - 60 Days,455.97,Low
CE01367,LN012984,CUST016578,2024-07-14,Default / Write-off Review,9377.44,Elevated
CE01368,LN012989,CUST016582,2024-11-05,Delinquency Notice - 30 Days,1202.31,Low
CE01369,LN012994,CUST016586,2024-10-29,Default / Write-off Review,2290.02,Moderate
CE01370,LN013002,CUST016594,2024-10-30,Delinquency Notice - 60 Days,3395.15,Critical
CE01371,LN013005,CUST016601,2024-07-05,Delinquency Notice - 30 Days,8542.87,Elevated
CE01372,LN013048,CUST016651,2024-06-16,Delinquency Notice - 30 Days,400.22,Moderate
CE01373,LN013064,CUST016673,2024-06-11,Delinquency Notice - 30 Days,5982.23,Low
CE01374,LN013068,CUST016677,2024-08-27,Delinquency Notice - 30 Days,1865.63,Moderate
CE01375,LN013076,CUST016689,2024-06-09,Delinquency Notice - 30 Days,2842.52,High
CE01376,LN013088,CUST016706,2024-10-11,Delinquency Notice - 30 Days,3873.82,Moderate
CE01377,LN013100,CUST016717,2024-10-29,Delinquency Notice - 60 Days,1900.8,Moderate
CE01378,LN013118,CUST016735,2024-10-15,Default / Write-off Review,3575.4,Low
CE01379,LN013129,CUST016742,2024-09-28,Default / Write-off Review,1010.34,Critical
CE01380,LN013143,CUST016758,2024-10-01,Delinquency Notice - 60 Days,4189.77,Elevated
CE01381,LN013148,CUST016765,2024-08-28,Default / Write-off Review,356.02,Elevated
CE01382,LN013151,CUST016767,2024-06-21,Delinquency Notice - 30 Days,557.86,Elevated
CE01383,LN013155,CUST016772,2024-12-11,Default / Write-off Review,8970.06,Critical
CE01384,LN013165,CUST016787,2024-11-16,Delinquency Notice - 60 Days,5442.88,Elevated
CE01385,LN013198,CUST016833,2024-11-12,Delinquency Notice - 30 Days,3314.62,Elevated
CE01386,LN013203,CUST016843,2024-12-27,Delinquency Notice - 60 Days,3603.41,Moderate
CE01387,LN013214,CUST016859,2024-10-31,Delinquency Notice - 30 Days,1193.01,Moderate
CE01388,LN013235,CUST016886,2024-10-19,Delinquency Notice - 30 Days,573.7,Critical
CE01389,LN013244,CUST016895,2024-08-13,Default / Write-off Review,869.62,Low
CE01390,LN013250,CUST016902,2024-06-03,Delinquency Notice - 60 Days,2845.2,High
CE01391,LN013274,CUST016934,2024-08-10,Delinquency Notice - 30 Days,1900.83,High
CE01392,LN013288,CUST016951,2024-09-06,Delinquency Notice - 30 Days,4165.72,Elevated
CE01393,LN013294,CUST016959,2024-10-23,Delinquency Notice - 30 Days,11630.57,High
CE01394,LN013313,CUST016977,2024-08-28,Delinquency Notice - 60 Days,7262.61,Elevated
CE01395,LN013319,CUST016987,2024-06-12,Delinquency Notice - 60 Days,7402.75,Moderate
CE01396,LN013352,CUST017020,2024-10-03,Default / Write-off Review,12099.25,Critical
CE01397,LN013356,CUST017028,2024-06-06,Delinquency Notice - 30 Days,17578.56,High
CE01398,LN013373,CUST017047,2024-12-06,Default / Write-off Review,1993.76,Critical
CE01399,LN013383,CUST017062,2024-10-24,Delinquency Notice - 30 Days,14215.94,Moderate
CE01400,LN013393,CUST017073,2024-11-26,Default / Write-off Review,2348.63,Moderate
CE01401,LN013405,CUST017081,2024-07-18,Default / Write-off Review,24938.28,Low
CE01402,LN013413,CUST017092,2024-12-11,Default / Write-off Review,10591.36,Elevated
CE01403,LN013435,CUST017123,2024-09-18,Delinquency Notice - 30 Days,2894.04,Low
CE01404,LN013437,CUST017127,2024-06-07,Default / Write-off Review,3563.02,Low
CE01405,LN013440,CUST017133,2024-10-04,Default / Write-off Review,24199.86,Elevated
CE01406,LN013444,CUST017139,2024-07-26,Delinquency Notice - 30 Days,2608.22,Moderate
CE01407,LN013476,CUST017181,2024-06-25,Delinquency Notice - 60 Days,9024.88,High
CE01408,LN013487,CUST017193,2024-08-16,Delinquency Notice - 60 Days,3053.76,Elevated
CE01409,LN013488,CUST017194,2024-08-04,Delinquency Notice - 30 Days,1670.67,Moderate
CE01410,LN013502,CUST017216,2024-08-24,Default / Write-off Review,587.27,High
CE01411,LN013507,CUST017223,2024-07-24,Delinquency Notice - 30 Days,1899.8,Moderate
CE01412,LN013587,CUST017329,2024-09-23,Delinquency Notice - 30 Days,2316.54,Elevated
CE01413,LN013591,CUST017333,2024-06-09,Delinquency Notice - 30 Days,2589.82,Moderate
CE01414,LN013594,CUST017337,2024-11-20,Delinquency Notice - 60 Days,2686.3,Elevated
CE01415,LN013603,CUST017349,2024-08-28,Delinquency Notice - 60 Days,1504.39,Critical
CE01416,LN013604,CUST017349,2024-10-16,Delinquency Notice - 60 Days,421.82,Critical
CE01417,LN013615,CUST017361,2024-09-07,Delinquency Notice - 30 Days,50902.28,Moderate
CE01418,LN013617,CUST017362,2024-12-11,Default / Write-off Review,4038.79,Low
CE01419,LN013625,CUST017370,2024-08-21,Delinquency Notice - 60 Days,1661.15,Moderate
CE01420,LN013640,CUST017391,2024-06-15,Delinquency Notice - 30 Days,1325.11,High
CE01421,LN013646,CUST017394,2024-07-02,Delinquency Notice - 30 Days,3389.73,Critical
CE01422,LN013647,CUST017395,2024-06-13,Delinquency Notice - 60 Days,3959.75,Elevated
CE01423,LN013651,CUST017404,2024-11-15,Delinquency Notice - 30 Days,5433.07,High
CE01424,LN013652,CUST017405,2024-11-03,Delinquency Notice - 30 Days,1687.06,Moderate
CE01425,LN013663,CUST017414,2024-09-14,Delinquency Notice - 60 Days,10352.32,Elevated
CE01426,LN013677,CUST017433,2024-08-30,Delinquency Notice - 30 Days,3744.27,Elevated
CE01427,LN013711,CUST017481,2024-09-05,Delinquency Notice - 30 Days,9888.31,High
CE01428,LN013715,CUST017484,2024-06-17,Default / Write-off Review,10394.56,Elevated
CE01429,LN013718,CUST017487,2024-11-11,Delinquency Notice - 60 Days,2828.14,Low
CE01430,LN013724,CUST017496,2024-09-07,Default / Write-off Review,55838.95,Low
CE01431,LN013740,CUST017517,2024-07-29,Delinquency Notice - 60 Days,2583.36,Low
CE01432,LN013751,CUST017525,2024-12-18,Delinquency Notice - 60 Days,6945.11,Elevated
CE01433,LN013753,CUST017527,2024-06-18,Delinquency Notice - 60 Days,4162.95,Moderate
CE01434,LN013754,CUST017531,2024-11-18,Delinquency Notice - 60 Days,6611.89,Low
CE01435,LN013781,CUST017561,2024-11-05,Delinquency Notice - 30 Days,18222.26,Elevated
CE01436,LN013786,CUST017569,2024-09-13,Delinquency Notice - 30 Days,3550.16,Low
CE01437,LN013789,CUST017572,2024-07-05,Delinquency Notice - 60 Days,34919.41,Elevated
CE01438,LN013802,CUST017597,2024-12-23,Delinquency Notice - 30 Days,6381.26,Moderate
CE01439,LN013809,CUST017603,2024-10-26,Delinquency Notice - 30 Days,717.63,Critical
CE01440,LN013825,CUST017628,2024-11-24,Delinquency Notice - 30 Days,30706.84,Elevated
CE01441,LN013828,CUST017630,2024-09-16,Delinquency Notice - 30 Days,18057.62,High
CE01442,LN013834,CUST017635,2024-07-31,Default / Write-off Review,1940.18,Low
CE01443,LN013860,CUST017679,2024-07-19,Delinquency Notice - 60 Days,8788.38,High
CE01444,LN013871,CUST017686,2024-06-25,Default / Write-off Review,863.33,Elevated
CE01445,LN013872,CUST017687,2024-07-28,Delinquency Notice - 30 Days,2408.07,Low
CE01446,LN013905,CUST017723,2024-09-16,Default / Write-off Review,8617.65,High
CE01447,LN013910,CUST017731,2024-12-01,Default / Write-off Review,23994.88,Low
CE01448,LN013918,CUST017744,2024-11-09,Delinquency Notice - 60 Days,2745.44,Elevated
CE01449,LN013936,CUST017771,2024-08-04,Default / Write-off Review,8337.56,Elevated
CE01450,LN013938,CUST017774,2024-09-06,Delinquency Notice - 60 Days,11034.86,Moderate
CE01451,LN013967,CUST017809,2024-06-15,Delinquency Notice - 30 Days,2021.58,Moderate
CE01452,LN013977,CUST017823,2024-09-07,Delinquency Notice - 30 Days,13632.15,Elevated
CE01453,LN013992,CUST017838,2024-11-24,Delinquency Notice - 30 Days,583.9,High
CE01454,LN013993,CUST017839,2024-07-25,Default / Write-off Review,4615.52,High
CE01455,LN013999,CUST017841,2024-10-25,Delinquency Notice - 60 Days,9531.6,High
CE01456,LN014009,CUST017850,2024-12-27,Delinquency Notice - 30 Days,627.52,Critical
CE01457,LN014010,CUST017852,2024-09-18,Delinquency Notice - 30 Days,5676.28,Low
CE01458,LN014013,CUST017855,2024-08-07,Delinquency Notice - 30 Days,28835.3,Low
CE01459,LN014025,CUST017871,2024-10-30,Delinquency Notice - 30 Days,11530.34,Low
CE01460,LN014026,CUST017872,2024-11-11,Delinquency Notice - 60 Days,986.27,Low
CE01461,LN014048,CUST017893,2024-06-27,Default / Write-off Review,2007.56,Elevated
CE01462,LN014051,CUST017897,2024-08-10,Delinquency Notice - 60 Days,5435.44,High
CE01463,LN014062,CUST017909,2024-06-09,Delinquency Notice - 60 Days,14122.49,Moderate
CE01464,LN014066,CUST017913,2024-06-08,Delinquency Notice - 60 Days,6281.74,Elevated
CE01465,LN014067,CUST017916,2024-10-04,Delinquency Notice - 60 Days,3594.53,Critical
CE01466,LN014080,CUST017930,2024-07-17,Default / Write-off Review,8745.52,High
CE01467,LN014102,CUST017965,2024-11-04,Delinquency Notice - 60 Days,527.96,Critical
CE01468,LN014103,CUST017968,2024-07-14,Delinquency Notice - 60 Days,27946.63,Elevated
CE01469,LN014111,CUST017976,2024-06-14,Default / Write-off Review,470.02,Moderate
CE01470,LN014112,CUST017976,2024-12-18,Delinquency Notice - 30 Days,9211.37,Moderate
CE01471,LN014113,CUST017978,2024-12-11,Delinquency Notice - 60 Days,3347.94,Elevated
CE01472,LN014122,CUST017996,2024-06-23,Default / Write-off Review,752.78,Moderate
CE01473,LN014137,CUST018011,2024-06-09,Delinquency Notice - 60 Days,1458.63,Elevated
CE01474,LN014139,CUST018015,2024-10-27,Delinquency Notice - 30 Days,2725.07,Moderate
CE01475,LN014162,CUST018052,2024-07-29,Delinquency Notice - 30 Days,507.24,High
CE01476,LN014181,CUST018069,2024-08-29,Delinquency Notice - 30 Days,13664.81,Elevated
CE01477,LN014188,CUST018079,2024-09-28,Delinquency Notice - 30 Days,21818.65,High
CE01478,LN014204,CUST018101,2024-08-06,Delinquency Notice - 30 Days,31582.84,Moderate
CE01479,LN014207,CUST018104,2024-08-22,Delinquency Notice - 30 Days,6839.5,High
CE01480,LN014218,CUST018115,2024-07-16,Delinquency Notice - 60 Days,895.88,Moderate
CE01481,LN014228,CUST018125,2024-11-27,Delinquency Notice - 60 Days,17506.42,Critical
CE01482,LN014229,CUST018125,2024-06-06,Delinquency Notice - 30 Days,18389.91,Critical
CE01483,LN014245,CUST018147,2024-09-12,Delinquency Notice - 60 Days,21334.03,High
CE01484,LN014255,CUST018163,2024-11-25,Delinquency Notice - 30 Days,4221.1,Moderate
CE01485,LN014262,CUST018171,2024-08-04,Delinquency Notice - 30 Days,7707.41,Moderate
CE01486,LN014266,CUST018174,2024-06-08,Delinquency Notice - 60 Days,1847.23,Low
CE01487,LN014277,CUST018187,2024-10-23,Delinquency Notice - 30 Days,1677.91,Moderate
CE01488,LN014280,CUST018190,2024-10-10,Delinquency Notice - 30 Days,2374.83,Moderate
CE01489,LN014297,CUST018204,2024-10-11,Delinquency Notice - 60 Days,919.54,High
CE01490,LN014309,CUST018214,2024-08-04,Delinquency Notice - 30 Days,1886.34,Low
CE01491,LN014314,CUST018218,2024-06-11,Delinquency Notice - 30 Days,1775.23,Low
CE01492,LN014334,CUST018244,2024-07-06,Delinquency Notice - 30 Days,6786.2,Moderate
CE01493,LN014338,CUST018248,2024-12-20,Delinquency Notice - 30 Days,733.1,High
CE01494,LN014352,CUST018267,2024-11-16,Delinquency Notice - 60 Days,11877.17,High
CE01495,LN014360,CUST018280,2024-08-02,Default / Write-off Review,3394.56,Moderate
CE01496,LN014376,CUST018299,2024-11-04,Delinquency Notice - 60 Days,3274.87,Low
CE01497,LN014395,CUST018321,2024-12-08,Default / Write-off Review,5331.98,Elevated
CE01498,LN014399,CUST018325,2024-09-23,Default / Write-off Review,8141.85,Elevated
CE01499,LN014400,CUST018326,2024-07-15,Default / Write-off Review,1457.73,High
CE01500,LN014404,CUST018329,2024-07-24,Delinquency Notice - 60 Days,3647.43,Low
CE01501,LN014406,CUST018334,2024-10-29,Delinquency Notice - 60 Days,2999.42,Elevated
CE01502,LN014435,CUST018368,2024-09-24,Delinquency Notice - 60 Days,389.4,Elevated
CE01503,LN014436,CUST018368,2024-10-31,Default / Write-off Review,1322.27,Elevated
CE01504,LN014468,CUST018409,2024-11-20,Delinquency Notice - 30 Days,2998.39,Elevated
CE01505,LN014473,CUST018412,2024-11-28,Delinquency Notice - 30 Days,565.12,High
CE01506,LN014474,CUST018412,2024-06-04,Default / Write-off Review,2583.66,High
CE01507,LN014476,CUST018413,2024-09-04,Delinquency Notice - 30 Days,5021.11,Low
CE01508,LN014487,CUST018429,2024-07-08,Delinquency Notice - 30 Days,112225.09,Elevated
CE01509,LN014492,CUST018436,2024-11-05,Delinquency Notice - 60 Days,2289.36,Critical
CE01510,LN014494,CUST018438,2024-10-28,Delinquency Notice - 30 Days,2519.47,Low
CE01511,LN014507,CUST018451,2024-06-02,Default / Write-off Review,6483.63,Moderate
CE01512,LN014514,CUST018461,2024-12-10,Delinquency Notice - 30 Days,1474.97,High
CE01513,LN014515,CUST018462,2024-08-13,Delinquency Notice - 30 Days,2482.91,Low
CE01514,LN014516,CUST018462,2024-11-17,Delinquency Notice - 60 Days,1403.91,Low
CE01515,LN014527,CUST018483,2024-09-03,Delinquency Notice - 60 Days,71814.07,Elevated
CE01516,LN014532,CUST018487,2024-11-12,Default / Write-off Review,1557.2,Critical
CE01517,LN014549,CUST018506,2024-09-26,Delinquency Notice - 30 Days,333.86,Moderate
CE01518,LN014550,CUST018507,2024-08-02,Delinquency Notice - 60 Days,1013.58,Low
CE01519,LN014576,CUST018548,2024-06-15,Delinquency Notice - 60 Days,879.33,Moderate
CE01520,LN014600,CUST018571,2024-07-24,Delinquency Notice - 60 Days,3834.63,Low
CE01521,LN014602,CUST018572,2024-10-23,Delinquency Notice - 30 Days,6960.5,Moderate
CE01522,LN014610,CUST018579,2024-10-06,Delinquency Notice - 30 Days,12181.92,Moderate
CE01523,LN014612,CUST018584,2024-12-27,Delinquency Notice - 30 Days,31244.25,High
CE01524,LN014614,CUST018589,2024-07-03,Delinquency Notice - 30 Days,6376.39,High
CE01525,LN014621,CUST018595,2024-12-23,Default / Write-off Review,1159.28,Low
CE01526,LN014633,CUST018612,2024-09-01,Delinquency Notice - 30 Days,1400.31,Low
CE01527,LN014635,CUST018613,2024-09-18,Delinquency Notice - 30 Days,8160.16,Low
CE01528,LN014642,CUST018618,2024-09-23,Delinquency Notice - 30 Days,24667.06,Elevated
CE01529,LN014645,CUST018623,2024-07-22,Delinquency Notice - 60 Days,2837.12,High
CE01530,LN014650,CUST018631,2024-10-16,Delinquency Notice - 30 Days,3238.16,Low
CE01531,LN014657,CUST018635,2024-06-13,Delinquency Notice - 30 Days,6386.07,Elevated
CE01532,LN014663,CUST018644,2024-09-30,Default / Write-off Review,18336.56,High
CE01533,LN014674,CUST018654,2024-12-26,Delinquency Notice - 60 Days,3123.88,Critical
CE01534,LN014678,CUST018660,2024-07-17,Delinquency Notice - 60 Days,4522.83,Moderate
CE01535,LN014697,CUST018682,2024-07-07,Delinquency Notice - 30 Days,6138.16,Elevated
CE01536,LN014698,CUST018684,2024-06-10,Delinquency Notice - 30 Days,3406.85,High
CE01537,LN014703,CUST018689,2024-06-03,Delinquency Notice - 60 Days,499.67,Moderate
CE01538,LN014704,CUST018690,2024-10-13,Default / Write-off Review,13123.94,Moderate
CE01539,LN014706,CUST018692,2024-09-09,Delinquency Notice - 30 Days,4535.74,Low
CE01540,LN014713,CUST018710,2024-07-03,Delinquency Notice - 30 Days,464.51,High
CE01541,LN014726,CUST018723,2024-12-26,Delinquency Notice - 30 Days,19303.63,Low
CE01542,LN014747,CUST018751,2024-08-20,Delinquency Notice - 30 Days,4947.98,Moderate
CE01543,LN014749,CUST018753,2024-06-29,Default / Write-off Review,796.21,Low
CE01544,LN014752,CUST018757,2024-10-01,Delinquency Notice - 60 Days,1598.87,Critical
CE01545,LN014760,CUST018769,2024-10-12,Default / Write-off Review,8516.77,Moderate
CE01546,LN014780,CUST018791,2024-12-26,Default / Write-off Review,8954.04,Low
CE01547,LN014813,CUST018838,2024-12-17,Default / Write-off Review,3676.99,Elevated
CE01548,LN014814,CUST018838,2024-09-21,Default / Write-off Review,1126.0,Elevated
CE01549,LN014827,CUST018852,2024-07-19,Delinquency Notice - 30 Days,16041.53,Moderate
CE01550,LN014832,CUST018856,2024-07-09,Delinquency Notice - 30 Days,4078.06,High
CE01551,LN014837,CUST018861,2024-06-04,Delinquency Notice - 60 Days,3963.01,Low
CE01552,LN014845,CUST018872,2024-07-27,Delinquency Notice - 60 Days,5122.25,Low
CE01553,LN014851,CUST018883,2024-06-02,Default / Write-off Review,374.87,Elevated
CE01554,LN014855,CUST018890,2024-10-14,Delinquency Notice - 60 Days,1216.86,High
CE01555,LN014862,CUST018896,2024-08-31,Delinquency Notice - 30 Days,1007.87,Elevated
CE01556,LN014870,CUST018903,2024-12-17,Default / Write-off Review,17682.19,High
CE01557,LN014874,CUST018908,2024-06-08,Delinquency Notice - 30 Days,384.66,Elevated
CE01558,LN014902,CUST018940,2024-10-10,Delinquency Notice - 30 Days,1325.72,High
CE01559,LN014905,CUST018942,2024-11-15,Delinquency Notice - 60 Days,13498.47,Elevated
CE01560,LN014919,CUST018961,2024-06-10,Default / Write-off Review,3471.37,High
CE01561,LN014922,CUST018964,2024-12-13,Delinquency Notice - 60 Days,3044.16,High
CE01562,LN014930,CUST018970,2024-06-05,Delinquency Notice - 60 Days,12550.43,High
CE01563,LN014933,CUST018976,2024-07-07,Delinquency Notice - 60 Days,681.68,High
CE01564,LN014942,CUST018987,2024-10-15,Delinquency Notice - 30 Days,9196.68,Moderate
CE01565,LN014945,CUST018988,2024-10-08,Default / Write-off Review,14566.77,High
CE01566,LN014947,CUST018990,2024-06-23,Delinquency Notice - 30 Days,933.81,Moderate
CE01567,LN014948,CUST018990,2024-11-04,Default / Write-off Review,1373.19,Moderate
CE01568,LN014967,CUST019008,2024-10-03,Delinquency Notice - 60 Days,1772.39,Low
CE01569,LN014974,CUST019013,2024-08-22,Default / Write-off Review,334.66,Moderate
CE01570,LN014976,CUST019016,2024-10-21,Delinquency Notice - 60 Days,6715.75,Moderate
CE01571,LN014977,CUST019016,2024-07-24,Delinquency Notice - 30 Days,662.73,Moderate
CE01572,LN014992,CUST019036,2024-09-13,Delinquency Notice - 30 Days,5630.55,Elevated
CE01573,LN014995,CUST019041,2024-09-03,Delinquency Notice - 30 Days,397.03,High
CE01574,LN015001,CUST019051,2024-11-06,Delinquency Notice - 30 Days,3856.56,Elevated
CE01575,LN015002,CUST019055,2024-08-10,Delinquency Notice - 60 Days,4509.57,Moderate
CE01576,LN015006,CUST019057,2024-06-20,Delinquency Notice - 30 Days,15676.0,Low
CE01577,LN015013,CUST019066,2024-07-02,Delinquency Notice - 60 Days,3344.6,Moderate
CE01578,LN015022,CUST019080,2024-12-24,Delinquency Notice - 30 Days,482.15,Low
CE01579,LN015025,CUST019084,2024-12-09,Delinquency Notice - 30 Days,1105.98,Elevated
CE01580,LN015028,CUST019087,2024-09-23,Default / Write-off Review,219.43,Low
CE01581,LN015038,CUST019098,2024-12-11,Default / Write-off Review,5079.54,Low
CE01582,LN015043,CUST019110,2024-08-22,Default / Write-off Review,291.77,High
CE01583,LN015053,CUST019121,2024-08-10,Default / Write-off Review,12158.3,Elevated
CE01584,LN015068,CUST019137,2024-09-28,Default / Write-off Review,3093.83,High
CE01585,LN015083,CUST019154,2024-10-22,Delinquency Notice - 60 Days,375.0,Critical
CE01586,LN015103,CUST019174,2024-11-08,Default / Write-off Review,1083.16,Elevated
CE01587,LN015104,CUST019175,2024-06-25,Delinquency Notice - 60 Days,8836.59,Moderate
CE01588,LN015109,CUST019184,2024-12-25,Delinquency Notice - 60 Days,7884.99,Moderate
CE01589,LN015120,CUST019196,2024-10-16,Default / Write-off Review,1364.7,High
CE01590,LN015133,CUST019205,2024-06-08,Default / Write-off Review,3530.94,High
CE01591,LN015148,CUST019223,2024-08-26,Delinquency Notice - 60 Days,1898.73,Critical
CE01592,LN015153,CUST019232,2024-09-22,Delinquency Notice - 30 Days,311.36,Moderate
CE01593,LN015165,CUST019244,2024-08-14,Delinquency Notice - 30 Days,401.81,High
CE01594,LN015172,CUST019253,2024-06-13,Delinquency Notice - 30 Days,8535.96,Moderate
CE01595,LN015179,CUST019264,2024-08-07,Delinquency Notice - 30 Days,627.44,Moderate
CE01596,LN015182,CUST019268,2024-06-28,Delinquency Notice - 30 Days,1311.31,High
CE01597,LN015201,CUST019297,2024-10-26,Default / Write-off Review,883.69,Elevated
CE01598,LN015205,CUST019301,2024-10-15,Delinquency Notice - 60 Days,2593.3,High
CE01599,LN015206,CUST019301,2024-09-13,Delinquency Notice - 30 Days,16060.79,High
CE01600,LN015242,CUST019354,2024-07-04,Default / Write-off Review,4592.28,Moderate
CE01601,LN015249,CUST019363,2024-10-10,Delinquency Notice - 30 Days,2342.74,Moderate
CE01602,LN015256,CUST019372,2024-08-22,Delinquency Notice - 30 Days,2871.1,Elevated
CE01603,LN015263,CUST019379,2024-10-28,Delinquency Notice - 60 Days,466.23,Moderate
CE01604,LN015304,CUST019414,2024-06-21,Delinquency Notice - 60 Days,442.37,High
CE01605,LN015306,CUST019415,2024-07-14,Delinquency Notice - 30 Days,5399.17,Elevated
CE01606,LN015311,CUST019420,2024-09-24,Delinquency Notice - 30 Days,2779.79,Low
CE01607,LN015312,CUST019420,2024-11-17,Delinquency Notice - 60 Days,8404.72,Low
CE01608,LN015316,CUST019434,2024-10-21,Delinquency Notice - 30 Days,2124.27,Low
CE01609,LN015327,CUST019445,2024-09-15,Delinquency Notice - 60 Days,2826.02,Elevated
CE01610,LN015335,CUST019449,2024-10-16,Delinquency Notice - 60 Days,18162.19,High
CE01611,LN015345,CUST019458,2024-09-03,Delinquency Notice - 30 Days,7502.26,Moderate
CE01612,LN015365,CUST019480,2024-10-08,Delinquency Notice - 30 Days,632.1,Critical
CE01613,LN015370,CUST019485,2024-06-13,Delinquency Notice - 30 Days,3702.51,Low
CE01614,LN015382,CUST019494,2024-09-04,Delinquency Notice - 30 Days,2783.93,Elevated
CE01615,LN015387,CUST019501,2024-08-05,Delinquency Notice - 60 Days,839.68,Low
CE01616,LN015397,CUST019512,2024-07-13,Delinquency Notice - 60 Days,1882.11,Elevated
CE01617,LN015413,CUST019529,2024-12-21,Delinquency Notice - 30 Days,327.78,Moderate
CE01618,LN015421,CUST019535,2024-10-17,Delinquency Notice - 30 Days,8765.51,High
CE01619,LN015455,CUST019580,2024-10-21,Delinquency Notice - 60 Days,3961.91,Low
CE01620,LN015459,CUST019583,2024-08-20,Default / Write-off Review,901.38,Elevated
CE01621,LN015478,CUST019603,2024-11-21,Delinquency Notice - 60 Days,1027.6,Moderate
CE01622,LN015480,CUST019606,2024-06-13,Delinquency Notice - 60 Days,4632.12,Elevated
CE01623,LN015490,CUST019620,2024-12-20,Default / Write-off Review,6049.91,Elevated
CE01624,LN015494,CUST019628,2024-12-19,Delinquency Notice - 60 Days,14955.61,Low
CE01625,LN015497,CUST019630,2024-12-17,Default / Write-off Review,7312.25,High
CE01626,LN015498,CUST019630,2024-12-01,Delinquency Notice - 60 Days,9660.28,High
CE01627,LN015500,CUST019631,2024-10-25,Delinquency Notice - 30 Days,3028.88,Moderate
CE01628,LN015510,CUST019643,2024-08-03,Delinquency Notice - 30 Days,13385.94,Low
CE01629,LN015516,CUST019653,2024-07-07,Default / Write-off Review,10957.93,Elevated
CE01630,LN015585,CUST019749,2024-12-27,Delinquency Notice - 30 Days,7762.57,Elevated
CE01631,LN015591,CUST019756,2024-06-24,Delinquency Notice - 30 Days,1708.58,High
CE01632,LN015598,CUST019765,2024-12-02,Delinquency Notice - 30 Days,749.9,Moderate
CE01633,LN015599,CUST019765,2024-08-27,Delinquency Notice - 60 Days,1681.78,Moderate
CE01634,LN015610,CUST019778,2024-10-21,Default / Write-off Review,660.15,High
CE01635,LN015612,CUST019781,2024-06-23,Delinquency Notice - 60 Days,1022.42,Moderate
CE01636,LN015615,CUST019786,2024-10-20,Delinquency Notice - 60 Days,4202.53,Moderate
CE01637,LN015633,CUST019809,2024-10-02,Default / Write-off Review,4139.4,Elevated
CE01638,LN015643,CUST019824,2024-08-06,Delinquency Notice - 30 Days,13818.11,Low
CE01639,LN015647,CUST019828,2024-07-28,Delinquency Notice - 30 Days,20861.0,Low
CE01640,LN015654,CUST019845,2024-07-04,Delinquency Notice - 60 Days,5414.78,Elevated
CE01641,LN015660,CUST019850,2024-09-06,Delinquency Notice - 30 Days,442.33,Low
CE01642,LN015661,CUST019853,2024-06-15,Delinquency Notice - 30 Days,154.55,Critical
CE01643,LN015664,CUST019855,2024-07-23,Delinquency Notice - 30 Days,1421.71,High
CE01644,LN015678,CUST019869,2024-12-09,Delinquency Notice - 30 Days,1052.46,High
CE01645,LN015679,CUST019869,2024-08-26,Delinquency Notice - 30 Days,1757.8,High
CE01646,LN015684,CUST019877,2024-06-11,Delinquency Notice - 60 Days,2744.22,Moderate
CE01647,LN015695,CUST019897,2024-09-30,Delinquency Notice - 60 Days,8683.86,Elevated
CE01648,LN015711,CUST019917,2024-06-14,Delinquency Notice - 30 Days,754.12,Elevated
CE01649,LN015712,CUST019917,2024-08-26,Delinquency Notice - 30 Days,1783.94,Elevated
CE01650,LN015715,CUST019918,2024-09-07,Delinquency Notice - 30 Days,5066.4,Moderate
CE01651,LN015719,CUST019924,2024-11-22,Delinquency Notice - 60 Days,1048.25,Critical
CE01652,LN015721,CUST019927,2024-12-15,Default / Write-off Review,944.73,Critical
CE01653,LN015727,CUST019931,2024-10-19,Default / Write-off Review,2561.61,Moderate
CE01654,LN015753,CUST019957,2024-10-11,Default / Write-off Review,38398.81,Elevated
CE01655,LN015767,CUST019974,2024-12-08,Delinquency Notice - 60 Days,1529.47,High
CE01656,LN015769,CUST019975,2024-06-05,Delinquency Notice - 60 Days,524.0,Moderate
CE01657,LN015787,CUST019988,2024-12-22,Delinquency Notice - 30 Days,6191.95,Moderate
CE01658,LN015791,CUST019993,2024-09-02,Delinquency Notice - 60 Days,2461.79,Moderate
