deposit_id,customer_id,open_date,principal_amount,term_months,interest_rate,auto_renew,status
DEP000001,CUST000003,2024-09-03,15291.93,36,0.0517,False,Active
DEP000002,CUST000026,2024-10-06,42891.95,3,0.0349,False,Matured
DEP000003,CUST000034,2024-08-06,42503.74,24,0.0755,True,Matured
DEP000004,CUST000045,2018-08-14,31357.52,12,0.0502,False,Matured
DEP000005,CUST000067,2024-12-04,35189.23,6,0.0301,False,Matured
DEP000006,CUST000068,2021-10-12,33835.11,36,0.0581,True,Active
DEP000007,CUST000069,2022-10-11,14251.3,24,0.0591,False,Withdrawn Early
DEP000008,CUST000091,2019-01-05,26466.49,36,0.0518,False,Active
DEP000009,CUST000094,2024-08-06,4969.53,12,0.0639,False,Active
DEP000010,CUST000095,2022-08-19,28514.56,6,0.036,False,Active
DEP000011,CUST000100,2022-11-04,36588.11,12,0.0457,True,Matured
DEP000012,CUST000102,2023-08-28,27096.07,6,0.0419,False,Matured
DEP000013,CUST000103,2021-10-02,20220.03,6,0.0669,False,Active
DEP000014,CUST000110,2021-06-16,4550.75,12,0.0521,True,Active
DEP000015,CUST000114,2023-09-01,24646.73,3,0.0687,True,Matured
DEP000016,CUST000120,2022-03-08,15959.9,24,0.0551,True,Matured
DEP000017,CUST000128,2022-05-12,14052.1,6,0.0481,False,Active
DEP000018,CUST000129,2023-01-10,14325.09,36,0.0487,True,Withdrawn Early
DEP000019,CUST000135,2023-01-25,47226.24,12,0.0412,False,Matured
DEP000020,CUST000140,2022-07-19,28783.95,3,0.0411,True,Matured
DEP000021,CUST000143,2023-09-06,45943.59,12,0.0508,False,Active
DEP000022,CUST000149,2021-03-04,3060.17,24,0.0711,False,Withdrawn Early
DEP000023,CUST000151,2024-11-01,9731.26,6,0.0448,False,Matured
DEP000024,CUST000169,2021-07-20,49471.94,3,0.0677,True,Active
DEP000025,CUST000179,2020-08-02,13822.58,24,0.0378,False,Active
DEP000026,CUST000181,2021-03-09,37303.71,12,0.031,True,Active
DEP000027,CUST000188,2022-10-11,46115.66,3,0.0491,False,Active
DEP000028,CUST000193,2021-08-03,36902.12,6,0.0683,True,Matured
DEP000029,CUST000204,2022-12-05,16626.65,24,0.0343,True,Matured
DEP000030,CUST000213,2024-01-22,10631.33,6,0.0796,False,Matured
DEP000031,CUST000220,2024-01-05,39622.43,6,0.0651,False,Active
DEP000032,CUST000221,2020-05-20,44462.75,12,0.0392,False,Matured
DEP000033,CUST000227,2021-10-19,31834.17,12,0.0417,False,Active
DEP000034,CUST000251,2024-08-07,13066.94,24,0.0341,False,Active
DEP000035,CUST000257,2019-10-19,7768.24,24,0.0402,True,Withdrawn Early
DEP000036,CUST000268,2024-05-24,25527.24,12,0.0355,False,Matured
DEP000037,CUST000269,2021-08-29,24843.85,12,0.0348,False,Matured
DEP000038,CUST000304,2022-12-03,38344.81,3,0.0325,True,Matured
DEP000039,CUST000316,2023-11-01,47206.75,3,0.0624,True,Active
DEP000040,CUST000320,2024-12-20,2839.65,24,0.0489,True,Matured
DEP000041,CUST000328,2020-08-04,1994.0,12,0.0486,True,Active
DEP000042,CUST000333,2024-09-20,3930.14,36,0.0427,False,Matured
DEP000043,CUST000338,2020-08-02,25099.16,36,0.0485,True,Matured
DEP000044,CUST000349,2019-10-04,35775.22,12,0.0473,False,Active
DEP000045,CUST000350,2024-07-07,35439.51,6,0.0536,True,Matured
DEP000046,CUST000357,2022-09-21,5459.58,6,0.0628,False,Active
DEP000047,CUST000361,2023-09-18,30581.86,6,0.0684,False,Matured
DEP000048,CUST000366,2024-04-25,13514.55,12,0.0375,False,Withdrawn Early
DEP000049,CUST000377,2024-08-24,28816.55,36,0.0477,True,Matured
DEP000050,CUST000383,2022-06-29,19454.2,12,0.0742,False,Matured
DEP000051,CUST000389,2021-02-21,19484.93,12,0.0735,False,Matured
DEP000052,CUST000395,2021-02-27,10436.72,6,0.0539,False,Matured
DEP000053,CUST000402,2021-10-02,10183.51,24,0.072,False,Matured
DEP000054,CUST000403,2019-02-05,29471.51,6,0.0559,True,Matured
DEP000055,CUST000412,2024-10-25,26657.24,36,0.0778,False,Matured
DEP000056,CUST000416,2023-12-18,45843.41,3,0.0371,False,Matured
DEP000057,CUST000420,2021-02-11,8595.93,6,0.0656,False,Active
DEP000058,CUST000432,2021-09-21,33701.88,12,0.0366,True,Active
DEP000059,CUST000435,2018-08-27,27824.45,24,0.0568,False,Withdrawn Early
DEP000060,CUST000460,2024-08-17,47299.07,12,0.064,True,Active
DEP000061,CUST000469,2023-02-06,6069.99,12,0.0398,True,Active
DEP000062,CUST000473,2023-11-23,42728.58,12,0.0309,True,Matured
DEP000063,CUST000478,2022-11-09,35804.0,6,0.0749,True,Withdrawn Early
DEP000064,CUST000486,2024-05-23,15697.85,6,0.0787,False,Matured
DEP000065,CUST000488,2022-06-28,17223.81,12,0.066,False,Active
DEP000066,CUST000502,2024-12-18,31682.8,36,0.074,False,Active
DEP000067,CUST000504,2018-10-14,45615.15,12,0.0415,True,Active
DEP000068,CUST000522,2024-09-26,25621.15,12,0.0753,False,Matured
DEP000069,CUST000529,2019-10-25,49250.81,3,0.0537,False,Active
DEP000070,CUST000533,2023-01-12,27811.1,12,0.0391,False,Active
DEP000071,CUST000543,2023-05-16,28315.45,12,0.0721,True,Active
DEP000072,CUST000545,2024-10-10,7387.48,12,0.0571,False,Active
DEP000073,CUST000548,2024-07-30,33771.53,6,0.075,True,Active
DEP000074,CUST000563,2021-06-04,24822.7,6,0.0549,True,Matured
DEP000075,CUST000565,2017-12-16,47314.39,24,0.0577,True,Active
DEP000076,CUST000569,2019-04-07,18661.65,3,0.0671,False,Matured
DEP000077,CUST000570,2023-06-30,14906.46,3,0.0556,False,Active
DEP000078,CUST000573,2017-08-04,2539.29,12,0.0751,False,Active
DEP000079,CUST000593,2018-12-28,43257.05,12,0.0657,True,Matured
DEP000080,CUST000597,2022-09-05,4326.49,12,0.0362,False,Matured
DEP000081,CUST000600,2024-05-09,23407.84,3,0.0696,True,Active
DEP000082,CUST000601,2022-06-01,30204.39,12,0.0795,False,Active
DEP000083,CUST000611,2019-11-02,27429.4,6,0.0467,False,Active
DEP000084,CUST000614,2018-05-27,38012.99,12,0.0659,True,Active
DEP000085,CUST000615,2023-05-17,4766.45,12,0.0536,True,Matured
DEP000086,CUST000618,2022-12-24,26884.87,6,0.0648,True,Matured
DEP000087,CUST000624,2018-01-08,28201.8,12,0.0712,False,Active
DEP000088,CUST000628,2024-09-23,11037.32,12,0.0381,True,Active
DEP000089,CUST000630,2024-06-14,6290.02,36,0.0452,False,Active
DEP000090,CUST000636,2024-10-05,40091.2,24,0.0762,False,Active
DEP000091,CUST000637,2021-03-23,26692.38,24,0.0667,False,Withdrawn Early
DEP000092,CUST000641,2024-04-18,40566.36,12,0.0344,False,Active
DEP000093,CUST000650,2021-11-22,15674.16,6,0.0404,True,Active
DEP000094,CUST000652,2023-09-23,28912.5,6,0.0787,True,Withdrawn Early
DEP000095,CUST000668,2019-07-28,24127.88,6,0.038,False,Matured
DEP000096,CUST000669,2024-12-11,39137.37,24,0.0379,False,Active
DEP000097,CUST000685,2018-08-20,46572.7,12,0.0389,True,Matured
DEP000098,CUST000689,2024-06-23,23310.73,12,0.0754,False,Active
DEP000099,CUST000700,2024-03-09,25249.43,12,0.0454,True,Matured
DEP000100,CUST000708,2023-12-06,37524.42,12,0.0752,True,Active
DEP000101,CUST000717,2024-06-19,13214.79,12,0.0344,False,Matured
DEP000102,CUST000719,2023-11-18,17692.23,24,0.0693,False,Matured
DEP000103,CUST000721,2024-11-06,42481.64,3,0.0307,False,Matured
DEP000104,CUST000724,2017-06-07,33325.31,3,0.0629,False,Matured
DEP000105,CUST000726,2022-12-11,28490.97,24,0.0527,True,Active
DEP000106,CUST000736,2024-12-07,5392.11,3,0.0645,True,Active
DEP000107,CUST000741,2021-11-23,7188.83,36,0.0387,False,Matured
DEP000108,CUST000746,2022-01-28,3632.77,12,0.0776,False,Active
DEP000109,CUST000751,2019-10-26,16859.72,6,0.0696,False,Active
DEP000110,CUST000766,2023-08-29,35835.7,36,0.068,True,Active
DEP000111,CUST000778,2021-08-04,33140.98,3,0.0722,True,Matured
DEP000112,CUST000788,2024-12-30,29001.35,3,0.0324,True,Matured
DEP000113,CUST000805,2023-05-20,9453.2,12,0.0492,False,Withdrawn Early
DEP000114,CUST000807,2023-02-28,33067.01,3,0.0798,False,Active
DEP000115,CUST000812,2022-07-01,8562.62,6,0.0708,False,Matured
DEP000116,CUST000814,2022-08-24,47473.93,6,0.0509,True,Matured
DEP000117,CUST000820,2022-06-15,39131.27,3,0.0373,False,Active
DEP000118,CUST000823,2024-05-08,37416.5,12,0.0736,False,Withdrawn Early
DEP000119,CUST000829,2022-12-16,18219.6,12,0.0307,False,Active
DEP000120,CUST000833,2023-01-03,6185.4,6,0.0606,True,Active
DEP000121,CUST000834,2024-08-26,32906.02,36,0.0504,True,Matured
DEP000122,CUST000837,2021-05-29,21190.85,36,0.0642,True,Withdrawn Early
DEP000123,CUST000839,2023-12-31,13127.66,12,0.0469,True,Active
DEP000124,CUST000853,2023-09-25,43922.45,6,0.0798,False,Matured
DEP000125,CUST000869,2021-04-28,36188.99,12,0.0519,True,Active
DEP000126,CUST000870,2022-08-25,21249.02,6,0.0342,True,Active
DEP000127,CUST000876,2024-08-05,12513.48,24,0.0643,False,Active
DEP000128,CUST000893,2024-05-07,9263.11,6,0.0504,True,Active
DEP000129,CUST000898,2018-01-05,1081.74,3,0.0458,False,Matured
DEP000130,CUST000909,2020-07-10,3421.91,36,0.0788,True,Withdrawn Early
DEP000131,CUST000934,2018-10-09,9797.59,6,0.0409,False,Active
DEP000132,CUST000947,2023-07-23,19263.5,3,0.0761,False,Matured
DEP000133,CUST000951,2022-12-07,8871.52,12,0.0422,True,Active
DEP000134,CUST000956,2024-03-08,36338.45,36,0.0506,True,Matured
DEP000135,CUST000957,2022-01-29,4690.3,12,0.061,True,Matured
DEP000136,CUST000960,2023-05-01,3405.29,3,0.0561,False,Withdrawn Early
DEP000137,CUST000962,2023-07-27,34786.8,12,0.0399,True,Active
DEP000138,CUST000970,2023-05-17,29795.47,12,0.0663,False,Active
DEP000139,CUST000972,2024-02-02,14007.9,24,0.0673,True,Active
DEP000140,CUST000975,2024-04-26,47591.84,12,0.0654,False,Withdrawn Early
DEP000141,CUST000983,2024-12-29,9934.59,12,0.0484,False,Matured
DEP000142,CUST001002,2024-07-28,7883.93,3,0.0538,False,Active
DEP000143,CUST001011,2016-04-29,2216.81,36,0.0536,False,Active
DEP000144,CUST001031,2023-11-23,35845.37,36,0.0308,False,Active
DEP000145,CUST001035,2024-04-20,35488.6,24,0.0338,False,Matured
DEP000146,CUST001040,2020-05-11,2019.44,36,0.0506,False,Matured
DEP000147,CUST001046,2017-07-27,18696.77,12,0.0549,True,Active
DEP000148,CUST001064,2019-08-24,3903.68,3,0.0328,True,Active
DEP000149,CUST001066,2022-05-19,27829.1,3,0.0434,False,Active
DEP000150,CUST001067,2024-09-20,22902.87,3,0.0396,True,Active
DEP000151,CUST001068,2024-01-23,7810.17,3,0.0564,True,Withdrawn Early
DEP000152,CUST001071,2023-02-12,29451.11,6,0.0571,False,Active
DEP000153,CUST001074,2020-09-01,37497.06,3,0.0428,False,Matured
DEP000154,CUST001079,2021-05-24,4346.99,6,0.0765,False,Active
DEP000155,CUST001092,2022-08-19,38114.95,12,0.0761,False,Matured
DEP000156,CUST001107,2022-10-01,41506.57,12,0.0436,True,Active
DEP000157,CUST001108,2023-06-14,20179.44,6,0.0691,True,Active
DEP000158,CUST001113,2023-12-09,18865.6,36,0.0452,False,Matured
DEP000159,CUST001114,2023-11-07,29909.25,6,0.0491,False,Withdrawn Early
DEP000160,CUST001127,2023-02-16,36060.63,3,0.0652,False,Matured
DEP000161,CUST001135,2024-11-22,18208.59,3,0.0473,False,Active
DEP000162,CUST001137,2024-08-07,33288.4,12,0.063,True,Active
DEP000163,CUST001139,2024-10-26,20028.72,6,0.0677,True,Active
DEP000164,CUST001141,2021-09-09,9928.54,12,0.0661,False,Matured
DEP000165,CUST001143,2024-08-21,33827.7,6,0.0582,True,Matured
DEP000166,CUST001161,2022-06-02,14955.13,12,0.0786,True,Active
DEP000167,CUST001176,2024-02-06,41108.61,12,0.0579,True,Matured
DEP000168,CUST001177,2018-04-19,34686.04,12,0.0335,False,Active
DEP000169,CUST001183,2018-07-16,31486.36,24,0.0397,True,Matured
DEP000170,CUST001187,2019-07-22,11818.03,6,0.0368,False,Active
DEP000171,CUST001194,2020-12-08,34867.18,12,0.0363,True,Matured
DEP000172,CUST001195,2024-12-04,1322.2,6,0.0488,False,Matured
DEP000173,CUST001199,2021-04-22,17060.09,6,0.0507,False,Matured
DEP000174,CUST001200,2024-04-08,11169.91,24,0.0445,False,Active
DEP000175,CUST001205,2018-05-28,7003.89,6,0.0364,False,Active
DEP000176,CUST001208,2024-08-21,11418.77,12,0.0479,False,Active
DEP000177,CUST001220,2024-11-22,29373.78,36,0.0689,True,Active
DEP000178,CUST001222,2024-04-13,28692.5,12,0.0332,True,Active
DEP000179,CUST001227,2024-09-19,22285.82,36,0.0698,False,Matured
DEP000180,CUST001229,2021-12-12,2221.66,3,0.0348,False,Active
DEP000181,CUST001239,2021-06-26,3264.9,6,0.0501,False,Active
DEP000182,CUST001240,2016-07-29,46097.15,12,0.0473,False,Active
DEP000183,CUST001244,2023-07-25,38632.63,36,0.0506,True,Active
DEP000184,CUST001245,2024-01-30,11091.79,6,0.0372,True,Withdrawn Early
DEP000185,CUST001249,2024-03-17,42839.35,6,0.0606,False,Active
DEP000186,CUST001254,2024-04-21,10616.45,3,0.0752,False,Matured
DEP000187,CUST001258,2024-07-27,8292.88,6,0.0406,False,Matured
DEP000188,CUST001259,2023-04-22,33896.5,24,0.0394,False,Active
DEP000189,CUST001262,2023-02-21,6016.34,12,0.0645,False,Matured
DEP000190,CUST001265,2024-10-14,14874.91,24,0.0405,False,Active
DEP000191,CUST001282,2024-09-16,22272.9,12,0.0527,True,Active
DEP000192,CUST001284,2020-12-19,8931.39,12,0.0459,True,Active
DEP000193,CUST001285,2022-07-04,3238.96,3,0.0611,False,Active
DEP000194,CUST001288,2024-12-05,34282.86,24,0.0535,False,Active
DEP000195,CUST001296,2018-11-16,4312.87,12,0.071,False,Active
DEP000196,CUST001298,2021-07-14,30819.16,12,0.0627,False,Matured
DEP000197,CUST001299,2023-08-27,15967.9,6,0.0314,False,Active
DEP000198,CUST001303,2024-11-13,39298.38,3,0.0623,True,Active
DEP000199,CUST001304,2024-08-02,24270.92,36,0.0573,True,Active
DEP000200,CUST001305,2022-10-26,21833.05,6,0.0749,False,Matured
DEP000201,CUST001312,2024-11-19,48722.55,12,0.06,False,Active
DEP000202,CUST001315,2023-06-04,35519.12,36,0.078,False,Matured
DEP000203,CUST001318,2023-01-29,24852.99,6,0.0396,False,Matured
DEP000204,CUST001324,2024-12-03,31844.32,36,0.0346,False,Active
DEP000205,CUST001334,2024-05-23,6601.42,6,0.044,False,Matured
DEP000206,CUST001341,2024-06-04,14722.73,6,0.0664,False,Active
DEP000207,CUST001352,2019-09-12,34899.73,12,0.0343,True,Matured
DEP000208,CUST001358,2023-07-07,2211.58,12,0.0681,True,Matured
DEP000209,CUST001363,2024-10-13,34927.4,6,0.0768,True,Active
DEP000210,CUST001368,2020-05-14,19590.91,6,0.0441,False,Active
DEP000211,CUST001371,2024-02-27,5198.65,12,0.068,False,Matured
DEP000212,CUST001372,2024-07-09,7901.05,36,0.0354,True,Active
DEP000213,CUST001376,2023-06-06,16270.48,6,0.051,True,Matured
DEP000214,CUST001394,2024-07-06,49633.77,6,0.0705,True,Active
DEP000215,CUST001395,2023-08-02,18097.61,24,0.0423,False,Matured
DEP000216,CUST001396,2024-11-29,45025.04,12,0.041,True,Active
DEP000217,CUST001398,2021-09-24,31941.23,12,0.0501,False,Matured
DEP000218,CUST001414,2023-10-17,8466.04,12,0.0521,True,Matured
DEP000219,CUST001415,2024-09-28,13957.62,36,0.0659,True,Active
DEP000220,CUST001419,2024-09-21,43444.22,36,0.0323,False,Active
DEP000221,CUST001427,2023-04-08,25640.24,6,0.0544,True,Active
DEP000222,CUST001435,2022-08-10,28353.44,24,0.046,False,Matured
DEP000223,CUST001455,2021-04-01,13178.82,3,0.0462,True,Active
DEP000224,CUST001463,2021-12-01,15174.51,6,0.0654,True,Active
DEP000225,CUST001493,2023-02-27,35935.11,12,0.0674,False,Matured
DEP000226,CUST001497,2024-11-29,34950.33,3,0.0742,False,Matured
DEP000227,CUST001499,2021-07-11,41379.34,12,0.0578,False,Withdrawn Early
DEP000228,CUST001506,2023-08-28,2548.68,24,0.0593,False,Active
DEP000229,CUST001522,2018-09-25,20968.4,36,0.0794,False,Matured
DEP000230,CUST001533,2016-09-28,41818.01,6,0.0756,False,Active
DEP000231,CUST001547,2021-01-22,611.24,12,0.0798,True,Active
DEP000232,CUST001549,2021-08-05,28987.68,3,0.0751,False,Active
DEP000233,CUST001552,2020-10-20,40337.42,6,0.0397,True,Active
DEP000234,CUST001553,2017-12-23,41978.11,12,0.0415,True,Active
DEP000235,CUST001560,2022-07-10,47567.04,12,0.0748,False,Matured
DEP000236,CUST001576,2021-01-26,16159.86,12,0.07,False,Withdrawn Early
DEP000237,CUST001578,2017-12-22,29804.44,3,0.0569,False,Active
DEP000238,CUST001580,2024-02-14,17901.22,12,0.0616,True,Matured
DEP000239,CUST001596,2023-10-28,22978.9,3,0.0317,True,Matured
DEP000240,CUST001597,2023-07-21,46751.43,3,0.0364,True,Active
DEP000241,CUST001601,2021-10-17,7720.44,3,0.0731,False,Active
DEP000242,CUST001608,2024-10-14,36309.88,24,0.0361,False,Withdrawn Early
DEP000243,CUST001614,2024-01-16,48134.74,3,0.0465,False,Active
DEP000244,CUST001616,2024-04-10,15169.13,36,0.0406,False,Active
DEP000245,CUST001621,2024-08-12,14169.73,12,0.0732,True,Active
DEP000246,CUST001623,2024-11-23,13539.09,6,0.0601,False,Active
DEP000247,CUST001629,2021-06-02,34293.94,24,0.0776,False,Matured
DEP000248,CUST001638,2024-12-23,41335.89,12,0.0322,False,Active
DEP000249,CUST001639,2020-09-05,38943.07,12,0.0691,False,Matured
DEP000250,CUST001645,2021-04-12,30625.9,12,0.0783,True,Active
DEP000251,CUST001649,2019-07-03,32000.31,24,0.0702,True,Active
DEP000252,CUST001650,2023-03-07,24684.92,3,0.0782,True,Active
DEP000253,CUST001657,2023-04-18,22532.2,36,0.0542,True,Matured
DEP000254,CUST001662,2022-05-05,12704.39,6,0.0371,True,Matured
DEP000255,CUST001664,2024-08-27,25853.48,6,0.0316,False,Matured
DEP000256,CUST001665,2024-07-19,6372.72,6,0.048,False,Active
DEP000257,CUST001669,2022-01-05,33097.74,6,0.0652,True,Active
DEP000258,CUST001672,2023-08-28,43414.85,12,0.0593,False,Matured
DEP000259,CUST001682,2023-04-22,29296.26,6,0.0341,True,Active
DEP000260,CUST001686,2024-09-28,34737.71,3,0.0524,True,Active
DEP000261,CUST001687,2022-07-19,7711.12,3,0.0745,False,Withdrawn Early
DEP000262,CUST001696,2024-08-02,24744.29,12,0.0439,False,Active
DEP000263,CUST001706,2022-08-23,11350.63,36,0.0575,False,Active
DEP000264,CUST001709,2024-05-20,6892.69,6,0.037,False,Active
DEP000265,CUST001718,2021-12-19,43589.56,6,0.0399,True,Active
DEP000266,CUST001721,2022-07-30,32121.09,6,0.0304,False,Matured
DEP000267,CUST001722,2023-10-07,30111.51,24,0.0551,False,Active
DEP000268,CUST001723,2023-09-28,8115.83,36,0.0361,True,Active
DEP000269,CUST001728,2022-04-02,16141.0,6,0.0797,False,Withdrawn Early
DEP000270,CUST001747,2024-12-28,28866.85,12,0.0433,True,Matured
DEP000271,CUST001753,2023-05-24,2592.83,24,0.058,False,Matured
DEP000272,CUST001765,2019-12-09,15258.85,24,0.0557,False,Active
DEP000273,CUST001780,2024-07-05,19102.03,12,0.0678,False,Active
DEP000274,CUST001784,2024-12-30,28092.51,24,0.0569,False,Active
DEP000275,CUST001791,2024-09-08,34021.31,24,0.0589,True,Matured
DEP000276,CUST001797,2018-11-30,6219.32,36,0.0336,False,Active
DEP000277,CUST001798,2021-01-08,30870.43,12,0.0709,False,Active
DEP000278,CUST001799,2019-12-31,15943.29,12,0.0378,False,Active
DEP000279,CUST001802,2023-07-09,19147.24,12,0.0646,True,Matured
DEP000280,CUST001809,2022-12-02,9914.1,24,0.0789,True,Active
DEP000281,CUST001825,2023-08-27,40367.8,12,0.0624,True,Matured
DEP000282,CUST001829,2023-04-12,28975.9,12,0.0487,False,Active
DEP000283,CUST001834,2018-09-15,33594.6,24,0.0792,True,Active
DEP000284,CUST001839,2023-12-20,8991.84,36,0.0567,True,Matured
DEP000285,CUST001856,2018-12-29,28030.84,12,0.0478,True,Matured
DEP000286,CUST001863,2020-08-07,42025.33,6,0.064,False,Active
DEP000287,CUST001865,2022-12-16,22076.93,3,0.0416,True,Matured
DEP000288,CUST001885,2019-10-20,21477.09,12,0.0436,False,Active
DEP000289,CUST001916,2022-03-21,3848.79,36,0.0397,True,Active
DEP000290,CUST001917,2024-08-05,4797.26,12,0.0751,False,Active
DEP000291,CUST001923,2023-08-07,35360.56,12,0.0717,False,Matured
DEP000292,CUST001928,2022-07-18,2324.79,6,0.0628,True,Matured
DEP000293,CUST001929,2021-09-21,4328.98,12,0.0588,True,Withdrawn Early
DEP000294,CUST001930,2024-10-18,15879.27,3,0.0564,False,Active
DEP000295,CUST001938,2024-03-08,42417.03,36,0.0718,True,Active
DEP000296,CUST001943,2020-09-18,46544.44,6,0.0587,False,Active
DEP000297,CUST001947,2024-06-27,46051.65,12,0.0477,True,Active
DEP000298,CUST001957,2024-05-02,4173.36,36,0.0607,False,Matured
DEP000299,CUST001964,2024-06-09,10689.04,24,0.033,False,Active
DEP000300,CUST001966,2020-06-20,44185.1,6,0.0553,False,Active
DEP000301,CUST001969,2020-12-02,19537.77,36,0.0546,False,Active
DEP000302,CUST001971,2022-07-24,16568.95,24,0.0442,False,Active
DEP000303,CUST001999,2022-05-10,10260.17,36,0.0419,True,Active
DEP000304,CUST002013,2021-06-25,32267.72,12,0.0405,False,Withdrawn Early
DEP000305,CUST002021,2023-01-13,8539.52,6,0.0302,True,Active
DEP000306,CUST002030,2024-08-28,2538.43,6,0.0366,True,Active
DEP000307,CUST002039,2021-01-27,1581.36,12,0.0559,True,Active
DEP000308,CUST002041,2024-01-31,25830.43,3,0.0516,False,Matured
DEP000309,CUST002046,2021-08-12,20451.84,12,0.0464,True,Active
DEP000310,CUST002056,2020-11-12,19452.2,24,0.0594,False,Active
DEP000311,CUST002057,2024-04-14,6591.2,6,0.0775,False,Matured
DEP000312,CUST002088,2023-10-09,26191.83,24,0.0396,False,Active
DEP000313,CUST002093,2017-06-28,38713.62,6,0.0601,False,Active
DEP000314,CUST002107,2024-02-17,8513.66,36,0.0573,True,Active
DEP000315,CUST002109,2019-02-02,23597.26,12,0.0345,False,Active
DEP000316,CUST002114,2023-05-31,30648.39,12,0.0402,False,Active
DEP000317,CUST002115,2024-08-16,14301.38,24,0.0493,True,Withdrawn Early
DEP000318,CUST002116,2022-11-10,9012.7,36,0.0591,False,Withdrawn Early
DEP000319,CUST002118,2023-05-29,15710.91,12,0.0581,False,Matured
DEP000320,CUST002123,2019-12-11,6715.68,3,0.0582,False,Active
DEP000321,CUST002129,2024-01-16,18581.34,12,0.0541,False,Matured
DEP000322,CUST002134,2022-04-16,18878.57,12,0.0594,True,Active
DEP000323,CUST002137,2024-05-18,37451.47,12,0.0458,False,Active
DEP000324,CUST002151,2019-11-15,32951.01,12,0.0564,False,Active
DEP000325,CUST002154,2024-05-24,3933.69,3,0.0702,True,Active
DEP000326,CUST002155,2024-08-30,21483.87,24,0.0485,True,Matured
DEP000327,CUST002163,2023-01-10,14522.51,3,0.0634,False,Active
DEP000328,CUST002170,2024-08-07,33876.37,6,0.0737,False,Matured
DEP000329,CUST002176,2024-02-26,28463.22,24,0.0373,False,Matured
DEP000330,CUST002184,2024-03-19,705.31,6,0.0454,True,Active
DEP000331,CUST002185,2020-08-07,34440.12,6,0.0434,False,Active
DEP000332,CUST002192,2023-12-08,34527.5,24,0.0444,False,Active
DEP000333,CUST002200,2020-03-31,39178.62,12,0.037,False,Active
DEP000334,CUST002208,2024-01-09,43164.7,3,0.0726,False,Matured
DEP000335,CUST002209,2020-03-26,26924.1,12,0.0718,False,Active
DEP000336,CUST002213,2022-12-10,43636.88,6,0.0597,False,Active
DEP000337,CUST002219,2024-08-27,13579.64,12,0.0401,True,Withdrawn Early
DEP000338,CUST002221,2022-02-24,24351.23,12,0.0567,True,Active
DEP000339,CUST002231,2022-12-16,26617.16,36,0.0589,False,Matured
DEP000340,CUST002238,2018-11-14,47724.17,3,0.0441,True,Active
DEP000341,CUST002242,2024-06-03,49154.81,12,0.0676,True,Active
DEP000342,CUST002252,2023-07-13,1996.42,12,0.072,True,Active
DEP000343,CUST002280,2024-08-13,39973.65,12,0.0669,False,Active
DEP000344,CUST002298,2023-03-07,17263.12,24,0.0535,True,Active
DEP000345,CUST002299,2024-12-14,17706.7,24,0.0669,False,Active
DEP000346,CUST002302,2020-09-09,5159.42,12,0.0597,False,Matured
DEP000347,CUST002306,2023-12-24,39096.76,6,0.0438,True,Matured
DEP000348,CUST002307,2019-12-21,2563.49,6,0.0513,False,Active
DEP000349,CUST002308,2023-03-19,44979.28,12,0.0561,True,Withdrawn Early
DEP000350,CUST002311,2021-02-19,29206.36,12,0.0551,True,Active
DEP000351,CUST002317,2021-08-08,22780.85,6,0.0622,False,Active
DEP000352,CUST002327,2020-01-22,27717.28,12,0.0461,True,Active
DEP000353,CUST002330,2024-11-23,39642.39,12,0.0726,True,Matured
DEP000354,CUST002335,2022-10-15,36649.42,12,0.0358,True,Active
DEP000355,CUST002339,2023-07-13,45189.47,24,0.034,False,Matured
DEP000356,CUST002347,2020-10-09,17737.36,12,0.0654,False,Matured
DEP000357,CUST002348,2021-11-24,21728.65,6,0.0322,True,Matured
DEP000358,CUST002350,2024-06-15,31345.97,12,0.0465,False,Matured
DEP000359,CUST002355,2024-07-06,21964.1,6,0.0643,False,Matured
DEP000360,CUST002359,2023-06-27,42509.89,12,0.0528,False,Matured
DEP000361,CUST002362,2020-09-02,46946.7,12,0.045,False,Matured
DEP000362,CUST002371,2022-05-05,1091.3,6,0.0387,True,Matured
DEP000363,CUST002386,2024-10-03,49443.83,36,0.0444,True,Matured
DEP000364,CUST002394,2024-01-24,31641.31,24,0.063,False,Matured
DEP000365,CUST002399,2022-07-23,21134.06,12,0.0552,False,Matured
DEP000366,CUST002406,2023-12-20,31305.09,6,0.0309,False,Active
DEP000367,CUST002409,2022-04-25,16142.88,12,0.0491,False,Matured
DEP000368,CUST002424,2022-08-26,41706.15,12,0.0335,False,Active
DEP000369,CUST002433,2023-07-07,33862.94,12,0.0564,False,Matured
DEP000370,CUST002439,2024-09-21,46031.63,12,0.0692,False,Matured
DEP000371,CUST002441,2022-11-30,1918.73,12,0.0587,False,Active
DEP000372,CUST002444,2023-05-28,5264.34,3,0.0623,False,Active
DEP000373,CUST002449,2023-06-03,34568.03,24,0.0557,False,Matured
DEP000374,CUST002451,2024-03-27,5102.44,24,0.0467,False,Active
DEP000375,CUST002458,2020-02-16,12766.43,12,0.0525,False,Active
DEP000376,CUST002459,2022-10-28,2899.81,6,0.0656,True,Active
DEP000377,CUST002463,2024-11-25,16127.34,12,0.0393,False,Matured
DEP000378,CUST002466,2023-10-14,21368.52,6,0.0411,False,Active
DEP000379,CUST002473,2023-01-16,17597.28,6,0.0511,False,Active
DEP000380,CUST002478,2018-08-09,3200.15,12,0.0597,False,Active
DEP000381,CUST002482,2022-11-19,27195.87,12,0.0386,False,Active
DEP000382,CUST002490,2023-07-21,9614.91,6,0.0717,False,Active
DEP000383,CUST002491,2024-01-28,46659.52,12,0.0485,False,Active
DEP000384,CUST002492,2023-04-04,10535.21,12,0.0491,False,Active
DEP000385,CUST002495,2024-04-05,1557.9,3,0.0722,False,Matured
DEP000386,CUST002513,2022-06-01,20505.33,3,0.0633,True,Matured
DEP000387,CUST002520,2022-12-20,8734.44,3,0.048,True,Matured
DEP000388,CUST002524,2024-04-23,48228.81,6,0.0579,False,Active
DEP000389,CUST002535,2023-06-16,32084.57,24,0.0321,True,Active
DEP000390,CUST002548,2022-11-04,23118.75,36,0.0707,True,Active
DEP000391,CUST002565,2024-12-05,947.01,12,0.0775,True,Active
DEP000392,CUST002567,2023-05-06,26948.4,6,0.0711,False,Matured
DEP000393,CUST002572,2024-09-08,28072.65,12,0.0379,True,Active
DEP000394,CUST002584,2017-07-11,26342.25,6,0.0434,False,Withdrawn Early
DEP000395,CUST002585,2024-08-07,46509.18,36,0.0326,False,Withdrawn Early
DEP000396,CUST002595,2020-08-15,5818.77,6,0.0594,True,Active
DEP000397,CUST002596,2023-10-08,16175.3,12,0.0341,True,Matured
DEP000398,CUST002610,2024-12-22,13766.11,12,0.0731,True,Active
DEP000399,CUST002617,2018-01-12,21571.7,36,0.0713,False,Matured
DEP000400,CUST002629,2024-07-06,16101.81,12,0.0544,False,Active
DEP000401,CUST002634,2023-08-14,9907.33,6,0.0493,False,Matured
DEP000402,CUST002636,2020-07-20,43674.23,6,0.0538,False,Active
DEP000403,CUST002637,2021-02-21,39653.64,12,0.0419,True,Active
DEP000404,CUST002645,2024-04-14,37795.89,12,0.0304,False,Active
DEP000405,CUST002652,2024-07-21,5736.59,12,0.0751,False,Matured
DEP000406,CUST002655,2023-09-28,43792.03,12,0.0375,False,Active
DEP000407,CUST002656,2019-11-28,17619.56,24,0.054,True,Matured
DEP000408,CUST002657,2023-06-19,7027.42,3,0.0397,True,Active
DEP000409,CUST002673,2024-03-17,46853.87,6,0.0675,False,Active
DEP000410,CUST002675,2020-08-23,8058.81,6,0.0414,True,Matured
DEP000411,CUST002680,2021-01-28,25772.98,24,0.0649,False,Matured
DEP000412,CUST002714,2023-08-12,16850.51,36,0.0737,True,Matured
DEP000413,CUST002718,2023-07-15,13471.25,6,0.0611,False,Matured
DEP000414,CUST002723,2023-09-19,45392.24,24,0.0527,True,Active
DEP000415,CUST002736,2021-12-28,18292.32,6,0.0322,False,Matured
DEP000416,CUST002739,2022-02-12,38985.42,3,0.0356,False,Matured
DEP000417,CUST002742,2023-12-27,37556.75,12,0.0545,False,Active
DEP000418,CUST002756,2024-10-23,10745.55,12,0.0776,True,Matured
DEP000419,CUST002760,2023-04-16,30216.91,12,0.0428,False,Active
DEP000420,CUST002769,2021-05-06,41164.53,12,0.0533,False,Withdrawn Early
DEP000421,CUST002777,2024-01-04,49793.11,12,0.0514,True,Active
DEP000422,CUST002778,2022-12-23,46678.05,24,0.0613,False,Matured
DEP000423,CUST002793,2024-12-28,47676.47,12,0.0483,False,Active
DEP000424,CUST002794,2022-05-21,23622.16,24,0.0682,False,Active
DEP000425,CUST002798,2024-05-23,36395.2,12,0.0316,False,Active
DEP000426,CUST002801,2022-12-15,11676.1,12,0.0536,False,Active
DEP000427,CUST002813,2020-04-16,13880.7,6,0.0755,True,Matured
DEP000428,CUST002815,2019-01-27,20162.13,12,0.034,False,Active
DEP000429,CUST002817,2023-11-04,25621.94,12,0.0527,False,Active
DEP000430,CUST002824,2019-01-31,14118.89,36,0.0442,True,Active
DEP000431,CUST002830,2022-05-17,3271.16,12,0.0715,False,Active
DEP000432,CUST002840,2023-03-27,26231.75,12,0.0458,False,Active
DEP000433,CUST002843,2024-11-13,45098.45,6,0.044,True,Active
DEP000434,CUST002848,2024-11-10,35628.33,3,0.0692,True,Active
DEP000435,CUST002850,2022-06-27,42168.77,6,0.0353,True,Withdrawn Early
DEP000436,CUST002855,2024-08-16,2083.73,12,0.0494,False,Active
DEP000437,CUST002856,2024-11-11,35708.41,12,0.0782,True,Active
DEP000438,CUST002863,2024-11-28,2562.9,24,0.0388,True,Matured
DEP000439,CUST002864,2023-10-24,27060.09,12,0.0566,True,Matured
DEP000440,CUST002866,2023-12-31,26955.42,6,0.0547,False,Matured
DEP000441,CUST002879,2019-07-08,44106.59,12,0.036,False,Matured
DEP000442,CUST002895,2024-10-31,48912.05,12,0.0769,False,Active
DEP000443,CUST002898,2024-02-09,41798.77,12,0.048,False,Active
DEP000444,CUST002899,2023-05-22,30090.16,24,0.0366,False,Withdrawn Early
DEP000445,CUST002916,2024-02-24,28470.99,12,0.0312,True,Matured
DEP000446,CUST002949,2024-08-03,20788.89,12,0.0557,True,Matured
DEP000447,CUST002950,2024-10-14,1004.44,6,0.0576,False,Active
DEP000448,CUST002951,2024-03-29,33343.91,24,0.0771,False,Active
DEP000449,CUST002953,2024-10-30,39043.84,3,0.0784,True,Active
DEP000450,CUST002964,2021-11-30,1419.2,3,0.0306,False,Active
DEP000451,CUST002970,2021-09-12,34665.91,3,0.0435,False,Matured
DEP000452,CUST002985,2016-12-27,13154.93,12,0.0464,False,Withdrawn Early
DEP000453,CUST002998,2022-12-25,34266.68,36,0.0745,True,Matured
DEP000454,CUST002999,2020-09-15,13271.84,6,0.0666,False,Active
DEP000455,CUST003008,2024-09-29,46640.63,36,0.0724,False,Active
DEP000456,CUST003025,2022-07-20,47827.14,12,0.0361,False,Matured
DEP000457,CUST003033,2023-10-23,27492.67,12,0.0519,False,Active
DEP000458,CUST003035,2020-06-04,41888.35,12,0.0718,False,Active
DEP000459,CUST003038,2019-05-08,39700.85,6,0.04,True,Active
DEP000460,CUST003050,2023-02-21,42878.38,6,0.059,False,Active
DEP000461,CUST003053,2021-10-14,4531.51,24,0.0301,True,Matured
DEP000462,CUST003063,2017-09-28,23347.66,3,0.0554,True,Matured
DEP000463,CUST003066,2018-02-01,29881.34,12,0.0688,True,Matured
DEP000464,CUST003081,2024-07-19,40576.35,12,0.0548,False,Matured
DEP000465,CUST003084,2022-07-15,25538.33,12,0.044,False,Active
DEP000466,CUST003093,2021-10-17,3145.38,36,0.061,True,Matured
DEP000467,CUST003101,2017-05-30,12786.52,24,0.0427,False,Active
DEP000468,CUST003103,2024-05-19,18536.01,6,0.0523,False,Matured
DEP000469,CUST003104,2023-06-08,35260.36,12,0.062,False,Matured
DEP000470,CUST003109,2023-12-28,37450.29,3,0.0738,False,Active
DEP000471,CUST003118,2022-05-15,38903.41,3,0.0654,True,Active
DEP000472,CUST003119,2024-07-09,26103.7,12,0.0647,False,Active
DEP000473,CUST003141,2023-09-15,29744.5,3,0.0751,False,Matured
DEP000474,CUST003146,2023-12-24,19733.96,6,0.0546,True,Matured
DEP000475,CUST003148,2023-07-11,37445.51,24,0.0493,False,Active
DEP000476,CUST003149,2021-09-23,4694.47,12,0.0702,False,Matured
DEP000477,CUST003153,2024-06-04,27446.4,12,0.0727,False,Active
DEP000478,CUST003174,2024-05-14,25614.88,6,0.0699,False,Withdrawn Early
DEP000479,CUST003179,2024-12-06,17786.86,12,0.05,False,Matured
DEP000480,CUST003187,2021-01-11,17851.12,3,0.0553,False,Active
DEP000481,CUST003194,2024-12-05,32718.34,24,0.059,False,Withdrawn Early
DEP000482,CUST003201,2019-11-27,39071.02,36,0.044,True,Matured
DEP000483,CUST003202,2020-08-13,5424.72,6,0.059,False,Active
DEP000484,CUST003207,2024-06-15,24248.03,6,0.052,True,Matured
DEP000485,CUST003209,2021-12-29,5397.38,6,0.0783,False,Active
DEP000486,CUST003210,2024-12-03,47552.18,12,0.0567,False,Active
DEP000487,CUST003219,2023-11-17,43288.37,6,0.0769,True,Active
DEP000488,CUST003220,2024-06-06,11559.55,6,0.0541,False,Active
DEP000489,CUST003221,2024-06-14,49170.56,12,0.0532,False,Active
DEP000490,CUST003229,2024-07-24,36257.61,24,0.0778,False,Matured
DEP000491,CUST003231,2021-01-15,31569.25,12,0.0603,False,Active
DEP000492,CUST003242,2024-11-24,28824.09,6,0.0714,False,Withdrawn Early
DEP000493,CUST003248,2024-10-04,47431.4,6,0.0652,False,Matured
DEP000494,CUST003256,2022-01-08,30074.99,3,0.056,True,Active
DEP000495,CUST003261,2020-07-01,23330.62,3,0.0497,True,Matured
DEP000496,CUST003262,2022-10-03,7139.9,24,0.0359,True,Active
DEP000497,CUST003265,2023-10-12,14306.96,6,0.0616,False,Active
DEP000498,CUST003271,2022-12-27,37842.55,12,0.0564,False,Withdrawn Early
DEP000499,CUST003275,2023-11-09,47811.17,12,0.0543,False,Active
DEP000500,CUST003280,2023-03-22,18099.55,12,0.065,True,Active
DEP000501,CUST003282,2018-10-10,27038.73,3,0.0309,True,Active
DEP000502,CUST003286,2024-03-07,48619.14,24,0.04,True,Matured
DEP000503,CUST003290,2023-04-23,20791.52,12,0.0634,True,Active
DEP000504,CUST003291,2020-04-21,30758.97,6,0.0475,False,Matured
DEP000505,CUST003298,2024-10-17,48712.71,3,0.047,False,Matured
DEP000506,CUST003306,2023-10-18,40861.29,36,0.0575,False,Matured
DEP000507,CUST003312,2022-10-17,40904.3,12,0.055,False,Active
DEP000508,CUST003316,2024-06-03,32157.41,3,0.0697,False,Matured
DEP000509,CUST003319,2023-10-19,47085.15,24,0.0495,True,Withdrawn Early
DEP000510,CUST003330,2019-11-25,19181.75,24,0.0305,False,Withdrawn Early
DEP000511,CUST003332,2024-12-20,20578.95,36,0.073,False,Active
DEP000512,CUST003334,2024-10-06,19470.43,3,0.0399,False,Withdrawn Early
DEP000513,CUST003339,2023-03-11,23873.04,24,0.0699,False,Active
DEP000514,CUST003340,2020-09-14,3816.62,6,0.0724,True,Matured
DEP000515,CUST003351,2021-07-21,22828.23,6,0.0492,False,Active
DEP000516,CUST003352,2024-06-06,30838.72,24,0.0477,True,Active
DEP000517,CUST003360,2020-06-09,16644.89,6,0.0794,False,Matured
DEP000518,CUST003367,2019-09-23,20053.56,3,0.0665,False,Active
DEP000519,CUST003370,2019-11-05,39931.13,3,0.0392,True,Matured
DEP000520,CUST003371,2024-07-20,20394.13,12,0.0523,True,Active
DEP000521,CUST003373,2023-09-26,1601.17,12,0.055,True,Matured
DEP000522,CUST003374,2022-08-26,14118.26,12,0.0717,True,Active
DEP000523,CUST003380,2024-10-06,42919.16,3,0.075,False,Active
DEP000524,CUST003382,2024-12-01,35120.44,3,0.0736,True,Active
DEP000525,CUST003387,2023-06-01,31976.83,6,0.0648,True,Active
DEP000526,CUST003389,2021-02-18,3253.49,6,0.0423,False,Active
DEP000527,CUST003396,2024-09-05,16466.29,36,0.0352,True,Active
DEP000528,CUST003402,2023-09-20,6057.87,6,0.0461,False,Active
DEP000529,CUST003417,2024-10-27,24630.19,6,0.0716,False,Matured
DEP000530,CUST003428,2024-12-07,28074.13,6,0.063,True,Active
DEP000531,CUST003433,2023-03-14,38467.41,6,0.0403,False,Matured
DEP000532,CUST003437,2024-11-04,20024.99,3,0.0693,False,Active
DEP000533,CUST003438,2024-12-14,34924.54,6,0.0753,True,Active
DEP000534,CUST003440,2021-01-13,8040.55,12,0.0678,True,Active
DEP000535,CUST003443,2019-09-19,21226.63,3,0.0421,True,Withdrawn Early
DEP000536,CUST003446,2019-09-07,32933.25,6,0.0558,True,Active
DEP000537,CUST003449,2020-01-03,25462.12,6,0.0473,True,Matured
DEP000538,CUST003452,2021-07-06,11277.84,3,0.0309,True,Active
DEP000539,CUST003455,2024-11-10,40282.13,6,0.0555,True,Matured
DEP000540,CUST003456,2024-01-11,4842.8,6,0.0648,False,Active
DEP000541,CUST003459,2022-11-16,2020.41,12,0.0387,False,Active
DEP000542,CUST003465,2024-04-02,32960.27,12,0.0309,False,Matured
DEP000543,CUST003481,2024-02-29,28001.9,12,0.0473,False,Active
DEP000544,CUST003485,2024-06-29,7353.23,6,0.0487,False,Active
DEP000545,CUST003487,2024-11-20,41396.69,12,0.0782,False,Withdrawn Early
DEP000546,CUST003521,2024-05-14,26821.43,12,0.034,True,Active
DEP000547,CUST003522,2019-05-03,30845.05,6,0.0515,False,Active
DEP000548,CUST003532,2019-11-30,36828.59,3,0.061,False,Active
DEP000549,CUST003537,2022-02-25,28260.24,6,0.0723,False,Active
DEP000550,CUST003542,2024-10-30,26013.49,6,0.0323,True,Matured
DEP000551,CUST003544,2019-12-13,35190.09,6,0.0587,True,Matured
DEP000552,CUST003550,2024-11-03,40545.32,12,0.0454,False,Active
DEP000553,CUST003552,2023-10-14,29517.56,6,0.0536,True,Active
DEP000554,CUST003561,2023-08-05,48638.17,12,0.0695,False,Active
DEP000555,CUST003563,2023-09-24,26759.85,12,0.0496,False,Withdrawn Early
DEP000556,CUST003564,2024-06-07,8105.61,12,0.0493,False,Matured
DEP000557,CUST003573,2024-01-07,45888.48,6,0.055,False,Active
DEP000558,CUST003576,2023-03-25,23251.54,12,0.0726,False,Active
DEP000559,CUST003582,2024-04-21,6738.28,6,0.0575,True,Withdrawn Early
DEP000560,CUST003583,2022-07-14,38137.5,6,0.0627,False,Matured
DEP000561,CUST003591,2024-06-24,14125.87,3,0.0668,True,Active
DEP000562,CUST003595,2024-09-22,20666.93,6,0.0467,False,Active
DEP000563,CUST003599,2020-10-12,32274.62,36,0.0355,False,Matured
DEP000564,CUST003611,2023-05-12,44078.96,6,0.0465,False,Withdrawn Early
DEP000565,CUST003618,2024-09-05,1282.31,36,0.0555,True,Matured
DEP000566,CUST003620,2022-09-10,41104.12,12,0.0468,True,Withdrawn Early
DEP000567,CUST003621,2023-11-28,40944.06,3,0.0539,True,Withdrawn Early
DEP000568,CUST003628,2022-10-03,37457.65,6,0.0591,True,Active
DEP000569,CUST003635,2023-10-17,44284.37,12,0.0559,True,Matured
DEP000570,CUST003638,2016-06-07,28669.21,12,0.0345,False,Matured
DEP000571,CUST003639,2018-06-07,19638.9,6,0.049,True,Active
DEP000572,CUST003641,2019-10-23,18091.94,12,0.0497,True,Matured
DEP000573,CUST003654,2020-04-05,23180.74,24,0.0585,False,Active
DEP000574,CUST003660,2024-09-08,13593.25,6,0.0634,True,Active
DEP000575,CUST003663,2024-03-17,25967.21,24,0.0527,True,Active
DEP000576,CUST003665,2022-10-06,29624.0,6,0.0559,False,Matured
DEP000577,CUST003667,2024-09-16,13987.91,12,0.0639,True,Withdrawn Early
DEP000578,CUST003669,2023-06-03,17913.7,6,0.0508,False,Matured
DEP000579,CUST003673,2024-08-12,48944.05,24,0.0431,False,Withdrawn Early
DEP000580,CUST003675,2021-03-05,32016.22,12,0.0339,False,Withdrawn Early
DEP000581,CUST003676,2024-12-20,14245.14,12,0.0757,True,Matured
DEP000582,CUST003679,2024-12-25,5071.97,12,0.0393,False,Matured
DEP000583,CUST003684,2023-09-11,45403.94,24,0.0327,True,Active
DEP000584,CUST003686,2020-04-13,11508.27,24,0.062,False,Matured
DEP000585,CUST003690,2022-11-11,31340.57,12,0.0686,False,Active
DEP000586,CUST003704,2024-05-06,32953.7,36,0.065,True,Active
DEP000587,CUST003714,2024-05-05,3197.31,24,0.0443,True,Active
DEP000588,CUST003731,2020-08-24,45504.28,36,0.0353,False,Matured
DEP000589,CUST003736,2024-12-17,19452.38,6,0.0318,False,Withdrawn Early
DEP000590,CUST003741,2024-04-17,43394.01,12,0.0765,False,Active
DEP000591,CUST003749,2024-02-03,40628.07,12,0.0646,True,Active
DEP000592,CUST003761,2020-11-25,21715.05,3,0.0415,True,Matured
DEP000593,CUST003772,2021-04-23,22413.71,12,0.0355,True,Active
DEP000594,CUST003774,2023-07-06,27475.69,12,0.0729,True,Active
DEP000595,CUST003775,2023-06-16,15211.81,36,0.0598,True,Active
DEP000596,CUST003783,2020-08-03,12467.02,6,0.0423,True,Active
DEP000597,CUST003803,2022-11-27,41309.6,12,0.0702,False,Active
DEP000598,CUST003805,2024-08-20,1311.33,6,0.0476,False,Active
DEP000599,CUST003837,2021-04-03,18065.97,3,0.0653,True,Matured
DEP000600,CUST003844,2024-12-14,29933.95,12,0.0308,True,Matured
DEP000601,CUST003847,2024-10-21,45596.47,3,0.0665,True,Matured
DEP000602,CUST003857,2024-11-02,3675.18,6,0.0478,False,Matured
DEP000603,CUST003861,2021-12-05,19973.42,24,0.0491,True,Active
DEP000604,CUST003872,2021-11-18,2521.29,6,0.0378,False,Active
DEP000605,CUST003873,2023-11-28,41678.29,6,0.0591,True,Active
DEP000606,CUST003876,2022-11-07,32695.67,12,0.0349,False,Matured
DEP000607,CUST003888,2023-11-04,21525.32,12,0.0791,False,Matured
DEP000608,CUST003896,2023-11-17,44035.76,12,0.0724,False,Matured
DEP000609,CUST003903,2023-03-18,6034.47,6,0.0473,False,Matured
DEP000610,CUST003914,2021-03-20,13082.89,12,0.0729,True,Matured
DEP000611,CUST003917,2022-10-14,37235.74,12,0.0798,False,Withdrawn Early
DEP000612,CUST003923,2024-05-12,30110.34,6,0.0452,False,Matured
DEP000613,CUST003938,2024-10-28,43765.63,36,0.0407,False,Matured
DEP000614,CUST003941,2024-09-18,41329.69,3,0.0735,False,Active
DEP000615,CUST003942,2024-05-14,35953.29,36,0.034,False,Matured
DEP000616,CUST003943,2017-10-27,28231.77,6,0.0603,True,Active
DEP000617,CUST003951,2022-01-21,36812.95,12,0.0354,True,Withdrawn Early
DEP000618,CUST003957,2024-05-20,43260.2,6,0.0354,True,Active
DEP000619,CUST003981,2024-12-20,21555.97,24,0.0314,False,Active
DEP000620,CUST003989,2024-11-27,10474.36,6,0.0739,False,Matured
DEP000621,CUST004009,2024-12-14,28997.11,3,0.0455,False,Matured
DEP000622,CUST004015,2022-08-24,33978.33,3,0.0779,True,Active
DEP000623,CUST004017,2017-07-29,32091.24,12,0.0728,True,Active
DEP000624,CUST004023,2018-06-30,44752.17,6,0.0749,False,Active
DEP000625,CUST004024,2024-12-01,30460.07,3,0.0762,False,Active
DEP000626,CUST004027,2024-11-07,10503.53,12,0.069,False,Withdrawn Early
DEP000627,CUST004031,2024-08-15,34830.73,36,0.0672,True,Active
DEP000628,CUST004041,2024-04-17,29249.01,12,0.0345,False,Active
DEP000629,CUST004043,2022-10-10,38305.12,6,0.0332,False,Active
DEP000630,CUST004049,2020-11-12,5246.93,24,0.0689,False,Matured
DEP000631,CUST004061,2018-03-09,3047.98,6,0.0719,False,Active
DEP000632,CUST004072,2023-07-12,11411.65,12,0.0313,False,Matured
DEP000633,CUST004078,2024-11-10,3550.76,3,0.0397,False,Active
DEP000634,CUST004081,2024-11-14,39496.01,3,0.0342,True,Active
DEP000635,CUST004085,2022-04-19,23280.85,12,0.0798,False,Active
DEP000636,CUST004101,2024-04-26,20368.33,24,0.0684,False,Active
DEP000637,CUST004109,2024-12-07,35103.88,3,0.0723,False,Matured
DEP000638,CUST004119,2018-07-13,49899.99,6,0.066,False,Active
DEP000639,CUST004126,2023-11-27,49939.67,12,0.0633,False,Active
DEP000640,CUST004127,2019-02-15,27378.8,6,0.0737,False,Matured
DEP000641,CUST004132,2023-02-13,22273.32,24,0.0389,True,Active
DEP000642,CUST004134,2024-06-11,43820.38,36,0.0772,False,Active
DEP000643,CUST004143,2019-09-19,19764.3,36,0.0784,False,Active
DEP000644,CUST004146,2023-09-08,9050.43,6,0.0421,True,Active
DEP000645,CUST004147,2020-05-03,22029.84,12,0.0608,False,Matured
DEP000646,CUST004156,2022-11-18,14211.96,6,0.0374,True,Active
DEP000647,CUST004173,2024-04-06,27569.31,36,0.0329,True,Active
DEP000648,CUST004175,2022-02-09,21913.63,6,0.038,False,Active
DEP000649,CUST004193,2023-10-20,32647.63,12,0.0541,True,Matured
DEP000650,CUST004195,2021-07-20,12851.89,3,0.0511,True,Active
DEP000651,CUST004199,2018-02-17,38434.65,12,0.0628,False,Active
DEP000652,CUST004206,2021-12-04,38749.69,3,0.047,False,Withdrawn Early
DEP000653,CUST004215,2023-01-23,35578.7,6,0.049,True,Active
DEP000654,CUST004224,2023-02-02,33703.91,3,0.0733,False,Active
DEP000655,CUST004228,2024-09-26,27878.89,12,0.0613,False,Matured
DEP000656,CUST004238,2024-11-15,45949.82,12,0.076,True,Matured
DEP000657,CUST004239,2020-08-13,3793.95,6,0.0644,False,Matured
DEP000658,CUST004249,2023-08-24,32714.15,3,0.0522,True,Active
DEP000659,CUST004251,2021-11-28,39841.7,6,0.0753,True,Active
DEP000660,CUST004252,2024-02-18,44769.84,3,0.0321,False,Withdrawn Early
DEP000661,CUST004258,2021-06-15,25015.74,12,0.0302,False,Active
DEP000662,CUST004262,2024-03-02,1039.71,3,0.0697,True,Active
DEP000663,CUST004265,2022-02-19,33955.05,12,0.072,False,Matured
DEP000664,CUST004271,2022-09-05,37507.69,36,0.0692,False,Active
DEP000665,CUST004274,2020-04-18,47230.87,3,0.0524,False,Matured
DEP000666,CUST004277,2023-02-13,20383.53,12,0.0532,True,Matured
DEP000667,CUST004278,2024-12-30,772.55,12,0.0353,False,Active
DEP000668,CUST004284,2023-07-01,23420.75,36,0.0566,False,Active
DEP000669,CUST004307,2024-12-08,10975.33,6,0.0312,False,Matured
DEP000670,CUST004318,2024-01-30,40292.61,12,0.0618,True,Matured
DEP000671,CUST004322,2024-02-05,41137.89,36,0.0527,True,Active
DEP000672,CUST004324,2023-02-08,12858.32,12,0.0387,False,Active
DEP000673,CUST004333,2020-05-06,20053.95,12,0.0309,False,Matured
DEP000674,CUST004335,2023-09-28,29223.7,36,0.0584,True,Active
DEP000675,CUST004338,2023-05-18,25947.12,12,0.0547,False,Withdrawn Early
DEP000676,CUST004339,2024-06-04,43506.21,12,0.0599,True,Matured
DEP000677,CUST004346,2023-02-10,19721.31,36,0.0504,False,Active
DEP000678,CUST004347,2023-06-20,43208.22,6,0.0699,True,Active
DEP000679,CUST004360,2021-02-27,49805.58,12,0.0372,True,Matured
DEP000680,CUST004368,2023-11-24,3411.14,3,0.0305,True,Active
DEP000681,CUST004376,2023-04-13,15533.34,36,0.0456,True,Active
DEP000682,CUST004393,2024-09-01,13426.89,3,0.0726,True,Matured
DEP000683,CUST004401,2023-04-18,15929.68,36,0.0711,True,Matured
DEP000684,CUST004407,2024-08-23,13876.74,6,0.0461,False,Active
DEP000685,CUST004409,2023-03-08,22606.76,36,0.0793,False,Active
DEP000686,CUST004419,2022-10-05,16149.21,36,0.0405,False,Active
DEP000687,CUST004423,2024-11-27,32111.17,24,0.0799,True,Active
DEP000688,CUST004425,2024-11-13,46147.56,6,0.0588,False,Active
DEP000689,CUST004440,2016-06-18,17390.5,12,0.0603,True,Active
DEP000690,CUST004442,2024-04-10,25802.78,3,0.0658,True,Active
DEP000691,CUST004459,2020-04-15,48642.53,24,0.0733,False,Active
DEP000692,CUST004460,2023-09-06,13886.09,12,0.0688,True,Matured
DEP000693,CUST004466,2024-12-23,28186.22,12,0.0348,True,Withdrawn Early
DEP000694,CUST004470,2022-12-31,21129.94,12,0.0339,True,Matured
DEP000695,CUST004473,2024-07-30,15633.59,24,0.0648,False,Active
DEP000696,CUST004476,2020-03-15,25330.77,12,0.0567,True,Matured
DEP000697,CUST004478,2022-07-14,23207.24,36,0.0667,True,Active
DEP000698,CUST004505,2022-09-16,47610.86,24,0.0405,True,Matured
DEP000699,CUST004521,2022-05-30,32117.57,12,0.0668,False,Active
DEP000700,CUST004523,2022-03-11,24263.79,24,0.0513,False,Active
DEP000701,CUST004525,2022-03-23,13359.27,6,0.0752,False,Matured
DEP000702,CUST004533,2022-04-20,42519.64,6,0.0516,False,Matured
DEP000703,CUST004542,2024-11-20,26777.22,12,0.0639,False,Active
DEP000704,CUST004546,2022-04-20,39220.91,6,0.0714,False,Active
DEP000705,CUST004548,2023-03-11,1671.43,6,0.0318,True,Active
DEP000706,CUST004553,2023-08-17,29934.32,6,0.0766,True,Active
DEP000707,CUST004554,2020-01-30,42828.61,12,0.0561,False,Active
DEP000708,CUST004555,2021-10-24,12125.26,6,0.0345,False,Matured
DEP000709,CUST004558,2023-07-11,12597.46,12,0.0524,True,Withdrawn Early
DEP000710,CUST004575,2024-04-12,4404.35,12,0.0772,False,Active
DEP000711,CUST004579,2018-10-22,19962.94,6,0.0669,False,Active
DEP000712,CUST004582,2018-05-14,12317.29,12,0.0361,False,Matured
DEP000713,CUST004585,2024-07-10,12455.46,6,0.0697,True,Active
DEP000714,CUST004587,2024-08-24,29590.59,12,0.0566,True,Active
DEP000715,CUST004592,2024-11-03,39031.16,6,0.0793,True,Active
DEP000716,CUST004593,2024-09-23,44840.33,12,0.0368,False,Matured
DEP000717,CUST004599,2017-09-13,39981.34,12,0.0499,False,Active
DEP000718,CUST004604,2024-01-05,29524.92,12,0.0409,True,Active
DEP000719,CUST004605,2024-09-20,37853.24,12,0.0508,True,Active
DEP000720,CUST004606,2021-11-27,40858.5,24,0.0488,False,Matured
DEP000721,CUST004623,2024-11-20,12560.87,12,0.051,False,Matured
DEP000722,CUST004628,2024-04-27,36069.6,24,0.0643,False,Active
DEP000723,CUST004647,2022-02-24,43448.69,3,0.0551,True,Matured
DEP000724,CUST004648,2024-10-21,9820.22,12,0.0488,False,Active
DEP000725,CUST004653,2022-09-30,10019.69,36,0.0404,False,Active
DEP000726,CUST004655,2021-02-08,42425.32,36,0.0342,True,Withdrawn Early
DEP000727,CUST004656,2022-11-06,27161.01,6,0.0608,True,Active
DEP000728,CUST004673,2024-05-21,38827.1,6,0.0343,False,Withdrawn Early
DEP000729,CUST004674,2022-02-26,39836.29,12,0.0463,False,Active
DEP000730,CUST004675,2023-09-07,19174.27,36,0.076,False,Matured
DEP000731,CUST004680,2021-01-29,36200.22,12,0.0491,True,Active
DEP000732,CUST004685,2024-12-11,49986.46,6,0.0569,False,Active
DEP000733,CUST004699,2018-04-12,17603.12,6,0.057,False,Active
DEP000734,CUST004700,2020-11-21,27037.23,12,0.0369,True,Active
DEP000735,CUST004707,2024-12-05,44768.58,36,0.0497,True,Active
DEP000736,CUST004710,2024-06-03,34581.89,12,0.0499,False,Active
DEP000737,CUST004712,2024-05-14,26853.38,12,0.0798,False,Active
DEP000738,CUST004713,2024-10-11,9173.62,12,0.0684,False,Active
DEP000739,CUST004717,2021-06-01,27981.04,6,0.047,True,Active
DEP000740,CUST004720,2024-08-05,40472.92,3,0.0498,False,Active
DEP000741,CUST004727,2024-05-26,28722.45,12,0.0721,True,Active
DEP000742,CUST004734,2023-01-13,20175.26,3,0.0465,True,Matured
DEP000743,CUST004739,2022-10-18,21314.06,24,0.0626,True,Withdrawn Early
DEP000744,CUST004750,2020-06-14,13334.71,12,0.0426,True,Withdrawn Early
DEP000745,CUST004752,2020-02-01,38919.88,3,0.0322,True,Matured
DEP000746,CUST004754,2023-04-04,2694.73,3,0.056,False,Matured
DEP000747,CUST004755,2021-10-07,13235.99,12,0.0468,False,Active
DEP000748,CUST004758,2024-07-30,10103.34,6,0.037,True,Withdrawn Early
DEP000749,CUST004772,2024-03-23,42725.91,12,0.0582,False,Active
DEP000750,CUST004773,2023-10-21,46035.16,12,0.0728,True,Matured
DEP000751,CUST004776,2019-10-29,20213.31,24,0.0364,False,Active
DEP000752,CUST004781,2020-10-02,16530.87,12,0.0434,False,Matured
DEP000753,CUST004784,2023-09-25,8911.81,24,0.0546,False,Active
DEP000754,CUST004787,2023-02-18,27464.62,3,0.0516,True,Matured
DEP000755,CUST004794,2024-05-22,1208.54,3,0.0345,True,Active
DEP000756,CUST004796,2022-03-27,2412.6,12,0.0335,False,Matured
DEP000757,CUST004802,2024-12-11,6210.55,3,0.0653,True,Matured
DEP000758,CUST004808,2016-09-29,28428.26,12,0.0438,True,Active
DEP000759,CUST004816,2022-05-06,15586.51,24,0.075,True,Withdrawn Early
DEP000760,CUST004819,2023-08-11,48147.13,3,0.0789,True,Matured
DEP000761,CUST004827,2024-09-14,23130.22,24,0.0793,True,Matured
DEP000762,CUST004844,2023-10-30,43283.92,3,0.0785,False,Matured
DEP000763,CUST004846,2023-12-22,39902.71,3,0.0572,True,Active
DEP000764,CUST004853,2016-02-26,30061.64,24,0.0719,False,Matured
DEP000765,CUST004854,2023-04-10,32409.8,12,0.0328,False,Active
DEP000766,CUST004859,2018-04-25,35331.33,3,0.065,True,Matured
DEP000767,CUST004870,2017-04-28,4419.34,12,0.0328,False,Active
DEP000768,CUST004872,2023-04-28,8683.59,24,0.0347,False,Matured
DEP000769,CUST004877,2024-01-01,45780.76,12,0.0611,True,Matured
DEP000770,CUST004888,2023-01-29,43508.18,36,0.0347,False,Matured
DEP000771,CUST004899,2023-05-01,35726.48,6,0.0434,True,Active
DEP000772,CUST004903,2024-11-25,6753.6,12,0.053,True,Active
DEP000773,CUST004906,2020-06-09,40045.0,6,0.0465,False,Matured
DEP000774,CUST004914,2023-12-27,36822.09,36,0.0621,True,Matured
DEP000775,CUST004920,2024-06-01,48132.72,12,0.0721,True,Active
DEP000776,CUST004922,2018-11-15,45498.83,36,0.0528,False,Matured
DEP000777,CUST004923,2023-09-09,47537.26,12,0.0531,False,Matured
DEP000778,CUST004925,2021-07-19,3491.84,3,0.0373,False,Active
DEP000779,CUST004926,2024-12-06,30869.4,24,0.0331,False,Withdrawn Early
DEP000780,CUST004927,2023-11-22,7915.9,6,0.0785,False,Active
DEP000781,CUST004928,2018-10-17,38219.82,3,0.0433,True,Matured
DEP000782,CUST004930,2023-08-18,49676.3,6,0.0752,False,Matured
DEP000783,CUST004938,2024-03-09,3610.91,24,0.0571,False,Active
DEP000784,CUST004944,2020-08-26,9755.64,12,0.0449,False,Matured
DEP000785,CUST004950,2023-08-03,24345.36,36,0.042,True,Matured
DEP000786,CUST004954,2024-10-03,28782.63,12,0.0778,False,Withdrawn Early
DEP000787,CUST004956,2023-04-06,49806.85,12,0.0315,True,Matured
DEP000788,CUST004961,2024-04-01,41669.52,12,0.0785,False,Active
DEP000789,CUST004973,2021-05-11,7612.37,3,0.0467,False,Active
DEP000790,CUST004978,2024-01-20,29715.79,12,0.0715,False,Active
DEP000791,CUST004987,2023-07-20,11785.5,12,0.078,True,Withdrawn Early
DEP000792,CUST004991,2023-07-10,7612.98,3,0.0393,False,Matured
DEP000793,CUST004993,2023-11-10,2325.39,12,0.0708,False,Matured
DEP000794,CUST004995,2019-12-10,17509.78,6,0.0521,True,Active
DEP000795,CUST004998,2023-11-27,19465.44,12,0.0468,False,Active
DEP000796,CUST005015,2020-04-08,40948.07,3,0.0305,True,Matured
DEP000797,CUST005020,2020-09-16,17713.97,24,0.0573,False,Active
DEP000798,CUST005022,2024-11-28,39388.53,24,0.0544,True,Active
DEP000799,CUST005024,2024-07-09,2374.48,12,0.0328,False,Matured
DEP000800,CUST005025,2022-08-07,27918.39,3,0.0407,False,Active
DEP000801,CUST005034,2022-05-15,13646.73,3,0.071,True,Active
DEP000802,CUST005039,2023-09-24,37885.6,6,0.0461,True,Active
DEP000803,CUST005040,2024-05-02,17546.78,36,0.0652,False,Active
DEP000804,CUST005061,2022-11-09,45621.44,12,0.0575,False,Active
DEP000805,CUST005062,2019-05-20,14512.75,12,0.0539,False,Active
DEP000806,CUST005064,2023-03-10,44056.17,3,0.0697,True,Active
DEP000807,CUST005083,2022-02-22,27209.5,12,0.0723,False,Active
DEP000808,CUST005087,2023-12-24,35927.67,12,0.0616,True,Active
DEP000809,CUST005096,2020-02-07,1252.96,3,0.0307,True,Matured
DEP000810,CUST005097,2024-07-29,40656.11,12,0.0493,True,Active
DEP000811,CUST005101,2023-07-22,25010.64,3,0.0578,False,Matured
DEP000812,CUST005117,2021-07-28,46928.34,36,0.0759,True,Withdrawn Early
DEP000813,CUST005125,2023-08-25,21839.03,24,0.0481,True,Active
DEP000814,CUST005126,2024-01-07,27402.29,12,0.0782,True,Active
DEP000815,CUST005128,2024-01-17,29363.43,12,0.0585,False,Withdrawn Early
DEP000816,CUST005129,2018-02-07,31539.19,6,0.05,True,Active
DEP000817,CUST005140,2017-08-27,4127.25,6,0.0665,False,Withdrawn Early
DEP000818,CUST005142,2023-04-22,15948.98,12,0.0392,False,Withdrawn Early
DEP000819,CUST005143,2024-07-29,49808.56,36,0.0632,False,Active
DEP000820,CUST005147,2024-05-08,15763.14,24,0.0354,True,Active
DEP000821,CUST005148,2023-08-20,25864.5,12,0.04,False,Matured
DEP000822,CUST005151,2022-08-15,5744.36,24,0.0497,False,Active
DEP000823,CUST005158,2020-04-25,1905.94,12,0.0679,False,Active
DEP000824,CUST005163,2020-08-04,30905.33,6,0.0403,False,Matured
DEP000825,CUST005165,2020-11-26,23647.67,3,0.0511,False,Active
DEP000826,CUST005166,2024-04-05,2133.21,3,0.0734,False,Active
DEP000827,CUST005173,2024-12-13,48393.31,3,0.0466,True,Active
DEP000828,CUST005180,2020-07-01,22248.41,24,0.0478,True,Matured
DEP000829,CUST005189,2023-12-08,27333.26,3,0.0566,False,Matured
DEP000830,CUST005193,2021-04-25,24929.02,3,0.0742,False,Matured
DEP000831,CUST005197,2024-08-27,30621.27,3,0.0653,False,Active
DEP000832,CUST005218,2024-09-18,46420.58,6,0.052,False,Active
DEP000833,CUST005226,2022-04-08,13730.72,3,0.0703,True,Active
DEP000834,CUST005231,2021-12-05,36727.08,12,0.0594,True,Active
DEP000835,CUST005237,2022-07-04,22370.12,6,0.0332,False,Withdrawn Early
DEP000836,CUST005244,2020-06-26,1324.39,6,0.0702,False,Matured
DEP000837,CUST005249,2024-12-12,2462.52,24,0.0557,False,Matured
DEP000838,CUST005250,2023-05-20,49835.67,12,0.0481,True,Active
DEP000839,CUST005273,2024-11-03,16339.49,12,0.0706,True,Matured
DEP000840,CUST005283,2023-07-08,47151.43,24,0.0412,True,Active
DEP000841,CUST005285,2024-10-19,13178.56,24,0.0677,False,Active
DEP000842,CUST005287,2020-02-18,13400.3,6,0.0711,False,Matured
DEP000843,CUST005295,2024-10-31,27593.14,24,0.0742,False,Matured
DEP000844,CUST005296,2024-12-02,29445.64,36,0.0538,False,Matured
DEP000845,CUST005305,2024-03-05,7205.44,24,0.032,True,Matured
DEP000846,CUST005310,2022-12-08,11650.88,6,0.0522,True,Active
DEP000847,CUST005324,2022-09-08,14524.55,12,0.0645,False,Matured
DEP000848,CUST005330,2023-08-04,11196.72,6,0.0384,False,Active
DEP000849,CUST005331,2022-12-28,35388.32,12,0.0325,False,Active
DEP000850,CUST005339,2019-03-14,27067.84,12,0.0746,True,Active
DEP000851,CUST005340,2016-06-06,30509.15,12,0.0406,True,Matured
DEP000852,CUST005346,2024-11-05,15285.18,24,0.0452,False,Active
DEP000853,CUST005354,2024-09-27,4861.04,3,0.058,False,Active
DEP000854,CUST005355,2023-08-11,8377.99,12,0.0344,True,Active
DEP000855,CUST005358,2024-02-03,6844.33,6,0.0703,True,Matured
DEP000856,CUST005361,2017-12-20,46946.21,3,0.0728,False,Active
DEP000857,CUST005370,2023-10-27,25146.55,36,0.0764,True,Active
DEP000858,CUST005376,2024-04-14,6270.37,12,0.0472,False,Active
DEP000859,CUST005378,2024-05-26,32668.51,12,0.0587,False,Active
DEP000860,CUST005383,2023-06-14,35451.32,24,0.0438,False,Active
DEP000861,CUST005393,2020-10-07,41999.91,24,0.0734,False,Withdrawn Early
DEP000862,CUST005395,2024-04-09,49674.54,6,0.0528,False,Active
DEP000863,CUST005396,2024-08-17,46616.48,24,0.0524,True,Active
DEP000864,CUST005398,2024-03-09,20593.93,36,0.0421,False,Matured
DEP000865,CUST005400,2018-10-05,45476.79,12,0.044,False,Active
DEP000866,CUST005404,2021-01-12,32645.44,6,0.0664,True,Matured
DEP000867,CUST005409,2024-10-12,23543.42,36,0.0751,True,Matured
DEP000868,CUST005413,2022-09-08,46168.35,24,0.0423,True,Matured
DEP000869,CUST005416,2024-10-21,12686.91,12,0.0345,False,Active
DEP000870,CUST005418,2024-11-14,22518.37,3,0.0485,False,Matured
DEP000871,CUST005419,2024-05-18,48376.36,6,0.0326,True,Withdrawn Early
DEP000872,CUST005420,2020-10-28,18842.95,12,0.0653,False,Active
DEP000873,CUST005431,2024-03-19,27262.09,6,0.037,True,Active
DEP000874,CUST005434,2024-12-19,10918.92,6,0.0466,False,Active
DEP000875,CUST005440,2024-01-11,35817.46,6,0.0304,True,Withdrawn Early
DEP000876,CUST005441,2021-10-08,40684.79,6,0.035,False,Matured
DEP000877,CUST005445,2021-09-22,31188.1,6,0.0757,False,Matured
DEP000878,CUST005452,2020-12-05,30596.6,12,0.0564,False,Matured
DEP000879,CUST005467,2024-11-18,37287.55,12,0.0463,True,Withdrawn Early
DEP000880,CUST005474,2023-11-02,16762.9,24,0.0777,False,Withdrawn Early
DEP000881,CUST005483,2023-01-09,18806.71,3,0.0355,True,Active
DEP000882,CUST005493,2024-07-10,16818.79,3,0.0351,False,Active
DEP000883,CUST005496,2021-11-23,19804.61,12,0.0707,False,Matured
DEP000884,CUST005501,2024-04-29,17412.92,12,0.0405,False,Active
DEP000885,CUST005509,2024-06-23,4302.57,12,0.0708,False,Active
DEP000886,CUST005512,2024-09-24,19402.51,12,0.0632,True,Matured
DEP000887,CUST005521,2022-05-30,2804.22,12,0.0413,False,Active
DEP000888,CUST005531,2024-11-28,45973.97,12,0.0551,True,Matured
DEP000889,CUST005537,2022-05-03,13001.17,24,0.0314,False,Withdrawn Early
DEP000890,CUST005540,2024-02-27,41072.67,24,0.0569,False,Matured
DEP000891,CUST005548,2021-12-01,5217.08,6,0.0566,False,Matured
DEP000892,CUST005551,2024-01-11,42827.84,6,0.0508,False,Active
DEP000893,CUST005571,2022-05-31,49622.66,3,0.0696,True,Active
DEP000894,CUST005580,2023-01-17,17127.57,24,0.03,False,Active
DEP000895,CUST005586,2019-02-01,39760.22,3,0.0589,False,Active
DEP000896,CUST005591,2020-11-14,31184.71,6,0.0442,False,Active
DEP000897,CUST005597,2020-11-12,33026.27,6,0.046,False,Active
DEP000898,CUST005599,2024-11-11,43477.08,12,0.0671,True,Matured
DEP000899,CUST005607,2024-12-07,35025.92,12,0.0757,False,Active
DEP000900,CUST005614,2024-10-03,38984.06,6,0.0674,False,Withdrawn Early
DEP000901,CUST005618,2021-03-16,33304.92,6,0.0763,False,Withdrawn Early
DEP000902,CUST005620,2020-11-04,3771.39,12,0.0317,False,Matured
DEP000903,CUST005631,2018-03-18,11420.62,24,0.0409,False,Active
DEP000904,CUST005634,2023-09-01,22684.3,12,0.0608,True,Active
DEP000905,CUST005644,2023-01-23,37549.68,3,0.0513,True,Active
DEP000906,CUST005654,2018-09-09,16779.73,12,0.0452,False,Active
DEP000907,CUST005659,2017-12-27,9156.19,6,0.078,False,Active
DEP000908,CUST005663,2020-12-29,36665.52,12,0.0469,True,Active
DEP000909,CUST005688,2024-05-07,28777.99,12,0.0726,False,Active
DEP000910,CUST005719,2023-02-22,30316.18,24,0.0745,False,Active
DEP000911,CUST005734,2024-05-23,21601.27,24,0.0564,False,Matured
DEP000912,CUST005735,2020-05-11,8617.22,24,0.0644,False,Withdrawn Early
DEP000913,CUST005738,2020-07-30,35932.1,36,0.0744,True,Matured
DEP000914,CUST005741,2020-06-02,40910.58,6,0.0534,False,Matured
DEP000915,CUST005755,2024-05-20,13311.41,12,0.0318,False,Matured
DEP000916,CUST005770,2019-07-21,45005.64,24,0.0564,True,Active
DEP000917,CUST005778,2018-06-11,14349.44,24,0.0599,True,Active
DEP000918,CUST005792,2021-11-09,48370.54,6,0.0492,True,Matured
DEP000919,CUST005805,2024-02-14,33866.31,36,0.0542,True,Active
DEP000920,CUST005828,2023-02-20,29475.56,24,0.0345,False,Matured
DEP000921,CUST005846,2023-06-02,37454.35,12,0.0413,False,Active
DEP000922,CUST005849,2021-05-28,20716.95,3,0.0689,False,Active
DEP000923,CUST005858,2019-08-31,44257.43,12,0.0566,False,Active
DEP000924,CUST005862,2024-07-18,36414.69,12,0.0318,False,Active
DEP000925,CUST005863,2024-11-14,24413.28,3,0.0503,True,Matured
DEP000926,CUST005870,2024-03-11,13798.29,12,0.0387,True,Active
DEP000927,CUST005873,2017-10-09,32292.98,12,0.0556,False,Active
DEP000928,CUST005878,2024-02-29,29771.66,6,0.0335,True,Matured
DEP000929,CUST005882,2024-05-31,32929.55,12,0.0488,False,Withdrawn Early
DEP000930,CUST005897,2024-10-27,43452.06,12,0.0553,True,Active
DEP000931,CUST005908,2024-03-25,23283.93,6,0.0614,True,Matured
DEP000932,CUST005910,2020-08-01,14908.78,36,0.0714,False,Active
DEP000933,CUST005918,2023-12-31,43926.85,12,0.0616,False,Active
DEP000934,CUST005921,2021-06-19,21581.65,36,0.0522,True,Matured
DEP000935,CUST005932,2021-08-17,36735.29,36,0.045,False,Active
DEP000936,CUST005936,2023-12-21,23721.33,6,0.0661,False,Withdrawn Early
DEP000937,CUST005941,2024-12-20,48372.54,6,0.0385,True,Active
DEP000938,CUST005946,2023-06-04,35921.47,12,0.0504,False,Active
DEP000939,CUST005958,2021-08-22,20541.33,12,0.0319,False,Matured
DEP000940,CUST005963,2024-09-26,42496.25,3,0.0339,False,Active
DEP000941,CUST005975,2024-08-19,19818.28,6,0.0419,False,Matured
DEP000942,CUST005979,2023-02-12,33629.15,6,0.0407,True,Active
DEP000943,CUST005988,2023-08-10,42603.37,12,0.0578,False,Matured
DEP000944,CUST005994,2020-03-07,27721.37,6,0.0717,True,Matured
DEP000945,CUST005998,2023-10-06,39169.06,6,0.0343,False,Active
DEP000946,CUST006004,2024-05-08,25889.65,24,0.0596,False,Active
DEP000947,CUST006007,2020-06-20,20240.85,36,0.0644,True,Active
DEP000948,CUST006009,2023-09-03,35772.45,12,0.0511,True,Active
DEP000949,CUST006019,2021-03-27,11736.45,12,0.0342,True,Active
DEP000950,CUST006022,2023-03-06,23452.29,6,0.0706,False,Matured
DEP000951,CUST006025,2021-08-26,29142.1,12,0.0318,False,Active
DEP000952,CUST006040,2016-05-25,6315.12,3,0.0438,False,Active
DEP000953,CUST006053,2020-09-11,44579.84,24,0.0536,False,Matured
DEP000954,CUST006055,2023-11-12,13465.72,12,0.0651,False,Active
DEP000955,CUST006056,2024-05-16,34037.59,12,0.0368,False,Active
DEP000956,CUST006058,2018-06-28,30459.0,24,0.0481,False,Active
DEP000957,CUST006060,2022-05-14,30525.94,12,0.0566,False,Active
DEP000958,CUST006065,2021-05-05,49447.43,3,0.0322,False,Active
DEP000959,CUST006071,2024-05-22,25604.32,12,0.0752,False,Matured
DEP000960,CUST006072,2023-05-06,9755.65,36,0.0314,True,Matured
DEP000961,CUST006080,2019-07-02,5017.61,12,0.0783,False,Matured
DEP000962,CUST006091,2024-05-14,18429.79,3,0.0738,True,Matured
DEP000963,CUST006098,2024-11-27,4886.96,6,0.0397,True,Active
DEP000964,CUST006111,2021-11-07,32733.21,3,0.0552,True,Withdrawn Early
DEP000965,CUST006132,2020-03-10,43265.79,24,0.0678,False,Active
DEP000966,CUST006137,2021-11-30,39955.43,24,0.0327,False,Matured
DEP000967,CUST006139,2024-05-17,5518.07,24,0.0769,False,Matured
DEP000968,CUST006144,2024-03-06,48711.53,36,0.0366,False,Matured
DEP000969,CUST006145,2024-08-16,2243.86,12,0.0368,False,Active
DEP000970,CUST006150,2024-02-20,31377.63,24,0.0425,True,Active
DEP000971,CUST006151,2022-08-19,6659.48,6,0.0311,True,Active
DEP000972,CUST006170,2023-11-11,20029.97,3,0.0362,False,Active
DEP000973,CUST006174,2024-11-27,41169.53,12,0.0567,True,Matured
DEP000974,CUST006185,2024-08-28,26248.14,6,0.0414,True,Matured
DEP000975,CUST006190,2020-03-25,28499.01,24,0.0346,False,Active
DEP000976,CUST006195,2024-05-29,753.76,24,0.0341,False,Matured
DEP000977,CUST006197,2017-02-09,28621.78,3,0.0568,False,Active
DEP000978,CUST006208,2024-11-01,16407.92,12,0.0494,False,Active
DEP000979,CUST006212,2022-01-07,19426.78,24,0.0484,True,Active
DEP000980,CUST006214,2024-09-23,2159.8,3,0.0558,True,Active
DEP000981,CUST006218,2020-08-01,4111.42,12,0.0669,False,Active
DEP000982,CUST006236,2020-01-03,6088.51,6,0.0306,False,Active
DEP000983,CUST006238,2024-01-02,35749.2,36,0.0477,False,Matured
DEP000984,CUST006250,2023-03-29,8940.77,36,0.0656,False,Active
DEP000985,CUST006256,2023-08-24,26799.89,12,0.0585,False,Active
DEP000986,CUST006257,2020-11-03,1150.57,3,0.0541,False,Active
DEP000987,CUST006261,2022-12-27,5172.21,6,0.0696,True,Active
DEP000988,CUST006269,2017-12-28,34968.41,24,0.0653,True,Withdrawn Early
DEP000989,CUST006273,2024-07-20,31723.63,6,0.04,True,Active
DEP000990,CUST006274,2023-11-28,44516.55,12,0.0614,False,Active
DEP000991,CUST006275,2021-04-30,843.56,6,0.0704,False,Matured
DEP000992,CUST006276,2024-05-03,23176.37,6,0.0375,True,Active
DEP000993,CUST006277,2020-08-03,46459.04,3,0.0753,False,Withdrawn Early
DEP000994,CUST006284,2021-03-12,46458.12,24,0.0342,False,Matured
DEP000995,CUST006285,2023-06-04,42682.88,3,0.0707,False,Matured
DEP000996,CUST006293,2023-10-08,19806.37,6,0.0675,False,Active
DEP000997,CUST006295,2021-01-08,36926.13,36,0.0415,False,Active
DEP000998,CUST006310,2024-08-31,37721.62,3,0.0525,False,Matured
DEP000999,CUST006314,2021-02-16,8392.33,6,0.0374,True,Active
DEP001000,CUST006316,2023-01-14,36877.59,12,0.0333,True,Active
DEP001001,CUST006326,2023-10-12,7843.23,3,0.0598,False,Active
DEP001002,CUST006337,2024-07-08,3376.76,6,0.0365,True,Matured
DEP001003,CUST006341,2022-10-31,5745.97,24,0.0712,False,Matured
DEP001004,CUST006344,2024-01-21,21410.19,6,0.0536,False,Matured
DEP001005,CUST006345,2023-11-29,28594.08,12,0.0343,False,Active
DEP001006,CUST006346,2024-12-01,5179.6,12,0.0563,False,Active
DEP001007,CUST006347,2024-03-18,48023.49,24,0.0653,False,Matured
DEP001008,CUST006349,2024-02-20,17910.71,12,0.0712,False,Matured
DEP001009,CUST006366,2023-08-10,31474.1,36,0.0475,True,Matured
DEP001010,CUST006369,2022-06-21,35876.24,3,0.0483,False,Matured
DEP001011,CUST006371,2023-06-03,26580.77,3,0.0415,False,Active
DEP001012,CUST006378,2024-11-22,28077.23,36,0.0312,False,Matured
DEP001013,CUST006388,2024-12-05,41397.62,12,0.045,False,Active
DEP001014,CUST006404,2023-08-07,15489.52,3,0.0316,True,Active
DEP001015,CUST006406,2023-01-21,1605.92,24,0.0374,False,Matured
DEP001016,CUST006416,2023-01-15,8636.63,36,0.0603,True,Withdrawn Early
DEP001017,CUST006418,2024-11-24,24548.89,12,0.0468,True,Withdrawn Early
DEP001018,CUST006422,2021-08-14,10816.82,3,0.0372,False,Active
DEP001019,CUST006427,2018-07-15,4911.08,12,0.0368,True,Active
DEP001020,CUST006439,2024-06-06,24528.47,6,0.0423,False,Matured
DEP001021,CUST006451,2024-01-26,20292.37,6,0.0682,True,Active
DEP001022,CUST006466,2022-01-25,28860.26,3,0.037,False,Active
DEP001023,CUST006467,2024-08-27,47366.58,12,0.0672,True,Active
DEP001024,CUST006468,2022-03-14,14359.65,6,0.057,False,Matured
DEP001025,CUST006471,2022-03-14,10350.7,6,0.078,False,Active
DEP001026,CUST006476,2024-11-24,12627.53,3,0.0405,False,Matured
DEP001027,CUST006477,2023-10-25,45353.29,6,0.0326,True,Active
DEP001028,CUST006481,2021-11-19,41084.53,12,0.0637,True,Active
DEP001029,CUST006492,2024-12-06,31341.05,3,0.0712,False,Active
DEP001030,CUST006506,2016-08-09,37793.39,12,0.0754,False,Matured
DEP001031,CUST006525,2021-09-05,41062.21,24,0.0642,False,Active
DEP001032,CUST006533,2022-05-23,2280.79,12,0.0608,True,Matured
DEP001033,CUST006552,2024-03-19,26821.4,12,0.0532,False,Matured
DEP001034,CUST006570,2019-04-27,12413.53,12,0.0705,False,Active
DEP001035,CUST006572,2020-10-15,26236.65,6,0.0337,False,Active
DEP001036,CUST006582,2024-02-04,3746.4,24,0.0775,False,Active
DEP001037,CUST006599,2021-06-07,39623.46,36,0.0326,True,Active
DEP001038,CUST006603,2024-06-21,34954.78,12,0.0585,False,Active
DEP001039,CUST006622,2022-10-30,20754.1,12,0.0625,True,Matured
DEP001040,CUST006627,2023-01-03,47268.24,6,0.0726,True,Withdrawn Early
DEP001041,CUST006632,2024-06-01,14775.62,6,0.0646,True,Matured
DEP001042,CUST006637,2019-11-24,12899.47,3,0.0785,True,Matured
DEP001043,CUST006642,2020-08-19,18024.5,12,0.0522,True,Matured
DEP001044,CUST006643,2022-08-14,41989.61,12,0.0511,False,Active
DEP001045,CUST006658,2023-11-24,16726.53,3,0.0743,False,Active
DEP001046,CUST006660,2024-08-19,12566.52,6,0.0732,False,Active
DEP001047,CUST006670,2023-01-03,24428.87,12,0.033,False,Active
DEP001048,CUST006671,2020-05-06,24886.19,3,0.0715,False,Matured
DEP001049,CUST006673,2022-05-28,35762.25,6,0.0769,False,Withdrawn Early
DEP001050,CUST006684,2023-04-29,18528.19,12,0.0441,False,Active
DEP001051,CUST006693,2022-06-23,20910.41,24,0.0538,True,Active
DEP001052,CUST006710,2024-07-30,28135.37,3,0.0318,False,Active
DEP001053,CUST006720,2022-01-25,37419.24,6,0.051,True,Matured
DEP001054,CUST006721,2021-06-21,35177.25,12,0.0653,False,Active
DEP001055,CUST006722,2023-08-03,21336.01,6,0.0793,False,Active
DEP001056,CUST006726,2024-02-04,48142.76,6,0.0523,True,Active
DEP001057,CUST006729,2021-05-13,5748.76,12,0.0701,False,Matured
DEP001058,CUST006733,2023-01-31,35594.7,6,0.0629,True,Active
DEP001059,CUST006755,2024-06-22,42538.44,24,0.0416,False,Active
DEP001060,CUST006768,2024-12-08,19103.97,3,0.0348,False,Active
DEP001061,CUST006783,2024-10-25,44760.4,3,0.0333,False,Matured
DEP001062,CUST006784,2024-11-15,40299.56,6,0.0551,False,Matured
DEP001063,CUST006791,2022-07-28,4294.27,6,0.0325,True,Active
DEP001064,CUST006792,2022-09-26,10189.65,12,0.0784,False,Matured
DEP001065,CUST006807,2020-05-04,3625.86,6,0.0459,False,Withdrawn Early
DEP001066,CUST006809,2023-11-15,20129.29,24,0.0528,False,Active
DEP001067,CUST006820,2021-09-02,23046.57,24,0.05,False,Matured
DEP001068,CUST006823,2022-06-22,31438.73,12,0.0411,False,Active
DEP001069,CUST006825,2023-12-04,39226.3,24,0.0502,False,Matured
DEP001070,CUST006826,2024-06-18,34608.77,24,0.0712,False,Active
DEP001071,CUST006827,2021-10-01,15312.35,6,0.0512,True,Active
DEP001072,CUST006830,2022-09-01,48496.94,24,0.0684,True,Active
DEP001073,CUST006840,2023-09-16,16360.8,12,0.0594,True,Active
DEP001074,CUST006843,2024-08-15,32436.11,12,0.0584,True,Matured
DEP001075,CUST006844,2022-08-27,21993.31,12,0.0439,True,Matured
DEP001076,CUST006858,2021-02-26,36307.35,6,0.0369,True,Matured
DEP001077,CUST006862,2023-09-02,32326.07,36,0.066,True,Withdrawn Early
DEP001078,CUST006870,2022-07-01,8062.54,6,0.0737,False,Matured
DEP001079,CUST006871,2022-08-09,46892.6,12,0.049,False,Active
DEP001080,CUST006872,2023-03-17,25316.51,3,0.0376,True,Matured
DEP001081,CUST006880,2019-05-01,28149.6,12,0.07,False,Active
DEP001082,CUST006885,2024-05-23,2317.26,3,0.0557,False,Active
DEP001083,CUST006894,2024-06-26,42053.37,24,0.0384,True,Active
DEP001084,CUST006895,2021-05-28,20243.64,3,0.0783,False,Active
DEP001085,CUST006904,2024-09-18,24840.27,12,0.0768,False,Matured
DEP001086,CUST006910,2022-07-10,8737.51,12,0.0777,False,Active
DEP001087,CUST006918,2024-05-02,44712.84,12,0.0517,False,Matured
DEP001088,CUST006930,2018-01-23,26508.66,6,0.0548,False,Active
DEP001089,CUST006932,2018-06-25,14428.52,24,0.0454,False,Active
DEP001090,CUST006942,2024-03-20,40856.93,3,0.0658,False,Active
DEP001091,CUST006950,2020-12-28,15489.51,6,0.0739,True,Withdrawn Early
DEP001092,CUST006956,2020-05-23,37304.38,12,0.0366,True,Active
DEP001093,CUST006970,2024-11-29,28964.61,6,0.0734,False,Withdrawn Early
DEP001094,CUST006972,2021-12-30,40950.71,12,0.0792,True,Active
DEP001095,CUST006975,2024-06-21,49362.74,12,0.0617,False,Active
DEP001096,CUST006982,2022-08-01,11001.8,24,0.0711,False,Active
DEP001097,CUST006985,2021-07-20,11576.5,36,0.0441,False,Withdrawn Early
DEP001098,CUST006987,2024-08-19,25605.69,12,0.0711,False,Active
DEP001099,CUST006993,2024-08-19,28184.25,12,0.0405,False,Matured
DEP001100,CUST006997,2021-04-26,19843.98,36,0.0603,True,Matured
DEP001101,CUST007005,2023-03-15,35335.55,24,0.0761,False,Active
DEP001102,CUST007022,2024-02-15,25339.28,36,0.0445,False,Active
DEP001103,CUST007024,2023-05-17,3822.41,6,0.0499,False,Matured
DEP001104,CUST007028,2024-06-01,2509.71,12,0.0372,True,Active
DEP001105,CUST007040,2023-07-29,35568.3,24,0.0682,False,Matured
DEP001106,CUST007041,2024-12-21,9551.75,12,0.0592,True,Active
DEP001107,CUST007049,2024-10-02,10919.53,6,0.0741,False,Active
DEP001108,CUST007055,2024-06-27,9899.31,3,0.0674,True,Matured
DEP001109,CUST007059,2023-01-28,39375.63,12,0.0717,False,Matured
DEP001110,CUST007067,2024-02-13,42798.69,6,0.0723,True,Matured
DEP001111,CUST007073,2023-08-03,12848.95,12,0.0729,True,Active
DEP001112,CUST007074,2023-12-09,25957.93,3,0.0348,True,Matured
DEP001113,CUST007075,2023-08-03,34788.39,36,0.036,False,Active
DEP001114,CUST007080,2024-04-14,31297.66,36,0.0451,False,Matured
DEP001115,CUST007086,2022-12-07,10726.73,12,0.054,False,Matured
DEP001116,CUST007114,2019-10-09,19416.58,3,0.0614,False,Matured
DEP001117,CUST007116,2022-09-22,8420.78,6,0.0423,False,Active
DEP001118,CUST007117,2020-06-26,39723.98,6,0.0758,False,Matured
DEP001119,CUST007119,2021-05-15,10952.14,6,0.0517,True,Active
DEP001120,CUST007122,2017-09-25,29407.65,6,0.0332,False,Matured
DEP001121,CUST007129,2023-11-15,504.25,12,0.0656,True,Active
DEP001122,CUST007149,2020-12-02,38957.22,36,0.0444,False,Active
DEP001123,CUST007150,2023-04-08,6396.19,12,0.0606,True,Active
DEP001124,CUST007156,2023-08-09,1983.74,3,0.0486,True,Matured
DEP001125,CUST007160,2020-09-16,10673.28,36,0.0335,False,Active
DEP001126,CUST007165,2024-11-18,36428.5,12,0.0465,True,Active
DEP001127,CUST007169,2024-10-09,48074.97,24,0.0534,True,Matured
DEP001128,CUST007170,2019-11-01,36591.78,3,0.0793,False,Active
DEP001129,CUST007173,2023-04-17,41436.88,6,0.0372,False,Matured
DEP001130,CUST007174,2023-06-05,31759.73,6,0.0318,False,Withdrawn Early
DEP001131,CUST007185,2024-11-03,15993.93,6,0.0644,False,Withdrawn Early
DEP001132,CUST007186,2023-04-19,30127.31,6,0.0509,True,Active
DEP001133,CUST007196,2020-09-30,17614.13,12,0.0538,True,Active
DEP001134,CUST007198,2018-01-14,47293.71,3,0.0577,True,Withdrawn Early
DEP001135,CUST007202,2020-06-14,26816.48,12,0.0315,False,Matured
DEP001136,CUST007209,2020-08-16,34019.1,24,0.066,False,Active
DEP001137,CUST007217,2023-08-04,36278.66,24,0.0759,True,Matured
DEP001138,CUST007224,2023-04-04,42719.08,12,0.0689,False,Active
DEP001139,CUST007231,2024-10-13,7048.96,24,0.0374,False,Active
DEP001140,CUST007233,2018-10-14,48917.68,12,0.0337,True,Active
DEP001141,CUST007235,2023-07-01,16465.3,6,0.0649,False,Active
DEP001142,CUST007237,2020-06-26,11341.35,12,0.0356,False,Active
DEP001143,CUST007238,2024-12-12,12728.85,6,0.0426,True,Active
DEP001144,CUST007240,2023-05-08,44582.32,6,0.0648,False,Matured
DEP001145,CUST007241,2023-04-24,27295.13,24,0.0381,False,Active
DEP001146,CUST007249,2023-04-23,46795.21,12,0.077,True,Active
DEP001147,CUST007252,2022-01-03,1001.74,3,0.0687,True,Active
DEP001148,CUST007253,2020-08-14,3545.09,12,0.0344,False,Active
DEP001149,CUST007254,2020-04-06,5191.45,36,0.0384,False,Matured
DEP001150,CUST007258,2022-01-27,42447.45,36,0.0631,True,Matured
DEP001151,CUST007264,2020-05-25,42110.2,6,0.0569,False,Active
DEP001152,CUST007268,2022-10-20,5999.92,24,0.0614,False,Withdrawn Early
DEP001153,CUST007274,2024-06-08,22718.53,6,0.0403,False,Active
DEP001154,CUST007278,2017-05-19,35148.7,6,0.0699,False,Active
DEP001155,CUST007279,2021-07-16,36824.49,12,0.0438,False,Active
DEP001156,CUST007285,2024-04-03,2138.57,36,0.0793,True,Matured
DEP001157,CUST007292,2024-11-24,41117.01,12,0.0366,True,Active
DEP001158,CUST007293,2016-06-07,12121.81,12,0.0609,True,Withdrawn Early
DEP001159,CUST007302,2021-11-09,43472.91,6,0.0343,True,Matured
DEP001160,CUST007304,2024-12-11,45214.99,36,0.0723,False,Active
DEP001161,CUST007312,2022-10-12,46186.58,12,0.0368,False,Matured
DEP001162,CUST007320,2023-06-24,37696.89,12,0.0358,True,Matured
DEP001163,CUST007321,2020-09-01,44763.55,3,0.0566,False,Active
DEP001164,CUST007325,2024-06-08,28722.75,36,0.0658,True,Active
DEP001165,CUST007327,2020-05-28,28826.82,24,0.0423,False,Active
DEP001166,CUST007342,2023-10-21,32787.38,36,0.0473,True,Matured
DEP001167,CUST007343,2021-11-25,5483.68,12,0.0665,False,Active
DEP001168,CUST007354,2024-12-03,44081.04,24,0.0399,False,Active
DEP001169,CUST007359,2024-05-29,23069.96,24,0.0526,False,Matured
DEP001170,CUST007361,2018-06-20,5781.92,12,0.0614,True,Withdrawn Early
DEP001171,CUST007365,2024-10-25,15527.17,12,0.0607,False,Active
DEP001172,CUST007367,2024-07-12,22388.9,6,0.0718,False,Active
DEP001173,CUST007368,2020-12-09,49233.58,3,0.0467,False,Active
DEP001174,CUST007371,2023-04-21,8273.11,3,0.0611,False,Matured
DEP001175,CUST007382,2022-09-15,17098.57,24,0.0393,False,Matured
DEP001176,CUST007388,2020-03-25,4059.75,24,0.0638,False,Matured
DEP001177,CUST007397,2023-02-28,24905.58,12,0.0747,False,Matured
DEP001178,CUST007404,2024-07-21,8844.66,6,0.0559,True,Active
DEP001179,CUST007405,2024-03-03,31296.5,24,0.0336,False,Active
DEP001180,CUST007412,2024-10-02,18304.52,12,0.0602,False,Matured
DEP001181,CUST007418,2024-05-19,23047.46,36,0.0364,True,Active
DEP001182,CUST007421,2022-10-28,18959.14,3,0.064,False,Active
DEP001183,CUST007422,2024-10-11,49416.1,6,0.0628,False,Matured
DEP001184,CUST007425,2019-04-12,26941.07,3,0.0596,True,Matured
DEP001185,CUST007429,2024-08-27,10177.41,3,0.0369,True,Matured
DEP001186,CUST007435,2024-02-16,49992.48,24,0.0642,False,Withdrawn Early
DEP001187,CUST007439,2019-02-20,23713.9,3,0.0465,True,Matured
DEP001188,CUST007464,2023-05-04,40963.19,12,0.0444,False,Matured
DEP001189,CUST007471,2024-07-18,10415.4,24,0.059,False,Matured
DEP001190,CUST007472,2021-12-14,3627.66,12,0.0769,True,Withdrawn Early
DEP001191,CUST007474,2024-08-12,41037.39,36,0.0353,True,Withdrawn Early
DEP001192,CUST007479,2020-03-23,33782.59,36,0.0531,True,Active
DEP001193,CUST007487,2019-09-16,16510.47,3,0.0535,False,Active
DEP001194,CUST007511,2022-02-11,46512.33,3,0.0411,True,Active
DEP001195,CUST007512,2023-04-25,11792.75,24,0.0421,True,Active
DEP001196,CUST007519,2019-09-12,4771.76,12,0.0488,False,Active
DEP001197,CUST007521,2024-04-08,45933.52,12,0.0598,False,Active
DEP001198,CUST007523,2024-05-17,37715.01,24,0.0518,False,Active
DEP001199,CUST007530,2023-03-26,17471.3,36,0.0462,False,Matured
DEP001200,CUST007539,2024-10-17,14809.71,12,0.0679,True,Active
DEP001201,CUST007543,2024-09-23,41217.49,12,0.0699,False,Active
DEP001202,CUST007548,2024-05-12,18940.93,24,0.0548,False,Matured
DEP001203,CUST007549,2024-07-07,23159.58,12,0.0469,False,Matured
DEP001204,CUST007554,2020-09-14,38740.87,36,0.053,False,Active
DEP001205,CUST007581,2022-08-01,32197.01,36,0.0633,False,Active
DEP001206,CUST007585,2024-07-02,16537.23,12,0.0328,True,Active
DEP001207,CUST007596,2024-11-06,11046.2,12,0.0752,False,Withdrawn Early
DEP001208,CUST007601,2024-07-22,42800.54,24,0.0624,False,Active
DEP001209,CUST007602,2023-08-03,40248.85,3,0.0701,False,Active
DEP001210,CUST007605,2021-04-20,14600.23,12,0.0577,False,Matured
DEP001211,CUST007614,2020-11-07,23471.21,12,0.0385,False,Matured
DEP001212,CUST007627,2022-10-15,40540.02,6,0.043,False,Matured
DEP001213,CUST007628,2022-05-20,14709.16,12,0.053,True,Active
DEP001214,CUST007631,2022-11-25,3328.91,3,0.0408,False,Active
DEP001215,CUST007634,2023-03-27,14964.16,6,0.0565,True,Matured
DEP001216,CUST007642,2023-11-02,27750.65,36,0.0482,False,Matured
DEP001217,CUST007646,2023-02-14,40603.0,12,0.0793,False,Active
DEP001218,CUST007655,2023-11-27,30868.84,6,0.0349,True,Active
DEP001219,CUST007658,2023-06-22,28143.84,36,0.0385,False,Active
DEP001220,CUST007664,2021-09-11,33546.32,36,0.0428,True,Active
DEP001221,CUST007666,2024-08-15,25433.79,3,0.0337,True,Active
DEP001222,CUST007685,2024-08-25,18491.18,6,0.0786,False,Matured
DEP001223,CUST007700,2023-07-09,2815.29,24,0.0604,False,Active
DEP001224,CUST007731,2023-08-08,11675.56,36,0.0305,False,Active
DEP001225,CUST007734,2024-07-17,24174.0,12,0.0496,True,Active
DEP001226,CUST007743,2022-05-07,12691.93,36,0.0312,False,Active
DEP001227,CUST007745,2024-05-21,15776.59,24,0.051,True,Active
DEP001228,CUST007747,2024-06-15,39412.47,6,0.068,False,Active
DEP001229,CUST007756,2020-05-26,41855.17,3,0.0684,True,Active
DEP001230,CUST007763,2023-11-19,38172.21,24,0.0347,False,Matured
DEP001231,CUST007766,2024-07-26,39447.24,6,0.0461,False,Active
DEP001232,CUST007769,2024-02-23,48139.7,12,0.0349,False,Active
DEP001233,CUST007782,2023-12-23,1399.06,12,0.0538,True,Matured
DEP001234,CUST007783,2022-12-28,22302.52,24,0.043,True,Matured
DEP001235,CUST007786,2023-10-23,34909.74,12,0.0616,False,Active
DEP001236,CUST007795,2024-10-15,36793.44,6,0.045,False,Active
DEP001237,CUST007801,2019-01-17,35074.17,12,0.0661,False,Active
DEP001238,CUST007802,2018-09-10,44755.19,6,0.0732,True,Active
DEP001239,CUST007806,2021-06-29,35459.8,12,0.0419,False,Withdrawn Early
DEP001240,CUST007815,2022-08-31,4472.53,12,0.042,False,Active
DEP001241,CUST007819,2024-05-19,45583.17,12,0.0709,False,Active
DEP001242,CUST007820,2020-05-04,15863.68,12,0.0639,False,Matured
DEP001243,CUST007825,2020-09-24,26117.79,36,0.0701,False,Active
DEP001244,CUST007828,2020-10-02,9163.92,3,0.0508,False,Active
DEP001245,CUST007832,2022-07-16,29763.4,3,0.0521,False,Active
DEP001246,CUST007835,2018-12-10,31386.25,12,0.0758,False,Matured
DEP001247,CUST007839,2018-02-04,13524.94,36,0.0594,True,Matured
DEP001248,CUST007849,2024-10-31,46284.87,12,0.0558,False,Active
DEP001249,CUST007853,2023-05-03,48319.57,3,0.0329,False,Withdrawn Early
DEP001250,CUST007863,2023-06-10,1635.79,36,0.0357,True,Active
DEP001251,CUST007864,2024-03-30,17391.99,12,0.0381,False,Withdrawn Early
DEP001252,CUST007871,2023-10-30,3019.85,24,0.0509,True,Active
DEP001253,CUST007872,2024-02-18,21788.95,24,0.0584,False,Active
DEP001254,CUST007874,2024-09-20,21935.65,24,0.0331,False,Active
DEP001255,CUST007875,2023-05-13,24959.46,24,0.0386,False,Matured
DEP001256,CUST007877,2024-09-05,17446.62,12,0.0567,False,Active
DEP001257,CUST007886,2023-12-15,12796.12,12,0.0494,True,Active
DEP001258,CUST007891,2022-08-23,7357.76,6,0.0609,False,Active
DEP001259,CUST007894,2022-05-16,25433.39,12,0.0692,True,Active
DEP001260,CUST007896,2023-02-07,30506.33,6,0.0621,False,Matured
DEP001261,CUST007899,2022-08-23,36370.18,6,0.0662,True,Active
DEP001262,CUST007905,2020-02-03,44674.06,12,0.0548,False,Active
DEP001263,CUST007906,2024-12-27,35873.37,12,0.0665,False,Active
DEP001264,CUST007909,2024-11-13,44299.55,24,0.0345,False,Active
DEP001265,CUST007921,2024-09-21,39057.6,6,0.0374,False,Withdrawn Early
DEP001266,CUST007927,2024-09-07,12490.72,12,0.0737,True,Active
DEP001267,CUST007932,2023-07-21,42516.96,3,0.0412,False,Active
DEP001268,CUST007935,2022-05-21,16215.29,6,0.0616,True,Matured
DEP001269,CUST007937,2024-11-15,25488.17,12,0.0629,True,Active
DEP001270,CUST007939,2022-12-30,2237.2,12,0.0507,False,Active
DEP001271,CUST007940,2021-03-25,43417.85,6,0.077,True,Active
DEP001272,CUST007950,2024-10-16,49563.16,12,0.0591,False,Active
DEP001273,CUST007952,2022-12-26,40542.36,6,0.0409,False,Withdrawn Early
DEP001274,CUST007967,2021-12-14,10704.87,24,0.0545,False,Matured
DEP001275,CUST007979,2024-10-10,47614.12,12,0.0561,False,Matured
DEP001276,CUST007981,2019-03-20,26655.01,6,0.0621,True,Active
DEP001277,CUST007988,2024-01-26,5748.91,12,0.0431,True,Matured
DEP001278,CUST007990,2024-12-05,13153.65,12,0.0784,False,Matured
DEP001279,CUST007993,2019-01-30,31167.98,12,0.0765,False,Withdrawn Early
DEP001280,CUST008002,2022-02-10,39583.69,12,0.058,True,Active
DEP001281,CUST008005,2024-12-29,49382.95,12,0.0754,True,Matured
DEP001282,CUST008006,2024-08-06,45957.09,12,0.0557,False,Active
DEP001283,CUST008008,2023-09-05,45107.86,24,0.0693,False,Active
DEP001284,CUST008012,2016-12-01,9606.91,12,0.0726,False,Active
DEP001285,CUST008025,2022-09-11,4775.84,12,0.0346,False,Withdrawn Early
DEP001286,CUST008037,2021-04-20,28479.23,12,0.0328,False,Active
DEP001287,CUST008041,2024-02-17,46795.47,6,0.0315,False,Active
DEP001288,CUST008053,2024-10-18,8707.19,24,0.0492,False,Withdrawn Early
DEP001289,CUST008071,2022-05-26,23040.31,6,0.0467,False,Active
DEP001290,CUST008074,2024-10-08,18076.31,24,0.068,False,Active
DEP001291,CUST008081,2021-11-03,24399.33,6,0.0405,False,Active
DEP001292,CUST008096,2022-03-17,12652.25,24,0.0329,False,Withdrawn Early
DEP001293,CUST008100,2024-04-16,20948.95,6,0.0578,True,Active
DEP001294,CUST008101,2024-10-31,48275.88,6,0.0533,True,Matured
DEP001295,CUST008107,2023-07-26,33502.66,36,0.0764,True,Active
DEP001296,CUST008118,2021-09-27,39898.31,12,0.0518,True,Active
DEP001297,CUST008122,2024-11-19,39264.81,12,0.0496,False,Matured
DEP001298,CUST008145,2023-02-02,27960.33,3,0.0685,False,Active
DEP001299,CUST008163,2019-11-14,33886.2,3,0.034,False,Active
DEP001300,CUST008165,2023-07-23,24520.32,12,0.0361,False,Active
DEP001301,CUST008172,2022-07-08,22610.65,12,0.0459,False,Active
DEP001302,CUST008175,2020-02-03,27686.34,12,0.0672,True,Active
DEP001303,CUST008178,2024-01-21,1113.7,6,0.0322,False,Withdrawn Early
DEP001304,CUST008188,2024-11-13,33375.26,6,0.0687,False,Active
DEP001305,CUST008195,2023-06-20,10156.01,24,0.0524,False,Matured
DEP001306,CUST008199,2021-11-09,37031.29,3,0.0365,False,Active
DEP001307,CUST008201,2019-12-15,7327.7,12,0.0495,False,Active
DEP001308,CUST008206,2020-12-12,23353.18,3,0.0383,True,Active
DEP001309,CUST008210,2022-06-05,37877.12,3,0.0383,True,Active
DEP001310,CUST008230,2024-12-12,45430.94,12,0.0388,False,Matured
DEP001311,CUST008239,2024-10-10,35717.39,12,0.0551,False,Active
DEP001312,CUST008242,2020-02-10,49259.86,6,0.0327,True,Withdrawn Early
DEP001313,CUST008254,2024-11-30,19172.84,12,0.0556,True,Active
DEP001314,CUST008258,2021-07-02,42073.43,12,0.0695,True,Matured
DEP001315,CUST008260,2022-12-04,43793.34,12,0.0438,False,Matured
DEP001316,CUST008267,2024-05-13,9999.82,6,0.08,False,Matured
DEP001317,CUST008281,2022-01-15,26053.08,3,0.044,False,Withdrawn Early
DEP001318,CUST008282,2021-05-23,13354.33,36,0.0596,True,Active
DEP001319,CUST008294,2023-04-07,26706.83,6,0.0458,True,Active
DEP001320,CUST008306,2024-08-23,33543.5,12,0.0583,True,Active
DEP001321,CUST008309,2021-06-08,38543.68,12,0.0738,False,Withdrawn Early
DEP001322,CUST008310,2021-11-23,1968.82,24,0.0768,True,Withdrawn Early
DEP001323,CUST008312,2023-01-13,15761.53,6,0.0673,False,Withdrawn Early
DEP001324,CUST008315,2020-10-22,39742.76,3,0.0448,True,Active
DEP001325,CUST008324,2023-08-09,10486.61,6,0.0572,False,Matured
DEP001326,CUST008326,2022-01-03,48182.02,6,0.0647,True,Active
DEP001327,CUST008344,2023-01-22,19855.56,12,0.0788,False,Active
DEP001328,CUST008347,2023-03-19,14879.5,24,0.0306,True,Active
DEP001329,CUST008350,2024-04-28,18801.26,12,0.0517,False,Matured
DEP001330,CUST008360,2024-10-03,29027.74,24,0.0741,False,Active
DEP001331,CUST008363,2022-08-20,46818.82,3,0.0604,False,Active
DEP001332,CUST008368,2019-08-24,32971.91,24,0.0791,False,Active
DEP001333,CUST008371,2024-12-07,1383.54,12,0.0503,False,Matured
DEP001334,CUST008372,2017-10-11,40880.13,3,0.0739,False,Matured
DEP001335,CUST008377,2022-11-23,26873.69,12,0.0651,False,Matured
DEP001336,CUST008387,2020-12-02,7973.68,36,0.0627,True,Matured
DEP001337,CUST008389,2024-12-19,33690.97,3,0.031,False,Active
DEP001338,CUST008390,2024-12-30,4381.56,6,0.0701,True,Matured
DEP001339,CUST008396,2023-02-19,35199.91,12,0.0469,True,Matured
DEP001340,CUST008400,2017-04-11,22457.52,6,0.0664,False,Active
DEP001341,CUST008412,2022-06-19,2394.36,12,0.0546,False,Active
DEP001342,CUST008429,2023-12-30,43479.02,12,0.0435,False,Active
DEP001343,CUST008431,2024-02-13,42406.36,6,0.0597,False,Active
DEP001344,CUST008433,2023-04-25,39292.42,12,0.0535,False,Withdrawn Early
DEP001345,CUST008449,2023-07-19,16693.02,3,0.0522,False,Active
DEP001346,CUST008450,2024-07-10,5065.39,24,0.0647,True,Active
DEP001347,CUST008451,2023-05-26,15320.95,3,0.0425,False,Withdrawn Early
DEP001348,CUST008452,2023-07-28,19300.7,12,0.0472,False,Active
DEP001349,CUST008470,2024-05-07,12990.05,24,0.0325,False,Matured
DEP001350,CUST008471,2022-01-04,26486.47,6,0.0637,False,Active
DEP001351,CUST008473,2023-02-03,11009.76,3,0.0725,True,Active
DEP001352,CUST008474,2019-03-08,30766.44,12,0.0615,True,Active
DEP001353,CUST008476,2024-12-25,36976.58,12,0.0318,False,Active
DEP001354,CUST008480,2020-06-28,46966.32,12,0.0628,False,Matured
DEP001355,CUST008493,2022-01-25,48858.13,6,0.0331,False,Active
DEP001356,CUST008500,2021-01-26,10661.48,12,0.0504,False,Withdrawn Early
DEP001357,CUST008503,2024-11-25,8379.86,36,0.0693,False,Active
DEP001358,CUST008506,2024-07-18,35203.42,12,0.0548,False,Active
DEP001359,CUST008509,2024-12-12,16847.32,12,0.0552,False,Active
DEP001360,CUST008510,2022-12-20,19095.48,12,0.0509,False,Active
DEP001361,CUST008522,2022-05-20,14749.02,12,0.0658,False,Active
DEP001362,CUST008527,2022-02-21,13560.25,3,0.0303,True,Active
DEP001363,CUST008532,2024-06-01,40598.66,24,0.0741,False,Matured
DEP001364,CUST008546,2023-06-05,896.61,24,0.0304,True,Matured
DEP001365,CUST008557,2023-02-14,18874.8,12,0.0475,False,Active
DEP001366,CUST008559,2023-01-16,18178.92,3,0.0675,True,Active
DEP001367,CUST008564,2024-02-27,18681.72,12,0.0616,False,Matured
DEP001368,CUST008575,2022-05-27,34489.66,36,0.0312,True,Matured
DEP001369,CUST008588,2024-05-01,2264.28,6,0.0326,False,Matured
DEP001370,CUST008589,2018-03-08,29251.2,36,0.0789,False,Matured
DEP001371,CUST008599,2021-11-16,34650.12,12,0.0543,False,Active
DEP001372,CUST008607,2021-10-13,35112.31,24,0.0313,True,Active
DEP001373,CUST008612,2023-03-14,11873.9,12,0.0614,True,Active
DEP001374,CUST008617,2024-10-18,23699.19,6,0.061,False,Withdrawn Early
DEP001375,CUST008619,2021-03-12,28917.96,6,0.047,True,Matured
DEP001376,CUST008624,2023-10-30,26678.44,3,0.0509,True,Matured
DEP001377,CUST008639,2024-12-31,4521.77,24,0.0651,False,Active
DEP001378,CUST008647,2024-12-25,31161.75,12,0.0731,True,Active
DEP001379,CUST008651,2021-04-29,26862.59,36,0.0513,True,Active
DEP001380,CUST008659,2022-12-09,32536.67,12,0.0565,True,Matured
DEP001381,CUST008662,2020-05-13,36149.35,12,0.0764,False,Withdrawn Early
DEP001382,CUST008665,2022-08-13,1739.06,6,0.039,False,Active
DEP001383,CUST008667,2018-03-01,4558.18,3,0.0395,True,Active
DEP001384,CUST008669,2022-06-17,46496.45,36,0.0618,False,Active
DEP001385,CUST008673,2024-12-05,19412.03,3,0.0349,True,Withdrawn Early
DEP001386,CUST008680,2019-05-06,18796.5,12,0.0494,True,Active
DEP001387,CUST008683,2021-11-20,24781.09,3,0.0584,False,Matured
DEP001388,CUST008684,2023-03-08,21894.39,12,0.054,False,Active
DEP001389,CUST008692,2017-08-14,48569.77,12,0.0607,True,Matured
DEP001390,CUST008697,2021-01-11,28550.88,12,0.0381,False,Active
DEP001391,CUST008700,2021-10-25,20423.68,36,0.0396,True,Active
DEP001392,CUST008703,2024-12-09,28463.77,6,0.0443,False,Matured
DEP001393,CUST008705,2022-04-18,22786.82,3,0.0532,True,Matured
DEP001394,CUST008706,2024-10-15,36908.07,6,0.0799,False,Matured
DEP001395,CUST008707,2022-12-26,28292.85,24,0.0403,False,Active
DEP001396,CUST008712,2021-09-09,10409.29,12,0.0301,True,Matured
DEP001397,CUST008713,2022-10-09,25437.41,12,0.0514,False,Active
DEP001398,CUST008715,2021-08-04,8805.55,24,0.0659,True,Matured
DEP001399,CUST008720,2024-04-25,12832.55,6,0.0601,False,Matured
DEP001400,CUST008723,2020-08-24,33136.72,6,0.0427,False,Matured
DEP001401,CUST008726,2018-07-07,32138.16,12,0.0318,True,Active
DEP001402,CUST008743,2024-07-26,3262.57,6,0.0445,True,Matured
DEP001403,CUST008745,2023-05-18,43805.46,12,0.0728,True,Matured
DEP001404,CUST008778,2019-09-17,29301.33,6,0.0431,False,Matured
DEP001405,CUST008780,2021-11-09,3857.09,36,0.035,False,Matured
DEP001406,CUST008790,2022-08-02,24716.47,36,0.0323,False,Active
DEP001407,CUST008799,2023-10-30,15578.37,12,0.0788,False,Matured
DEP001408,CUST008802,2016-09-12,27392.45,36,0.038,False,Active
DEP001409,CUST008804,2022-11-15,38483.75,12,0.0419,False,Withdrawn Early
DEP001410,CUST008806,2018-05-05,31870.15,6,0.0362,True,Active
DEP001411,CUST008816,2018-03-23,32449.4,6,0.0565,True,Matured
DEP001412,CUST008819,2024-07-22,28929.0,12,0.0452,False,Active
DEP001413,CUST008831,2021-10-03,27378.74,24,0.0487,False,Active
DEP001414,CUST008839,2022-02-07,21371.21,36,0.0792,False,Active
DEP001415,CUST008842,2024-11-17,10354.11,12,0.0717,False,Active
DEP001416,CUST008848,2021-09-08,27109.5,3,0.0394,False,Active
DEP001417,CUST008855,2024-10-08,20520.57,12,0.0482,True,Active
DEP001418,CUST008856,2024-12-22,1779.36,36,0.0329,False,Matured
DEP001419,CUST008858,2024-07-31,28810.86,12,0.0443,False,Active
DEP001420,CUST008863,2022-09-15,42861.75,12,0.0463,False,Matured
DEP001421,CUST008875,2024-12-22,45459.01,6,0.0554,False,Active
DEP001422,CUST008876,2022-04-18,45072.06,12,0.0494,False,Matured
DEP001423,CUST008879,2023-10-17,1055.37,12,0.0705,True,Matured
DEP001424,CUST008882,2021-04-01,36590.23,3,0.0354,True,Matured
DEP001425,CUST008886,2024-06-19,25532.19,3,0.0746,True,Matured
DEP001426,CUST008887,2023-04-22,795.37,3,0.0646,True,Active
DEP001427,CUST008901,2023-03-01,19581.44,24,0.0598,False,Active
DEP001428,CUST008905,2018-11-07,27865.68,36,0.0489,True,Matured
DEP001429,CUST008909,2024-08-08,26968.11,12,0.0629,True,Matured
DEP001430,CUST008917,2023-06-15,28499.4,24,0.0471,False,Withdrawn Early
DEP001431,CUST008925,2021-01-02,16204.54,24,0.0647,False,Matured
DEP001432,CUST008939,2021-01-23,25551.57,6,0.0445,False,Matured
DEP001433,CUST008941,2018-03-05,2104.86,12,0.0379,False,Active
DEP001434,CUST008948,2023-11-05,27204.83,3,0.0338,True,Active
DEP001435,CUST008958,2023-01-03,13972.97,12,0.0321,False,Active
DEP001436,CUST008962,2024-07-16,44255.48,3,0.0464,False,Matured
DEP001437,CUST008966,2021-07-23,21433.9,24,0.0408,False,Active
DEP001438,CUST008972,2024-11-27,3499.46,24,0.051,False,Matured
DEP001439,CUST008973,2022-10-04,37087.98,6,0.0763,False,Active
DEP001440,CUST008995,2023-10-18,14035.08,3,0.0771,True,Active
DEP001441,CUST008997,2024-08-22,7590.89,12,0.0358,True,Active
DEP001442,CUST008998,2021-12-26,20622.35,12,0.0545,False,Active
DEP001443,CUST009003,2022-07-19,47198.12,6,0.0368,False,Active
DEP001444,CUST009022,2024-01-25,3176.06,36,0.0672,True,Active
DEP001445,CUST009033,2019-09-05,46253.9,6,0.0307,True,Active
DEP001446,CUST009037,2018-03-29,45786.62,36,0.043,False,Active
DEP001447,CUST009041,2021-08-30,34876.08,3,0.0486,False,Active
DEP001448,CUST009042,2022-09-29,13500.38,12,0.061,True,Matured
DEP001449,CUST009045,2023-10-05,16979.03,12,0.0413,True,Active
DEP001450,CUST009047,2024-10-15,24410.67,36,0.0529,False,Active
DEP001451,CUST009058,2021-09-19,48861.54,6,0.0676,True,Active
DEP001452,CUST009061,2023-09-21,22073.8,6,0.0535,True,Matured
DEP001453,CUST009063,2019-12-07,23532.06,6,0.0539,False,Active
DEP001454,CUST009064,2021-03-16,11856.59,12,0.0676,False,Active
DEP001455,CUST009073,2021-08-28,8046.61,6,0.08,True,Withdrawn Early
DEP001456,CUST009076,2023-07-02,10649.06,12,0.0449,False,Matured
DEP001457,CUST009092,2018-03-13,2771.83,24,0.0784,False,Active
DEP001458,CUST009095,2021-12-17,29095.86,3,0.0412,True,Matured
DEP001459,CUST009103,2021-11-23,17830.91,12,0.0569,False,Matured
DEP001460,CUST009104,2022-10-12,21437.93,12,0.073,False,Active
DEP001461,CUST009113,2024-06-19,37468.42,6,0.0536,False,Matured
DEP001462,CUST009123,2020-02-11,24611.46,12,0.0708,False,Matured
DEP001463,CUST009126,2023-10-01,13638.15,12,0.0735,False,Active
DEP001464,CUST009129,2024-12-11,39248.32,24,0.0366,False,Active
DEP001465,CUST009139,2020-04-08,45983.48,12,0.0436,False,Withdrawn Early
DEP001466,CUST009141,2021-02-26,5921.09,3,0.0332,False,Active
DEP001467,CUST009143,2020-05-29,16866.25,24,0.0385,True,Active
DEP001468,CUST009144,2022-03-18,4812.1,12,0.0371,False,Active
DEP001469,CUST009146,2022-11-12,25644.09,24,0.0488,False,Active
DEP001470,CUST009148,2021-02-17,16017.9,6,0.0538,False,Matured
DEP001471,CUST009174,2022-02-19,42272.26,6,0.0766,True,Withdrawn Early
DEP001472,CUST009185,2021-02-17,29159.24,12,0.0626,True,Active
DEP001473,CUST009187,2024-12-15,6463.12,24,0.0764,False,Active
DEP001474,CUST009195,2022-12-15,33866.03,6,0.0625,True,Matured
DEP001475,CUST009202,2023-05-18,37270.69,12,0.0607,True,Active
DEP001476,CUST009203,2020-11-25,26885.13,12,0.0531,True,Matured
DEP001477,CUST009206,2024-11-25,38518.96,3,0.0798,False,Matured
DEP001478,CUST009212,2023-11-09,27490.57,6,0.0699,False,Active
DEP001479,CUST009213,2024-12-09,40617.18,6,0.0372,False,Active
DEP001480,CUST009236,2022-12-08,22777.96,6,0.0594,False,Active
DEP001481,CUST009242,2022-05-07,7976.98,3,0.0768,True,Matured
DEP001482,CUST009244,2023-03-01,19027.41,12,0.0691,True,Active
DEP001483,CUST009248,2022-11-06,16031.77,36,0.0669,False,Active
DEP001484,CUST009263,2021-08-22,44102.42,3,0.0743,True,Active
DEP001485,CUST009274,2021-12-05,14016.18,24,0.048,True,Active
DEP001486,CUST009287,2024-01-03,33055.3,12,0.0565,False,Matured
DEP001487,CUST009304,2022-03-29,39203.13,24,0.039,False,Active
DEP001488,CUST009305,2024-01-15,7961.13,24,0.0366,True,Active
DEP001489,CUST009307,2023-04-04,43511.46,24,0.0543,False,Matured
DEP001490,CUST009310,2023-01-12,27851.6,12,0.0462,False,Matured
DEP001491,CUST009323,2022-03-18,8195.16,24,0.0389,False,Matured
DEP001492,CUST009331,2024-10-09,28660.95,6,0.0345,False,Active
DEP001493,CUST009339,2024-02-03,2904.13,3,0.0711,False,Active
DEP001494,CUST009348,2024-05-22,21310.84,6,0.0452,True,Matured
DEP001495,CUST009352,2017-07-23,1883.97,6,0.0311,True,Matured
DEP001496,CUST009353,2024-12-09,32930.07,12,0.0528,True,Matured
DEP001497,CUST009358,2022-03-14,34493.96,3,0.0699,True,Active
DEP001498,CUST009361,2021-02-08,43454.84,6,0.0722,True,Matured
DEP001499,CUST009365,2024-10-23,18555.19,6,0.0543,True,Matured
DEP001500,CUST009366,2024-07-21,49431.25,36,0.0386,False,Withdrawn Early
DEP001501,CUST009367,2022-04-25,43402.53,6,0.0567,False,Active
DEP001502,CUST009382,2024-09-19,25366.71,3,0.0412,False,Matured
DEP001503,CUST009386,2018-12-09,32188.24,24,0.0521,False,Active
DEP001504,CUST009388,2019-07-03,47448.65,36,0.0433,False,Active
DEP001505,CUST009391,2024-10-05,32693.91,36,0.0422,False,Matured
DEP001506,CUST009405,2019-05-07,4959.45,6,0.069,False,Matured
DEP001507,CUST009413,2024-03-23,17701.09,6,0.0379,False,Matured
DEP001508,CUST009425,2020-04-03,33426.77,3,0.0336,True,Matured
DEP001509,CUST009430,2024-01-17,20594.34,6,0.07,False,Withdrawn Early
DEP001510,CUST009437,2023-06-22,3816.23,36,0.068,False,Active
DEP001511,CUST009446,2023-12-04,16231.98,24,0.0633,True,Active
DEP001512,CUST009452,2019-10-12,8518.13,12,0.0702,False,Matured
DEP001513,CUST009460,2017-06-14,9637.65,24,0.0428,False,Active
DEP001514,CUST009462,2020-08-16,2379.65,12,0.0722,True,Matured
DEP001515,CUST009465,2024-12-18,36296.5,6,0.0675,True,Active
DEP001516,CUST009468,2024-10-17,711.64,36,0.0428,True,Active
DEP001517,CUST009473,2023-03-17,23231.63,6,0.0489,False,Matured
DEP001518,CUST009475,2020-11-05,43257.0,3,0.0628,True,Active
DEP001519,CUST009479,2023-01-23,17895.2,3,0.0347,False,Withdrawn Early
DEP001520,CUST009483,2019-09-29,48168.87,12,0.0609,False,Active
DEP001521,CUST009484,2024-09-29,6971.14,3,0.0622,True,Matured
DEP001522,CUST009508,2022-11-04,7325.46,6,0.0641,False,Matured
DEP001523,CUST009511,2023-07-12,15368.63,6,0.057,True,Active
DEP001524,CUST009516,2022-05-18,11599.31,3,0.0389,False,Active
DEP001525,CUST009530,2022-12-08,38323.95,6,0.0746,True,Withdrawn Early
DEP001526,CUST009533,2024-12-25,21195.38,6,0.0539,False,Matured
DEP001527,CUST009535,2023-08-13,19991.16,3,0.0307,True,Active
DEP001528,CUST009536,2024-02-15,10173.55,12,0.0316,False,Active
DEP001529,CUST009540,2022-06-25,2186.38,12,0.0665,True,Active
DEP001530,CUST009544,2024-12-01,6006.69,24,0.0787,False,Withdrawn Early
DEP001531,CUST009548,2023-10-20,35302.68,3,0.072,True,Matured
DEP001532,CUST009552,2021-08-26,8537.6,12,0.0343,True,Active
DEP001533,CUST009559,2022-08-07,39121.15,6,0.064,False,Matured
DEP001534,CUST009564,2022-02-01,17372.17,6,0.0716,False,Matured
DEP001535,CUST009567,2022-11-10,40664.44,12,0.035,False,Matured
DEP001536,CUST009568,2019-05-11,24956.13,12,0.0597,True,Active
DEP001537,CUST009587,2024-11-20,28752.06,24,0.0701,False,Active
DEP001538,CUST009589,2024-10-22,39771.93,6,0.0419,True,Matured
DEP001539,CUST009593,2024-12-09,11346.27,24,0.0477,False,Active
DEP001540,CUST009596,2024-01-04,19252.89,12,0.0388,False,Active
DEP001541,CUST009606,2023-10-27,5360.76,12,0.0673,False,Active
DEP001542,CUST009616,2019-03-18,13595.03,3,0.0713,False,Matured
DEP001543,CUST009623,2023-08-11,5427.95,6,0.0361,True,Matured
DEP001544,CUST009630,2024-11-07,39499.12,6,0.0349,True,Active
DEP001545,CUST009634,2023-12-12,32203.28,24,0.0792,False,Matured
DEP001546,CUST009645,2021-11-06,28475.17,6,0.0448,False,Matured
DEP001547,CUST009649,2023-03-29,7175.85,6,0.0301,False,Active
DEP001548,CUST009651,2024-12-21,3736.73,6,0.0789,False,Active
DEP001549,CUST009662,2024-03-29,1589.97,24,0.0576,False,Matured
DEP001550,CUST009674,2024-10-02,5927.62,12,0.0653,True,Active
DEP001551,CUST009687,2019-03-11,4982.01,6,0.0329,True,Matured
DEP001552,CUST009706,2017-10-31,33762.97,6,0.042,False,Matured
DEP001553,CUST009709,2022-11-15,30029.09,12,0.0486,True,Matured
DEP001554,CUST009714,2018-09-07,23908.29,6,0.0769,False,Active
DEP001555,CUST009719,2018-10-22,48717.15,12,0.0611,True,Active
DEP001556,CUST009755,2024-09-09,25093.23,12,0.049,True,Active
DEP001557,CUST009765,2022-11-04,47306.91,24,0.0507,False,Matured
DEP001558,CUST009785,2021-04-10,43219.67,6,0.0409,True,Active
DEP001559,CUST009796,2017-01-02,38959.31,12,0.0625,False,Active
DEP001560,CUST009797,2024-12-22,21001.65,12,0.0457,True,Active
DEP001561,CUST009798,2022-03-23,28201.32,3,0.039,False,Active
DEP001562,CUST009803,2020-01-18,30806.69,24,0.0445,False,Matured
DEP001563,CUST009806,2020-11-18,9626.68,24,0.0796,True,Active
DEP001564,CUST009809,2022-06-10,7152.2,6,0.037,False,Active
DEP001565,CUST009823,2021-05-24,1755.77,6,0.0359,False,Withdrawn Early
DEP001566,CUST009826,2024-06-25,44333.97,3,0.0687,False,Active
DEP001567,CUST009831,2024-02-11,1739.53,12,0.0569,False,Active
DEP001568,CUST009835,2022-03-16,9913.06,12,0.0368,True,Active
DEP001569,CUST009847,2024-08-08,15084.59,3,0.0796,False,Active
DEP001570,CUST009855,2023-07-26,45122.12,3,0.04,False,Active
DEP001571,CUST009857,2024-02-14,46427.49,6,0.061,False,Active
DEP001572,CUST009866,2024-07-29,26390.3,12,0.0539,False,Matured
DEP001573,CUST009868,2022-09-21,31709.69,24,0.0784,False,Withdrawn Early
DEP001574,CUST009870,2023-08-07,36469.63,24,0.077,False,Matured
DEP001575,CUST009877,2023-06-06,21118.17,24,0.036,False,Active
DEP001576,CUST009879,2024-10-05,38914.28,12,0.0496,False,Matured
DEP001577,CUST009881,2023-07-01,12467.09,6,0.0523,False,Active
DEP001578,CUST009885,2023-09-30,25862.32,3,0.08,False,Active
DEP001579,CUST009887,2024-06-03,8309.27,6,0.0656,False,Active
DEP001580,CUST009901,2024-08-21,10993.71,36,0.0798,True,Active
DEP001581,CUST009907,2024-10-22,43146.51,3,0.0687,False,Active
DEP001582,CUST009910,2024-04-27,35008.24,24,0.0446,False,Active
DEP001583,CUST009917,2022-08-11,45435.77,24,0.0518,False,Active
DEP001584,CUST009921,2020-11-25,37592.36,12,0.0517,False,Active
DEP001585,CUST009929,2024-09-21,22759.0,24,0.0435,False,Withdrawn Early
DEP001586,CUST009936,2024-09-12,11702.97,3,0.047,False,Matured
DEP001587,CUST009939,2024-02-14,17696.8,12,0.0713,True,Active
DEP001588,CUST009943,2022-12-28,20203.81,24,0.0643,False,Withdrawn Early
DEP001589,CUST009955,2024-12-07,8478.73,3,0.0699,False,Active
DEP001590,CUST009956,2024-05-04,36559.4,3,0.0348,False,Active
DEP001591,CUST009959,2022-03-04,25613.14,12,0.0668,False,Active
DEP001592,CUST009961,2022-11-03,38017.35,36,0.077,False,Active
DEP001593,CUST009963,2024-07-25,28824.9,6,0.0719,True,Active
DEP001594,CUST009979,2024-06-26,44732.29,3,0.0485,False,Active
DEP001595,CUST009981,2022-08-28,2604.54,24,0.0535,True,Withdrawn Early
DEP001596,CUST009992,2019-01-19,22288.57,12,0.0349,False,Matured
DEP001597,CUST010000,2024-12-17,5706.12,6,0.0563,True,Matured
DEP001598,CUST010001,2019-06-08,27830.61,24,0.0322,True,Active
DEP001599,CUST010003,2024-01-29,9857.55,6,0.0325,False,Withdrawn Early
DEP001600,CUST010005,2022-05-16,7075.42,12,0.0784,False,Matured
DEP001601,CUST010016,2022-04-07,27578.17,3,0.0725,True,Active
DEP001602,CUST010028,2024-07-26,44285.77,6,0.0383,False,Active
DEP001603,CUST010038,2018-04-26,34166.22,24,0.032,False,Active
DEP001604,CUST010043,2024-07-07,2255.12,3,0.0615,False,Matured
DEP001605,CUST010054,2024-12-20,2717.64,6,0.0475,True,Matured
DEP001606,CUST010055,2024-09-07,21691.0,12,0.0647,True,Matured
DEP001607,CUST010056,2024-11-03,749.94,24,0.0621,False,Matured
DEP001608,CUST010067,2023-07-09,29533.43,12,0.041,False,Active
DEP001609,CUST010070,2024-09-15,43902.57,6,0.0482,False,Active
DEP001610,CUST010081,2024-11-21,33318.66,24,0.0608,False,Active
DEP001611,CUST010088,2023-01-20,1263.08,6,0.0343,False,Matured
DEP001612,CUST010095,2024-12-29,2304.64,12,0.061,False,Active
DEP001613,CUST010104,2024-09-28,8255.66,3,0.0528,True,Active
DEP001614,CUST010105,2019-07-09,17648.39,6,0.0476,False,Active
DEP001615,CUST010107,2023-08-14,29115.89,12,0.0725,False,Matured
DEP001616,CUST010115,2024-11-22,44667.68,36,0.0753,True,Active
DEP001617,CUST010116,2020-03-01,8206.72,24,0.0419,True,Active
DEP001618,CUST010121,2022-07-27,43350.8,6,0.0612,True,Active
DEP001619,CUST010142,2022-02-10,40805.03,6,0.0393,False,Active
DEP001620,CUST010146,2024-12-01,16490.58,24,0.043,True,Active
DEP001621,CUST010149,2024-10-26,49133.86,12,0.0619,False,Active
DEP001622,CUST010153,2023-03-28,26585.35,6,0.0431,False,Active
DEP001623,CUST010158,2024-07-27,15850.46,12,0.0406,False,Active
DEP001624,CUST010159,2024-12-30,5342.12,12,0.0636,False,Active
DEP001625,CUST010160,2024-11-29,1556.73,12,0.0757,True,Withdrawn Early
DEP001626,CUST010161,2024-11-18,17333.51,12,0.0745,False,Active
DEP001627,CUST010163,2024-03-07,15814.29,6,0.0556,False,Active
DEP001628,CUST010173,2023-04-11,4240.54,36,0.0743,True,Active
DEP001629,CUST010182,2017-10-01,26943.62,12,0.0629,False,Active
DEP001630,CUST010185,2018-12-05,40502.46,12,0.0377,False,Active
DEP001631,CUST010189,2022-06-23,30328.88,12,0.033,True,Withdrawn Early
DEP001632,CUST010190,2021-01-04,48864.86,12,0.0378,False,Matured
DEP001633,CUST010191,2024-09-19,11157.78,12,0.0709,True,Active
DEP001634,CUST010198,2024-06-20,22447.92,12,0.037,True,Matured
DEP001635,CUST010218,2022-06-26,39750.15,12,0.0771,False,Active
DEP001636,CUST010222,2024-10-20,24913.49,3,0.075,False,Active
DEP001637,CUST010226,2023-04-28,24142.91,3,0.0711,False,Active
DEP001638,CUST010227,2024-07-04,21555.08,6,0.0412,False,Active
DEP001639,CUST010233,2024-11-18,33856.59,6,0.0768,False,Active
DEP001640,CUST010234,2024-09-05,35024.67,24,0.0477,True,Active
DEP001641,CUST010238,2018-07-29,1713.15,6,0.0349,False,Active
DEP001642,CUST010240,2020-10-02,3396.18,24,0.0352,True,Matured
DEP001643,CUST010245,2022-02-10,35698.4,12,0.0611,False,Active
DEP001644,CUST010246,2024-09-17,9037.25,3,0.0409,False,Active
DEP001645,CUST010251,2022-01-09,44057.39,12,0.0489,False,Matured
DEP001646,CUST010253,2022-04-20,6702.87,6,0.0649,True,Matured
DEP001647,CUST010254,2022-12-17,8017.13,12,0.073,False,Matured
DEP001648,CUST010276,2022-06-20,32280.75,6,0.0685,False,Matured
DEP001649,CUST010279,2024-11-16,28235.85,6,0.0629,False,Active
DEP001650,CUST010286,2024-08-20,3303.38,24,0.0622,False,Matured
DEP001651,CUST010289,2024-05-23,46590.74,3,0.0787,True,Matured
DEP001652,CUST010306,2022-04-30,14209.41,12,0.0552,True,Active
DEP001653,CUST010310,2024-01-31,12532.42,6,0.0767,False,Active
DEP001654,CUST010315,2024-05-13,26442.06,6,0.031,True,Active
DEP001655,CUST010316,2021-07-29,40457.96,12,0.0594,True,Matured
DEP001656,CUST010320,2023-08-20,7849.22,6,0.0719,True,Active
DEP001657,CUST010323,2024-12-07,43850.47,6,0.0322,True,Active
DEP001658,CUST010342,2024-10-19,39263.22,12,0.0631,False,Withdrawn Early
DEP001659,CUST010344,2022-10-13,4052.89,12,0.0414,False,Active
DEP001660,CUST010345,2023-03-13,37093.32,3,0.0724,False,Active
DEP001661,CUST010354,2024-07-26,7001.95,12,0.0523,False,Matured
DEP001662,CUST010378,2021-09-04,9177.99,36,0.0794,True,Active
DEP001663,CUST010380,2022-09-07,4441.3,6,0.0724,False,Matured
DEP001664,CUST010382,2024-11-15,5822.73,12,0.0625,False,Active
DEP001665,CUST010384,2019-04-20,45341.05,3,0.0539,False,Active
DEP001666,CUST010391,2023-06-13,39701.57,6,0.048,False,Active
DEP001667,CUST010392,2021-09-28,4636.35,24,0.0727,False,Active
DEP001668,CUST010409,2020-02-08,10992.38,12,0.0645,True,Matured
DEP001669,CUST010415,2023-05-23,34612.69,3,0.0316,True,Active
DEP001670,CUST010418,2024-11-01,19731.89,12,0.0614,False,Active
DEP001671,CUST010430,2022-03-14,34757.25,12,0.0736,False,Active
DEP001672,CUST010432,2023-10-02,17844.04,3,0.0328,False,Matured
DEP001673,CUST010437,2022-09-09,13295.26,24,0.0481,True,Matured
DEP001674,CUST010438,2020-08-02,42234.21,6,0.0772,False,Active
DEP001675,CUST010444,2024-11-05,6226.36,24,0.0734,False,Active
DEP001676,CUST010458,2024-02-12,2554.6,12,0.0656,False,Matured
DEP001677,CUST010474,2023-02-06,39948.19,3,0.0699,False,Active
DEP001678,CUST010478,2021-01-26,8206.01,24,0.0454,False,Withdrawn Early
DEP001679,CUST010484,2021-03-17,34034.84,12,0.08,True,Active
DEP001680,CUST010488,2024-12-12,4132.3,12,0.0642,True,Active
DEP001681,CUST010491,2017-09-01,13025.72,3,0.0582,False,Matured
DEP001682,CUST010508,2023-07-21,4976.51,12,0.0458,False,Matured
DEP001683,CUST010521,2024-11-09,14239.22,12,0.0488,False,Matured
DEP001684,CUST010535,2021-01-11,15470.27,36,0.0445,True,Withdrawn Early
DEP001685,CUST010543,2021-10-28,45160.37,12,0.0602,True,Active
DEP001686,CUST010551,2024-11-20,3405.1,6,0.0495,True,Withdrawn Early
DEP001687,CUST010552,2022-07-06,43209.62,3,0.0582,False,Matured
DEP001688,CUST010561,2020-02-11,45044.72,6,0.0711,False,Active
DEP001689,CUST010567,2023-09-13,44868.96,6,0.0578,False,Matured
DEP001690,CUST010577,2024-11-11,49373.49,24,0.0447,False,Matured
DEP001691,CUST010580,2024-03-02,23169.38,3,0.0413,True,Active
DEP001692,CUST010586,2024-06-10,7093.28,12,0.0558,False,Matured
DEP001693,CUST010589,2024-07-18,39564.82,36,0.0494,False,Active
DEP001694,CUST010605,2024-12-16,13370.71,6,0.0776,False,Active
DEP001695,CUST010613,2024-10-31,14715.08,6,0.0677,True,Active
DEP001696,CUST010616,2024-10-14,16118.14,24,0.0431,True,Matured
DEP001697,CUST010619,2022-07-20,12559.61,6,0.0787,False,Active
DEP001698,CUST010620,2024-01-06,8539.12,12,0.0799,False,Active
DEP001699,CUST010621,2022-11-25,24093.01,12,0.0623,False,Withdrawn Early
DEP001700,CUST010632,2020-08-17,2673.83,36,0.0397,False,Active
DEP001701,CUST010637,2020-05-24,15888.26,12,0.0448,False,Active
DEP001702,CUST010644,2024-10-15,20686.81,12,0.0722,False,Active
DEP001703,CUST010651,2016-05-14,28627.74,12,0.0575,True,Active
DEP001704,CUST010667,2022-01-02,5324.09,3,0.0364,True,Active
DEP001705,CUST010670,2022-09-02,29193.39,6,0.0735,False,Matured
DEP001706,CUST010686,2020-05-11,8748.59,3,0.0465,True,Active
DEP001707,CUST010688,2024-07-13,44579.08,6,0.0567,False,Matured
DEP001708,CUST010698,2021-02-11,5932.29,6,0.0711,False,Withdrawn Early
DEP001709,CUST010699,2024-01-12,46442.73,12,0.0664,True,Matured
DEP001710,CUST010711,2023-08-30,6517.04,3,0.0799,False,Active
DEP001711,CUST010718,2024-10-26,36858.37,3,0.074,False,Active
DEP001712,CUST010727,2023-03-16,25188.69,6,0.0379,False,Active
DEP001713,CUST010735,2023-12-20,49936.89,6,0.0586,True,Matured
DEP001714,CUST010742,2024-09-20,6858.73,6,0.0433,False,Active
DEP001715,CUST010768,2024-11-13,16205.46,12,0.0498,True,Withdrawn Early
DEP001716,CUST010777,2024-11-11,20395.95,36,0.0308,True,Matured
DEP001717,CUST010779,2022-06-18,45641.15,24,0.0528,False,Active
DEP001718,CUST010784,2020-05-05,42159.52,24,0.0345,False,Active
DEP001719,CUST010788,2024-12-12,31616.89,6,0.0791,True,Active
DEP001720,CUST010790,2024-02-18,9703.24,3,0.0754,False,Active
DEP001721,CUST010793,2022-10-09,18270.57,3,0.049,True,Active
DEP001722,CUST010797,2023-04-28,34859.12,12,0.0415,False,Active
DEP001723,CUST010805,2020-01-30,46477.9,12,0.0673,False,Matured
DEP001724,CUST010817,2023-02-09,31239.75,3,0.0754,False,Active
DEP001725,CUST010831,2023-12-01,11742.89,24,0.0623,True,Active
DEP001726,CUST010843,2022-01-18,1810.57,12,0.0693,False,Active
DEP001727,CUST010845,2023-10-24,42730.34,12,0.0638,False,Matured
DEP001728,CUST010846,2022-04-16,49118.51,12,0.0366,False,Matured
DEP001729,CUST010869,2022-11-02,42863.38,6,0.0676,True,Active
DEP001730,CUST010873,2018-09-18,43511.7,12,0.0621,False,Matured
DEP001731,CUST010874,2022-12-20,39629.03,6,0.0733,False,Active
DEP001732,CUST010875,2019-10-31,34634.07,6,0.0672,False,Matured
DEP001733,CUST010876,2022-12-02,44560.22,24,0.0691,False,Matured
DEP001734,CUST010884,2022-07-19,48923.42,24,0.0665,False,Active
DEP001735,CUST010887,2023-09-22,11351.6,12,0.0642,True,Matured
DEP001736,CUST010888,2020-03-21,20840.61,3,0.0432,False,Active
DEP001737,CUST010903,2017-02-21,3952.72,12,0.0333,False,Matured
DEP001738,CUST010912,2024-07-01,29362.59,12,0.0518,True,Active
DEP001739,CUST010914,2022-05-26,20160.24,12,0.072,False,Matured
DEP001740,CUST010916,2022-12-10,41345.01,12,0.0683,True,Matured
DEP001741,CUST010924,2021-04-10,37922.75,36,0.0344,False,Matured
DEP001742,CUST010935,2020-01-07,42545.3,12,0.0315,True,Active
DEP001743,CUST010943,2020-10-13,37441.4,6,0.0453,True,Matured
DEP001744,CUST010944,2024-05-05,32493.34,12,0.0755,False,Matured
DEP001745,CUST010946,2024-10-21,1074.25,12,0.0636,False,Active
DEP001746,CUST010953,2023-03-21,19179.32,12,0.0789,False,Active
DEP001747,CUST010964,2022-08-14,30160.05,12,0.0531,True,Active
DEP001748,CUST010968,2021-03-22,48889.57,12,0.0456,False,Matured
DEP001749,CUST010986,2022-04-12,17488.68,12,0.0681,True,Matured
DEP001750,CUST011005,2023-05-01,38392.92,6,0.0623,False,Active
DEP001751,CUST011008,2023-01-31,14625.32,24,0.0424,False,Matured
DEP001752,CUST011012,2022-10-25,48929.69,12,0.0526,False,Active
DEP001753,CUST011014,2024-12-27,7065.91,12,0.0599,False,Active
DEP001754,CUST011020,2024-10-05,18850.62,12,0.077,False,Active
DEP001755,CUST011027,2024-05-17,8147.24,12,0.0539,True,Active
DEP001756,CUST011028,2022-11-04,46402.38,12,0.047,False,Active
DEP001757,CUST011033,2024-06-20,27294.28,3,0.0459,False,Matured
DEP001758,CUST011040,2022-01-19,39782.18,6,0.0435,False,Withdrawn Early
DEP001759,CUST011043,2021-05-18,1539.41,3,0.0525,True,Withdrawn Early
DEP001760,CUST011049,2024-06-14,38749.92,36,0.0308,False,Active
DEP001761,CUST011061,2020-01-25,31248.37,3,0.0664,False,Active
DEP001762,CUST011078,2021-12-11,45435.96,12,0.0683,True,Matured
DEP001763,CUST011081,2024-12-21,11202.41,12,0.0627,True,Withdrawn Early
DEP001764,CUST011085,2023-12-03,24229.02,6,0.0574,True,Matured
DEP001765,CUST011086,2024-06-23,2320.43,12,0.0756,False,Matured
DEP001766,CUST011091,2020-12-29,17228.49,3,0.0514,True,Withdrawn Early
DEP001767,CUST011094,2024-11-17,11707.62,36,0.0314,False,Matured
DEP001768,CUST011099,2023-06-28,44210.53,36,0.0744,False,Active
DEP001769,CUST011114,2019-06-09,13516.98,12,0.0392,False,Matured
DEP001770,CUST011145,2019-07-15,4931.86,6,0.0637,False,Active
DEP001771,CUST011153,2024-09-21,26073.66,6,0.0563,True,Matured
DEP001772,CUST011155,2021-01-20,17757.78,6,0.077,False,Active
DEP001773,CUST011160,2021-09-01,35744.32,3,0.0356,True,Active
DEP001774,CUST011166,2024-05-15,46678.69,3,0.0577,False,Withdrawn Early
DEP001775,CUST011168,2024-05-03,44287.71,24,0.0746,False,Matured
DEP001776,CUST011173,2023-06-10,24182.66,12,0.0555,True,Active
DEP001777,CUST011177,2024-03-08,18031.94,6,0.0459,False,Active
DEP001778,CUST011179,2024-03-05,45962.41,24,0.0629,False,Active
DEP001779,CUST011184,2023-12-10,2868.61,12,0.0525,True,Withdrawn Early
DEP001780,CUST011216,2024-04-28,6299.28,6,0.0317,True,Matured
DEP001781,CUST011221,2024-07-24,2486.7,24,0.045,True,Active
DEP001782,CUST011227,2024-11-21,47404.12,6,0.0745,False,Active
DEP001783,CUST011232,2022-01-29,13688.96,36,0.0356,False,Active
DEP001784,CUST011234,2024-12-24,48112.24,12,0.03,True,Withdrawn Early
DEP001785,CUST011235,2019-12-11,1669.52,12,0.0389,False,Matured
DEP001786,CUST011238,2022-03-30,8983.07,36,0.061,False,Active
DEP001787,CUST011245,2023-12-10,34586.81,12,0.0594,True,Withdrawn Early
DEP001788,CUST011246,2024-10-28,48181.01,3,0.0755,True,Matured
DEP001789,CUST011251,2020-12-05,10186.73,12,0.0739,False,Active
DEP001790,CUST011253,2018-01-24,2496.5,24,0.0742,True,Active
DEP001791,CUST011254,2023-01-06,22909.38,6,0.0422,False,Active
DEP001792,CUST011259,2020-07-17,34598.09,6,0.0478,False,Active
DEP001793,CUST011261,2024-02-21,24698.57,12,0.0454,False,Matured
DEP001794,CUST011262,2023-12-17,41315.51,12,0.0396,False,Matured
DEP001795,CUST011271,2023-03-09,21434.34,36,0.0581,True,Withdrawn Early
DEP001796,CUST011273,2021-01-31,2620.41,12,0.0457,True,Matured
DEP001797,CUST011282,2021-06-23,26196.85,12,0.0732,False,Matured
DEP001798,CUST011288,2022-12-11,35685.53,6,0.0623,False,Active
DEP001799,CUST011297,2024-04-28,4181.16,12,0.049,False,Active
DEP001800,CUST011299,2023-07-15,26535.69,24,0.0326,False,Matured
DEP001801,CUST011300,2024-11-05,47833.45,12,0.0673,True,Matured
DEP001802,CUST011313,2023-10-13,36128.24,12,0.0548,False,Matured
DEP001803,CUST011314,2024-05-20,29728.96,24,0.0522,False,Active
DEP001804,CUST011317,2023-06-11,10176.47,6,0.0446,False,Matured
DEP001805,CUST011321,2024-07-16,2173.06,12,0.0613,False,Active
DEP001806,CUST011324,2017-09-05,8920.57,12,0.0531,False,Withdrawn Early
DEP001807,CUST011330,2024-08-12,19428.22,3,0.0665,False,Active
DEP001808,CUST011341,2023-01-11,1227.8,3,0.0653,False,Matured
DEP001809,CUST011356,2023-09-26,19554.04,12,0.0384,False,Matured
DEP001810,CUST011359,2022-07-20,27181.02,3,0.0325,True,Active
DEP001811,CUST011364,2024-11-07,4521.64,12,0.05,False,Matured
DEP001812,CUST011368,2018-01-03,21618.05,6,0.0374,False,Active
DEP001813,CUST011373,2024-11-30,33770.27,3,0.0502,False,Matured
DEP001814,CUST011379,2023-09-21,4017.8,6,0.0351,False,Active
DEP001815,CUST011393,2023-10-07,36455.92,6,0.0602,False,Matured
DEP001816,CUST011397,2024-06-05,11902.04,6,0.0779,True,Active
DEP001817,CUST011398,2022-06-30,1351.8,6,0.0399,False,Active
DEP001818,CUST011402,2022-03-30,42142.99,6,0.0565,False,Active
DEP001819,CUST011412,2023-05-20,43035.58,6,0.0556,True,Active
DEP001820,CUST011420,2023-06-18,11185.29,12,0.0577,True,Active
DEP001821,CUST011426,2024-01-27,13838.97,3,0.0684,False,Active
DEP001822,CUST011429,2021-02-23,44499.16,36,0.0463,True,Active
DEP001823,CUST011432,2024-11-03,46294.75,12,0.0362,True,Withdrawn Early
DEP001824,CUST011433,2017-02-28,2402.3,24,0.0755,False,Active
DEP001825,CUST011436,2022-02-23,4538.0,24,0.0734,True,Withdrawn Early
DEP001826,CUST011441,2020-12-19,46043.7,6,0.0659,False,Active
DEP001827,CUST011445,2021-01-21,12329.26,6,0.0349,True,Matured
DEP001828,CUST011446,2023-04-24,3893.53,12,0.0637,False,Matured
DEP001829,CUST011447,2022-05-08,1055.51,12,0.0705,False,Matured
DEP001830,CUST011448,2024-11-04,36130.56,12,0.0639,True,Active
DEP001831,CUST011455,2024-11-26,5224.23,6,0.0431,True,Active
DEP001832,CUST011459,2022-09-23,30010.51,6,0.0749,False,Matured
DEP001833,CUST011463,2024-01-26,22677.37,6,0.063,True,Matured
DEP001834,CUST011469,2019-03-17,23658.37,12,0.0485,True,Matured
DEP001835,CUST011470,2023-03-10,21538.2,12,0.0665,False,Active
DEP001836,CUST011485,2021-04-13,12826.83,3,0.0606,False,Active
DEP001837,CUST011492,2024-08-19,44219.2,36,0.0414,True,Active
DEP001838,CUST011499,2018-12-20,34340.84,12,0.0405,True,Matured
DEP001839,CUST011506,2022-05-31,15084.65,36,0.0536,False,Active
DEP001840,CUST011508,2023-08-01,43291.17,6,0.0742,False,Active
DEP001841,CUST011520,2023-08-17,39799.05,36,0.0776,False,Active
DEP001842,CUST011524,2024-05-07,18588.13,12,0.0308,False,Active
DEP001843,CUST011525,2024-03-28,7141.22,6,0.0659,False,Active
DEP001844,CUST011527,2021-08-09,23479.38,24,0.0393,False,Matured
DEP001845,CUST011539,2023-12-07,9314.98,3,0.0403,False,Withdrawn Early
DEP001846,CUST011541,2023-03-13,17433.42,24,0.0416,True,Active
DEP001847,CUST011545,2023-11-18,44776.69,36,0.0674,False,Active
DEP001848,CUST011547,2024-06-14,27706.43,12,0.0709,False,Matured
DEP001849,CUST011551,2024-03-21,19131.67,3,0.0374,False,Withdrawn Early
DEP001850,CUST011572,2020-11-01,42647.53,12,0.0346,True,Active
DEP001851,CUST011578,2021-09-12,31257.42,36,0.036,False,Matured
DEP001852,CUST011582,2022-09-16,30395.93,6,0.0719,True,Active
DEP001853,CUST011584,2019-11-29,30520.04,24,0.0782,False,Active
DEP001854,CUST011586,2024-01-10,11736.88,6,0.0539,True,Matured
DEP001855,CUST011589,2023-06-21,5419.46,12,0.0319,True,Active
DEP001856,CUST011591,2021-04-14,26365.16,3,0.0482,True,Withdrawn Early
DEP001857,CUST011604,2020-04-14,43560.53,6,0.0377,False,Active
DEP001858,CUST011629,2020-04-28,16640.06,6,0.0641,False,Active
DEP001859,CUST011630,2024-08-29,18316.61,3,0.0477,False,Active
DEP001860,CUST011634,2024-06-19,25344.9,3,0.0553,True,Active
DEP001861,CUST011636,2016-04-26,16348.65,12,0.0312,True,Matured
DEP001862,CUST011637,2022-06-03,9862.38,12,0.0751,True,Matured
DEP001863,CUST011647,2021-10-09,10542.71,24,0.0636,False,Withdrawn Early
DEP001864,CUST011653,2021-05-31,45116.76,3,0.0739,False,Active
DEP001865,CUST011657,2024-06-27,37217.16,3,0.0512,False,Matured
DEP001866,CUST011660,2020-11-28,13379.95,12,0.0562,False,Active
DEP001867,CUST011671,2024-03-20,6378.44,24,0.0591,False,Active
DEP001868,CUST011679,2024-02-11,34744.83,6,0.0556,False,Withdrawn Early
DEP001869,CUST011700,2019-12-05,38253.58,6,0.0597,False,Matured
DEP001870,CUST011704,2024-06-04,20578.87,12,0.0477,False,Active
DEP001871,CUST011711,2022-04-14,46525.6,6,0.0761,True,Active
DEP001872,CUST011736,2019-03-21,23975.72,3,0.0774,True,Matured
DEP001873,CUST011746,2022-12-15,48552.24,12,0.0598,False,Active
DEP001874,CUST011747,2024-11-30,1432.49,6,0.0733,True,Active
DEP001875,CUST011748,2021-01-17,4050.62,12,0.0568,False,Active
DEP001876,CUST011749,2021-06-09,21071.93,6,0.0554,False,Withdrawn Early
DEP001877,CUST011753,2020-07-02,42807.61,24,0.0513,False,Withdrawn Early
DEP001878,CUST011759,2021-03-12,39341.35,6,0.0523,False,Matured
DEP001879,CUST011760,2024-07-25,13333.44,6,0.0611,True,Active
DEP001880,CUST011763,2023-05-03,4742.4,24,0.0528,False,Active
DEP001881,CUST011778,2023-02-20,2213.06,3,0.073,False,Matured
DEP001882,CUST011781,2023-12-09,14902.65,36,0.0752,False,Matured
DEP001883,CUST011784,2024-11-04,38763.66,6,0.0353,False,Active
DEP001884,CUST011786,2023-03-02,40995.19,36,0.033,True,Active
DEP001885,CUST011798,2024-10-26,27490.1,3,0.0789,False,Matured
DEP001886,CUST011800,2021-07-08,9738.02,3,0.0679,False,Active
DEP001887,CUST011806,2019-10-02,14489.37,12,0.0797,False,Active
DEP001888,CUST011808,2021-06-30,25226.08,3,0.0753,False,Withdrawn Early
DEP001889,CUST011810,2021-11-06,46712.66,12,0.0555,False,Active
DEP001890,CUST011821,2023-03-30,24192.13,12,0.0677,True,Active
DEP001891,CUST011823,2020-05-28,1053.8,12,0.0748,True,Active
DEP001892,CUST011835,2024-06-04,17847.12,12,0.0761,True,Matured
DEP001893,CUST011845,2024-01-05,28865.07,12,0.0461,False,Active
DEP001894,CUST011858,2020-12-19,27212.55,12,0.0494,False,Active
DEP001895,CUST011860,2024-10-15,47220.57,3,0.0646,False,Matured
DEP001896,CUST011870,2023-10-11,36309.35,12,0.0597,True,Active
DEP001897,CUST011873,2024-01-01,41222.69,12,0.0387,False,Active
DEP001898,CUST011877,2024-09-08,14867.45,12,0.0487,True,Active
DEP001899,CUST011892,2022-11-19,33413.75,3,0.0422,False,Matured
DEP001900,CUST011895,2022-07-14,31375.71,3,0.0377,False,Active
DEP001901,CUST011901,2018-12-01,44602.29,12,0.0761,False,Active
DEP001902,CUST011902,2024-06-21,44351.77,12,0.0666,False,Matured
DEP001903,CUST011910,2023-08-25,44462.55,36,0.0306,False,Matured
DEP001904,CUST011913,2023-11-03,39081.91,12,0.0592,False,Withdrawn Early
DEP001905,CUST011925,2018-11-22,21241.27,24,0.0332,False,Matured
DEP001906,CUST011934,2022-12-14,44045.55,3,0.0685,False,Matured
DEP001907,CUST011935,2019-03-28,49143.92,6,0.0549,False,Active
DEP001908,CUST011942,2023-11-01,17693.99,6,0.0558,False,Matured
DEP001909,CUST011946,2023-02-03,17534.67,36,0.0368,False,Active
DEP001910,CUST011957,2021-08-23,32306.87,24,0.0315,False,Withdrawn Early
DEP001911,CUST011960,2024-06-27,45476.78,24,0.0329,False,Active
DEP001912,CUST011963,2022-10-01,15477.09,12,0.0458,False,Active
DEP001913,CUST011968,2022-11-08,2058.96,12,0.0575,False,Active
DEP001914,CUST011969,2023-03-18,48414.13,3,0.034,False,Active
DEP001915,CUST011972,2024-05-09,48214.69,24,0.0795,False,Matured
DEP001916,CUST011973,2024-12-16,38745.52,3,0.0612,False,Active
DEP001917,CUST011985,2018-12-14,27181.28,12,0.0615,False,Active
DEP001918,CUST011991,2024-07-08,9544.74,36,0.036,True,Matured
DEP001919,CUST011995,2023-11-05,6523.96,12,0.0673,False,Active
DEP001920,CUST012000,2019-09-01,14283.5,12,0.0606,False,Matured
DEP001921,CUST012001,2023-12-31,35815.58,12,0.0453,False,Active
DEP001922,CUST012008,2022-12-24,10346.09,12,0.0319,False,Withdrawn Early
DEP001923,CUST012009,2024-05-12,16337.05,12,0.0747,False,Active
DEP001924,CUST012014,2024-10-19,8912.88,12,0.0748,False,Matured
DEP001925,CUST012019,2019-09-22,19826.4,6,0.0432,False,Active
DEP001926,CUST012021,2024-04-29,48660.71,12,0.0417,True,Active
DEP001927,CUST012024,2021-02-01,36407.86,12,0.0425,True,Active
DEP001928,CUST012026,2023-09-25,7937.4,12,0.0515,False,Withdrawn Early
DEP001929,CUST012032,2020-10-09,30939.67,12,0.0404,True,Matured
DEP001930,CUST012034,2022-10-03,44294.18,3,0.0366,False,Withdrawn Early
DEP001931,CUST012041,2020-07-21,9133.77,3,0.066,False,Active
DEP001932,CUST012043,2024-03-24,20362.11,36,0.064,False,Active
DEP001933,CUST012062,2022-01-16,32788.84,12,0.0438,True,Matured
DEP001934,CUST012063,2021-05-25,31636.98,36,0.0514,False,Active
DEP001935,CUST012072,2023-06-11,43059.4,3,0.0737,False,Active
DEP001936,CUST012075,2020-09-15,15067.2,12,0.061,True,Active
DEP001937,CUST012087,2021-06-14,42814.74,36,0.0685,True,Matured
DEP001938,CUST012094,2020-03-28,46209.69,24,0.0373,False,Matured
DEP001939,CUST012102,2023-01-24,34895.05,6,0.0382,False,Active
DEP001940,CUST012107,2019-10-03,35863.74,6,0.0715,True,Active
DEP001941,CUST012110,2024-07-29,41770.64,12,0.075,False,Active
DEP001942,CUST012121,2022-09-13,24406.62,12,0.0576,False,Matured
DEP001943,CUST012122,2024-12-03,19114.94,12,0.0415,False,Active
DEP001944,CUST012127,2021-01-04,26044.55,12,0.0658,False,Active
DEP001945,CUST012136,2024-09-11,16261.55,36,0.0662,False,Active
DEP001946,CUST012139,2023-01-29,47589.59,36,0.0544,True,Active
DEP001947,CUST012142,2023-02-08,34105.84,24,0.0718,True,Matured
DEP001948,CUST012146,2024-07-23,34415.82,12,0.0442,False,Matured
DEP001949,CUST012154,2023-12-06,43071.51,12,0.0453,True,Active
DEP001950,CUST012161,2021-08-05,41390.78,3,0.065,False,Active
DEP001951,CUST012164,2019-01-10,7921.58,3,0.0428,True,Matured
DEP001952,CUST012167,2024-04-03,44931.61,24,0.0428,False,Active
DEP001953,CUST012170,2020-07-27,6835.4,36,0.0668,True,Active
DEP001954,CUST012177,2024-06-27,18966.53,3,0.0543,False,Matured
DEP001955,CUST012182,2023-09-12,10340.58,12,0.0766,True,Active
DEP001956,CUST012189,2023-11-23,28892.76,6,0.0513,False,Active
DEP001957,CUST012190,2024-05-10,22064.02,24,0.0365,False,Active
DEP001958,CUST012198,2024-06-13,37318.21,24,0.0631,False,Active
DEP001959,CUST012199,2024-07-30,33982.64,12,0.034,True,Active
DEP001960,CUST012201,2024-09-30,18441.54,6,0.0637,True,Withdrawn Early
DEP001961,CUST012202,2024-04-20,32659.0,12,0.0606,False,Active
DEP001962,CUST012206,2022-02-22,35627.75,3,0.0749,False,Active
DEP001963,CUST012221,2024-09-08,12366.59,3,0.044,True,Matured
DEP001964,CUST012227,2024-04-22,9507.27,12,0.0517,False,Active
DEP001965,CUST012232,2024-03-12,35119.94,24,0.0604,True,Active
DEP001966,CUST012238,2020-02-23,13247.33,3,0.0651,False,Active
DEP001967,CUST012241,2018-12-17,18920.17,12,0.0564,True,Withdrawn Early
DEP001968,CUST012244,2024-08-23,13731.87,6,0.0359,False,Matured
DEP001969,CUST012257,2024-12-04,17763.23,6,0.0367,False,Matured
DEP001970,CUST012270,2017-05-25,13386.01,24,0.0525,True,Active
DEP001971,CUST012274,2023-11-07,19357.32,3,0.0725,False,Active
DEP001972,CUST012278,2024-12-26,14111.44,3,0.0603,True,Active
DEP001973,CUST012291,2018-07-22,40879.3,6,0.0621,False,Matured
DEP001974,CUST012295,2018-07-01,24323.71,6,0.0559,False,Active
DEP001975,CUST012304,2024-12-08,24104.6,12,0.0719,False,Active
DEP001976,CUST012308,2024-10-08,18786.63,6,0.0605,True,Matured
DEP001977,CUST012311,2022-05-13,42342.04,12,0.0616,True,Withdrawn Early
DEP001978,CUST012318,2024-01-22,7056.98,6,0.0766,True,Active
DEP001979,CUST012333,2023-04-10,39122.03,3,0.0531,True,Matured
DEP001980,CUST012334,2023-10-05,20446.11,6,0.0392,False,Matured
DEP001981,CUST012339,2024-10-01,43494.06,3,0.0367,False,Withdrawn Early
DEP001982,CUST012345,2024-06-08,25701.17,12,0.0538,False,Matured
DEP001983,CUST012359,2023-12-20,13071.5,12,0.048,False,Active
DEP001984,CUST012363,2023-01-19,7070.63,12,0.0648,True,Active
DEP001985,CUST012366,2023-10-06,13298.29,6,0.0712,True,Matured
DEP001986,CUST012369,2017-08-14,31608.37,12,0.0487,True,Active
DEP001987,CUST012370,2020-11-10,17399.09,3,0.0617,False,Matured
DEP001988,CUST012376,2023-08-18,19583.2,24,0.0304,True,Matured
DEP001989,CUST012377,2021-11-17,12905.48,3,0.0582,False,Active
DEP001990,CUST012386,2023-09-22,40746.75,12,0.063,False,Active
DEP001991,CUST012399,2024-08-17,42844.73,36,0.0708,False,Withdrawn Early
DEP001992,CUST012402,2018-03-10,24148.35,12,0.0658,False,Matured
DEP001993,CUST012415,2024-03-29,49171.64,12,0.0443,False,Matured
DEP001994,CUST012419,2024-02-22,1016.32,12,0.0768,False,Matured
DEP001995,CUST012422,2021-09-02,23547.35,6,0.0796,False,Matured
DEP001996,CUST012431,2022-02-22,14140.66,6,0.0725,True,Active
DEP001997,CUST012435,2023-12-27,5049.99,6,0.0565,False,Active
DEP001998,CUST012436,2021-04-05,36095.77,3,0.0502,True,Matured
DEP001999,CUST012447,2024-10-31,38354.21,12,0.0593,True,Matured
DEP002000,CUST012463,2024-03-05,21005.96,12,0.0325,True,Matured
DEP002001,CUST012474,2022-02-16,48726.84,12,0.0309,False,Active
DEP002002,CUST012478,2022-04-17,28070.22,3,0.0338,True,Active
DEP002003,CUST012482,2022-05-23,46729.14,12,0.031,True,Active
DEP002004,CUST012486,2024-10-29,16358.5,3,0.0467,False,Matured
DEP002005,CUST012491,2023-11-05,47222.67,12,0.051,False,Active
DEP002006,CUST012492,2024-12-04,43015.1,12,0.0457,True,Matured
DEP002007,CUST012496,2022-12-29,20334.11,12,0.0483,False,Active
DEP002008,CUST012502,2023-11-02,37779.82,36,0.0699,False,Active
DEP002009,CUST012504,2018-08-28,43510.73,12,0.0634,False,Active
DEP002010,CUST012512,2024-12-17,25389.23,12,0.0499,False,Matured
DEP002011,CUST012513,2023-05-31,527.17,6,0.0702,False,Active
DEP002012,CUST012531,2024-09-20,19133.53,12,0.056,False,Matured
DEP002013,CUST012535,2024-07-15,24439.8,3,0.0475,False,Matured
DEP002014,CUST012551,2022-08-20,31621.51,12,0.0371,True,Active
DEP002015,CUST012563,2024-09-22,14288.09,12,0.0313,True,Withdrawn Early
DEP002016,CUST012574,2024-09-19,11051.7,6,0.0511,False,Matured
DEP002017,CUST012575,2023-09-08,46028.36,6,0.0619,False,Matured
DEP002018,CUST012584,2022-06-24,44466.08,24,0.0601,True,Active
DEP002019,CUST012592,2024-08-21,5102.37,6,0.0384,True,Matured
DEP002020,CUST012596,2024-12-07,25229.79,36,0.051,False,Matured
DEP002021,CUST012600,2024-12-03,4526.81,6,0.0697,False,Matured
DEP002022,CUST012618,2021-03-03,30592.54,12,0.0356,False,Active
DEP002023,CUST012619,2024-09-21,48688.11,24,0.0569,False,Matured
DEP002024,CUST012633,2022-06-21,41349.51,6,0.0608,False,Matured
DEP002025,CUST012639,2024-03-25,41288.67,12,0.037,True,Active
DEP002026,CUST012640,2022-11-18,2674.18,6,0.0335,False,Active
DEP002027,CUST012645,2024-07-07,35858.96,24,0.05,False,Active
DEP002028,CUST012648,2019-08-19,18161.02,36,0.0352,False,Active
DEP002029,CUST012652,2024-02-28,13561.32,12,0.0523,True,Active
DEP002030,CUST012654,2017-06-18,46343.9,36,0.0497,True,Active
DEP002031,CUST012655,2022-07-31,44767.05,3,0.0332,False,Matured
DEP002032,CUST012656,2024-09-25,18678.58,3,0.0334,False,Matured
DEP002033,CUST012662,2023-10-28,42769.17,24,0.049,True,Active
DEP002034,CUST012673,2022-03-01,48470.77,3,0.0497,False,Active
DEP002035,CUST012678,2022-03-05,48007.32,36,0.0546,False,Active
DEP002036,CUST012679,2023-03-03,34207.16,6,0.0701,True,Matured
DEP002037,CUST012692,2023-10-09,16869.96,6,0.04,True,Active
DEP002038,CUST012697,2023-02-15,26535.61,12,0.0577,True,Active
DEP002039,CUST012702,2024-07-22,24764.4,6,0.034,True,Active
DEP002040,CUST012717,2022-09-16,8021.61,36,0.0364,False,Matured
DEP002041,CUST012719,2024-10-14,29639.53,36,0.077,False,Matured
DEP002042,CUST012730,2024-02-14,31982.33,24,0.0356,False,Active
DEP002043,CUST012740,2023-06-08,13226.61,6,0.0761,False,Active
DEP002044,CUST012749,2023-04-05,46919.82,12,0.0491,False,Active
DEP002045,CUST012752,2020-09-06,23099.74,12,0.0782,False,Active
DEP002046,CUST012756,2018-10-25,10509.48,12,0.0745,False,Matured
DEP002047,CUST012758,2024-06-12,48244.83,12,0.0705,True,Matured
DEP002048,CUST012765,2020-02-15,6316.77,3,0.0368,False,Matured
DEP002049,CUST012769,2024-04-23,47340.73,12,0.0419,False,Active
DEP002050,CUST012774,2022-11-26,40902.19,12,0.0746,True,Active
DEP002051,CUST012777,2022-12-31,20564.74,12,0.038,False,Active
DEP002052,CUST012787,2024-07-12,21043.76,3,0.0778,True,Withdrawn Early
DEP002053,CUST012792,2019-03-05,17668.07,6,0.032,True,Withdrawn Early
DEP002054,CUST012793,2024-05-01,47256.58,24,0.0377,False,Matured
DEP002055,CUST012797,2024-07-31,49492.46,6,0.0629,True,Active
DEP002056,CUST012800,2023-12-22,31344.69,3,0.0301,False,Active
DEP002057,CUST012803,2021-03-20,16823.7,12,0.0617,True,Matured
DEP002058,CUST012805,2024-04-18,29591.25,6,0.0771,False,Withdrawn Early
DEP002059,CUST012806,2024-11-29,47145.17,12,0.0771,True,Matured
DEP002060,CUST012808,2024-11-26,27109.46,36,0.0751,False,Matured
DEP002061,CUST012814,2024-06-23,43356.39,6,0.0654,False,Matured
DEP002062,CUST012825,2020-08-23,14487.5,24,0.0302,True,Matured
DEP002063,CUST012835,2023-05-16,6816.15,12,0.0666,False,Withdrawn Early
DEP002064,CUST012837,2024-10-18,24656.3,24,0.0594,True,Matured
DEP002065,CUST012839,2023-06-23,27721.31,3,0.0676,False,Active
DEP002066,CUST012840,2023-09-22,28085.43,24,0.0749,True,Active
DEP002067,CUST012857,2024-10-27,33231.56,12,0.0647,False,Active
DEP002068,CUST012859,2021-09-02,29821.04,12,0.0456,False,Matured
DEP002069,CUST012862,2023-06-26,2353.73,24,0.0763,True,Active
DEP002070,CUST012864,2024-09-27,27525.12,24,0.0419,False,Active
DEP002071,CUST012865,2022-11-13,2975.9,6,0.0415,False,Active
DEP002072,CUST012866,2022-05-07,30982.23,12,0.0773,False,Matured
DEP002073,CUST012870,2020-12-31,6507.94,3,0.058,False,Withdrawn Early
DEP002074,CUST012871,2021-02-02,24046.6,6,0.0503,True,Withdrawn Early
DEP002075,CUST012878,2023-07-19,12222.53,6,0.0342,False,Active
DEP002076,CUST012883,2021-09-08,4645.15,24,0.0303,True,Active
DEP002077,CUST012887,2023-03-24,44504.72,3,0.0781,False,Active
DEP002078,CUST012892,2024-01-19,18039.16,24,0.0575,False,Matured
DEP002079,CUST012899,2024-08-06,17896.03,24,0.047,True,Active
DEP002080,CUST012901,2020-09-27,11317.76,3,0.0667,False,Active
DEP002081,CUST012916,2024-07-26,11857.38,3,0.0538,False,Active
DEP002082,CUST012918,2017-06-18,41201.04,24,0.0416,True,Matured
DEP002083,CUST012927,2024-09-26,34041.02,3,0.0544,True,Matured
DEP002084,CUST012952,2024-09-11,20731.02,12,0.0321,False,Active
DEP002085,CUST012964,2023-01-04,32844.08,24,0.0513,False,Withdrawn Early
DEP002086,CUST012967,2020-11-11,14761.76,6,0.0689,True,Active
DEP002087,CUST012970,2017-12-17,17440.94,12,0.0588,True,Matured
DEP002088,CUST012980,2024-08-24,31290.64,3,0.0304,True,Active
DEP002089,CUST012988,2024-07-22,44133.0,36,0.0642,True,Matured
DEP002090,CUST012998,2024-12-05,35796.13,24,0.0317,False,Withdrawn Early
DEP002091,CUST013000,2020-02-01,44368.67,3,0.0483,False,Active
DEP002092,CUST013001,2024-06-01,35499.5,12,0.0533,False,Matured
DEP002093,CUST013020,2021-08-12,10019.13,6,0.064,False,Active
DEP002094,CUST013029,2021-12-30,17388.92,12,0.0509,False,Withdrawn Early
DEP002095,CUST013033,2024-10-26,45357.06,12,0.0626,False,Active
DEP002096,CUST013044,2023-06-30,11750.62,12,0.0661,False,Matured
DEP002097,CUST013047,2024-09-25,8397.97,24,0.0354,True,Matured
DEP002098,CUST013060,2021-09-10,5661.33,6,0.0427,True,Active
DEP002099,CUST013074,2019-03-12,39501.15,12,0.0598,False,Active
DEP002100,CUST013078,2020-05-06,10577.12,6,0.0481,False,Withdrawn Early
DEP002101,CUST013087,2020-05-06,41331.39,24,0.0677,True,Active
DEP002102,CUST013092,2024-08-28,33381.59,3,0.046,False,Matured
DEP002103,CUST013099,2022-08-20,30423.64,6,0.0425,False,Active
DEP002104,CUST013101,2023-01-03,8507.19,12,0.0412,True,Active
DEP002105,CUST013106,2024-07-31,24071.02,24,0.0681,False,Active
DEP002106,CUST013124,2022-10-19,7028.02,6,0.0537,True,Active
DEP002107,CUST013125,2020-01-01,9408.95,12,0.074,False,Active
DEP002108,CUST013140,2023-01-17,31861.73,12,0.0515,True,Active
DEP002109,CUST013143,2024-04-11,17785.86,12,0.0304,True,Active
DEP002110,CUST013147,2023-03-09,34537.18,12,0.048,True,Active
DEP002111,CUST013151,2024-08-22,26227.65,12,0.0626,True,Matured
DEP002112,CUST013153,2022-11-15,14909.07,6,0.0774,False,Matured
DEP002113,CUST013159,2018-08-28,13400.08,12,0.0509,False,Active
DEP002114,CUST013164,2024-12-19,4712.95,12,0.0315,False,Matured
DEP002115,CUST013175,2023-03-08,1902.76,6,0.0397,True,Matured
DEP002116,CUST013176,2020-08-11,16711.76,12,0.0402,False,Active
DEP002117,CUST013177,2022-02-14,32010.26,12,0.0335,False,Active
DEP002118,CUST013178,2024-10-29,12188.05,6,0.0688,True,Matured
DEP002119,CUST013188,2020-07-16,42606.22,12,0.0421,False,Active
DEP002120,CUST013193,2024-03-04,9847.63,24,0.0479,True,Active
DEP002121,CUST013197,2024-02-17,8297.55,12,0.0489,False,Active
DEP002122,CUST013200,2022-10-21,42871.64,3,0.0625,False,Matured
DEP002123,CUST013201,2020-08-03,12621.93,6,0.062,False,Matured
DEP002124,CUST013207,2022-08-11,43614.45,36,0.0789,False,Matured
DEP002125,CUST013223,2023-02-11,9433.41,6,0.0541,True,Matured
DEP002126,CUST013236,2024-12-07,39707.45,6,0.0632,False,Active
DEP002127,CUST013241,2024-03-26,33574.42,12,0.0666,False,Matured
DEP002128,CUST013247,2020-05-13,6444.4,3,0.0405,True,Matured
DEP002129,CUST013258,2024-04-06,47324.44,12,0.0629,False,Matured
DEP002130,CUST013265,2024-02-20,23029.4,6,0.0767,True,Active
DEP002131,CUST013268,2024-01-24,34964.08,12,0.0542,False,Matured
DEP002132,CUST013271,2021-06-08,18237.96,3,0.0714,False,Matured
DEP002133,CUST013272,2020-09-01,29286.78,12,0.057,True,Matured
DEP002134,CUST013282,2024-02-16,20192.31,12,0.0307,False,Active
DEP002135,CUST013287,2024-06-12,8243.88,12,0.0619,True,Active
DEP002136,CUST013290,2022-11-24,23644.52,3,0.0449,True,Matured
DEP002137,CUST013303,2018-12-15,38201.36,6,0.0674,False,Active
DEP002138,CUST013307,2023-07-27,26376.1,6,0.08,False,Matured
DEP002139,CUST013310,2024-09-22,3319.88,12,0.0476,True,Active
DEP002140,CUST013313,2023-02-19,38206.2,3,0.0796,False,Matured
DEP002141,CUST013314,2021-07-20,21132.6,24,0.0757,False,Matured
DEP002142,CUST013316,2018-02-23,31021.53,12,0.0597,False,Active
DEP002143,CUST013325,2023-01-22,11489.61,6,0.0337,False,Active
DEP002144,CUST013326,2022-06-07,5577.39,6,0.0326,True,Matured
DEP002145,CUST013328,2021-02-21,17451.16,12,0.0307,True,Active
DEP002146,CUST013331,2023-05-12,13961.54,36,0.0426,False,Active
DEP002147,CUST013334,2023-10-14,30440.88,6,0.0483,True,Matured
DEP002148,CUST013337,2021-01-06,24934.21,36,0.0789,True,Active
DEP002149,CUST013343,2018-09-24,16861.76,6,0.0406,False,Active
DEP002150,CUST013346,2018-06-10,43575.69,24,0.0664,True,Active
DEP002151,CUST013368,2024-11-23,45660.77,6,0.0477,False,Active
DEP002152,CUST013376,2024-03-15,22778.35,12,0.0314,True,Matured
DEP002153,CUST013387,2023-12-19,34962.56,12,0.0342,False,Active
DEP002154,CUST013389,2022-11-04,3251.96,24,0.0485,False,Active
DEP002155,CUST013413,2024-03-28,9116.49,36,0.0798,False,Active
DEP002156,CUST013420,2024-08-19,19799.49,24,0.0691,False,Active
DEP002157,CUST013423,2021-11-12,906.73,12,0.0759,False,Matured
DEP002158,CUST013425,2023-07-22,7623.44,36,0.0715,False,Active
DEP002159,CUST013434,2024-04-28,46852.88,12,0.079,False,Active
DEP002160,CUST013448,2024-09-06,22616.94,6,0.0422,True,Matured
DEP002161,CUST013462,2023-12-05,21407.43,24,0.0783,False,Matured
DEP002162,CUST013464,2019-05-19,30489.79,6,0.0469,True,Matured
DEP002163,CUST013467,2019-06-03,26375.21,6,0.0513,False,Active
DEP002164,CUST013471,2024-12-25,41135.76,12,0.0453,False,Active
DEP002165,CUST013477,2023-06-28,34712.51,24,0.0316,False,Active
DEP002166,CUST013490,2022-06-07,16293.13,3,0.0443,True,Withdrawn Early
DEP002167,CUST013502,2022-10-18,10762.98,12,0.07,False,Active
DEP002168,CUST013514,2020-12-08,29070.54,3,0.053,False,Matured
DEP002169,CUST013522,2024-06-11,37430.48,3,0.0721,False,Active
DEP002170,CUST013526,2024-09-08,20657.5,12,0.0799,False,Active
DEP002171,CUST013531,2020-10-19,47540.55,12,0.0724,True,Withdrawn Early
DEP002172,CUST013537,2023-05-21,37239.06,6,0.0786,True,Active
DEP002173,CUST013539,2024-04-04,38443.66,6,0.0436,True,Withdrawn Early
DEP002174,CUST013541,2023-04-03,32897.89,6,0.0365,True,Matured
DEP002175,CUST013544,2017-08-12,869.77,36,0.0537,False,Matured
DEP002176,CUST013545,2024-07-18,34997.08,12,0.064,True,Matured
DEP002177,CUST013546,2023-03-08,44105.52,24,0.0555,False,Active
DEP002178,CUST013554,2023-07-15,49894.83,12,0.0568,False,Withdrawn Early
DEP002179,CUST013556,2018-02-16,3650.4,6,0.0776,True,Matured
DEP002180,CUST013564,2024-07-26,16179.42,3,0.0795,False,Matured
DEP002181,CUST013567,2024-10-25,30628.39,12,0.0387,False,Active
DEP002182,CUST013573,2021-02-09,26337.42,12,0.0647,False,Matured
DEP002183,CUST013577,2020-05-25,23664.35,6,0.057,False,Active
DEP002184,CUST013580,2024-03-03,30663.63,36,0.0663,False,Active
DEP002185,CUST013583,2022-08-20,29300.0,12,0.0732,False,Matured
DEP002186,CUST013587,2022-07-01,43284.61,6,0.0676,True,Matured
DEP002187,CUST013589,2016-06-04,24154.73,12,0.0574,False,Withdrawn Early
DEP002188,CUST013596,2021-06-30,20720.61,24,0.0336,False,Active
DEP002189,CUST013608,2021-07-24,23750.0,12,0.0601,False,Active
DEP002190,CUST013610,2023-12-13,15711.9,6,0.0595,False,Active
DEP002191,CUST013616,2021-11-17,44586.57,12,0.056,True,Active
DEP002192,CUST013620,2021-03-13,18634.64,36,0.0325,True,Active
DEP002193,CUST013622,2024-12-17,20896.02,6,0.0563,False,Matured
DEP002194,CUST013631,2019-12-19,46814.87,12,0.045,False,Matured
DEP002195,CUST013641,2020-02-22,27671.75,12,0.0574,False,Matured
DEP002196,CUST013644,2017-09-24,39361.2,6,0.0629,False,Matured
DEP002197,CUST013646,2023-10-15,40323.24,3,0.0501,True,Matured
DEP002198,CUST013657,2024-09-06,30230.95,36,0.033,True,Active
DEP002199,CUST013666,2024-11-21,34229.83,36,0.0549,False,Active
DEP002200,CUST013667,2020-07-29,46330.49,12,0.037,False,Active
DEP002201,CUST013674,2022-02-22,15491.06,3,0.0469,True,Active
DEP002202,CUST013677,2022-08-01,37331.85,36,0.0664,False,Active
DEP002203,CUST013684,2020-03-02,19517.48,12,0.071,False,Withdrawn Early
DEP002204,CUST013704,2021-10-21,18366.49,12,0.0623,True,Active
DEP002205,CUST013709,2023-02-19,30407.0,12,0.0393,False,Active
DEP002206,CUST013710,2023-11-21,3261.02,12,0.0747,False,Active
DEP002207,CUST013712,2018-11-15,43258.76,36,0.0497,False,Withdrawn Early
DEP002208,CUST013713,2021-04-27,22220.11,24,0.0581,True,Active
DEP002209,CUST013721,2024-05-04,6210.69,6,0.0745,False,Active
DEP002210,CUST013725,2023-02-16,12096.28,24,0.07,True,Active
DEP002211,CUST013726,2024-06-28,5816.94,6,0.0303,True,Withdrawn Early
DEP002212,CUST013727,2023-02-14,25793.84,6,0.0303,True,Withdrawn Early
DEP002213,CUST013729,2024-09-12,11238.45,12,0.0792,True,Matured
DEP002214,CUST013731,2023-03-22,47806.13,24,0.0381,False,Active
DEP002215,CUST013732,2021-01-17,13871.81,6,0.0632,False,Withdrawn Early
DEP002216,CUST013740,2021-06-09,8483.89,6,0.0351,False,Active
DEP002217,CUST013750,2020-04-29,47324.19,36,0.045,False,Active
DEP002218,CUST013760,2023-07-18,48491.25,12,0.059,True,Matured
DEP002219,CUST013776,2023-09-10,8765.32,36,0.0389,False,Active
DEP002220,CUST013801,2024-10-05,25053.49,12,0.0695,True,Withdrawn Early
DEP002221,CUST013803,2024-08-06,49738.5,12,0.0736,False,Matured
DEP002222,CUST013807,2021-08-18,15924.02,6,0.0546,False,Active
DEP002223,CUST013816,2024-08-18,36065.18,12,0.0645,True,Active
DEP002224,CUST013825,2023-12-18,6594.88,12,0.0356,False,Matured
DEP002225,CUST013832,2024-06-04,23383.61,12,0.0343,False,Matured
DEP002226,CUST013833,2020-01-18,38282.34,12,0.0337,False,Matured
DEP002227,CUST013837,2024-09-19,47098.76,6,0.0346,False,Active
DEP002228,CUST013844,2022-05-11,13271.78,12,0.0562,False,Matured
DEP002229,CUST013845,2022-05-13,12479.23,12,0.073,False,Active
DEP002230,CUST013849,2023-05-22,24034.6,6,0.0765,False,Matured
DEP002231,CUST013858,2023-06-11,31437.89,12,0.0532,False,Active
DEP002232,CUST013887,2021-01-29,31745.09,24,0.0767,False,Withdrawn Early
DEP002233,CUST013898,2023-11-26,17833.58,12,0.0572,False,Active
DEP002234,CUST013909,2019-12-01,45237.1,12,0.0333,False,Matured
DEP002235,CUST013921,2017-09-07,44175.85,6,0.06,True,Matured
DEP002236,CUST013923,2020-01-16,16211.55,3,0.0776,True,Matured
DEP002237,CUST013926,2024-10-28,46061.82,6,0.0466,True,Active
DEP002238,CUST013942,2024-07-20,37217.6,6,0.0383,False,Active
DEP002239,CUST013945,2022-11-15,19852.01,6,0.0312,False,Active
DEP002240,CUST013954,2022-03-23,22779.96,12,0.0467,True,Matured
DEP002241,CUST013958,2023-02-12,40290.38,6,0.0679,False,Withdrawn Early
DEP002242,CUST013961,2022-03-14,19134.21,12,0.0396,False,Matured
DEP002243,CUST013974,2024-04-18,8415.65,12,0.0755,True,Matured
DEP002244,CUST013979,2024-05-22,29793.0,24,0.0572,False,Active
DEP002245,CUST013981,2018-10-01,21240.54,6,0.0638,True,Withdrawn Early
DEP002246,CUST013988,2024-12-30,12553.27,24,0.0629,False,Matured
DEP002247,CUST014006,2019-08-28,25827.6,24,0.0498,False,Active
DEP002248,CUST014010,2023-08-16,47298.82,24,0.0349,False,Matured
DEP002249,CUST014024,2024-09-15,20769.38,6,0.0666,False,Active
DEP002250,CUST014029,2023-08-04,27606.67,36,0.0311,False,Active
DEP002251,CUST014033,2024-04-24,44161.05,12,0.0661,False,Matured
DEP002252,CUST014034,2022-05-08,38475.76,6,0.0502,True,Active
DEP002253,CUST014041,2021-05-13,47136.68,6,0.071,False,Active
DEP002254,CUST014048,2021-10-02,21502.02,6,0.0618,True,Active
DEP002255,CUST014057,2024-09-13,6988.92,3,0.0754,False,Matured
DEP002256,CUST014058,2022-04-26,32734.18,6,0.0397,True,Matured
DEP002257,CUST014060,2024-11-13,27968.16,6,0.0637,False,Matured
DEP002258,CUST014063,2022-08-04,11190.88,6,0.0717,True,Active
DEP002259,CUST014064,2024-02-14,12709.26,12,0.0359,False,Matured
DEP002260,CUST014067,2023-11-28,6123.44,12,0.0468,True,Active
DEP002261,CUST014069,2023-09-08,23620.4,12,0.0656,True,Withdrawn Early
DEP002262,CUST014083,2019-06-10,2390.58,12,0.0753,False,Active
DEP002263,CUST014085,2024-08-17,6713.57,12,0.0578,True,Matured
DEP002264,CUST014091,2020-11-06,48841.29,12,0.0369,False,Withdrawn Early
DEP002265,CUST014113,2020-07-01,13222.23,24,0.0337,False,Withdrawn Early
DEP002266,CUST014114,2024-10-17,46018.84,24,0.0648,False,Active
DEP002267,CUST014115,2024-08-31,39310.79,12,0.0338,False,Active
DEP002268,CUST014121,2024-04-16,19859.93,3,0.0557,True,Active
DEP002269,CUST014128,2022-02-26,14999.95,12,0.0316,False,Active
DEP002270,CUST014141,2021-02-09,14680.95,12,0.076,True,Withdrawn Early
DEP002271,CUST014142,2024-12-16,27714.69,12,0.0795,False,Active
DEP002272,CUST014150,2022-05-29,35057.98,24,0.0715,False,Matured
DEP002273,CUST014152,2023-01-28,37862.65,12,0.0401,True,Withdrawn Early
DEP002274,CUST014158,2024-12-30,12033.47,12,0.0475,False,Matured
DEP002275,CUST014160,2019-01-06,4111.72,3,0.0356,False,Active
DEP002276,CUST014161,2021-07-16,36209.68,36,0.0519,True,Withdrawn Early
DEP002277,CUST014162,2022-03-31,3487.63,24,0.0791,False,Withdrawn Early
DEP002278,CUST014173,2022-08-09,26665.57,12,0.0528,True,Withdrawn Early
DEP002279,CUST014174,2020-02-21,35228.62,24,0.077,False,Matured
DEP002280,CUST014182,2023-10-14,2769.57,36,0.0327,True,Matured
DEP002281,CUST014185,2024-05-09,20109.28,12,0.0691,False,Matured
DEP002282,CUST014190,2018-03-17,20584.01,3,0.039,False,Withdrawn Early
DEP002283,CUST014199,2020-12-28,37461.87,36,0.0631,False,Active
DEP002284,CUST014204,2022-12-27,32641.1,12,0.0689,False,Active
DEP002285,CUST014207,2022-12-22,9401.82,36,0.0565,False,Withdrawn Early
DEP002286,CUST014209,2020-01-11,24468.74,12,0.0682,True,Matured
DEP002287,CUST014210,2024-07-20,22281.46,3,0.0721,False,Matured
DEP002288,CUST014215,2024-01-21,10558.6,3,0.058,True,Active
DEP002289,CUST014219,2019-05-05,34942.24,12,0.0344,False,Matured
DEP002290,CUST014224,2018-08-26,39128.37,24,0.0372,True,Matured
DEP002291,CUST014229,2023-12-09,21963.49,36,0.0798,False,Active
DEP002292,CUST014230,2023-08-15,5901.19,3,0.0386,False,Active
DEP002293,CUST014234,2022-10-01,16307.79,12,0.0686,True,Withdrawn Early
DEP002294,CUST014235,2023-05-11,27639.27,6,0.0399,False,Active
DEP002295,CUST014244,2023-11-03,40189.63,6,0.0425,False,Matured
DEP002296,CUST014246,2018-12-19,20732.98,12,0.0305,False,Active
DEP002297,CUST014248,2020-05-04,34835.16,3,0.0528,True,Matured
DEP002298,CUST014249,2023-12-15,37995.26,36,0.0307,False,Withdrawn Early
DEP002299,CUST014252,2021-09-19,27126.33,3,0.0423,True,Active
DEP002300,CUST014253,2021-03-24,10118.14,24,0.0451,False,Matured
DEP002301,CUST014270,2024-12-19,10859.12,3,0.032,False,Matured
DEP002302,CUST014296,2022-05-25,27946.95,12,0.0582,False,Withdrawn Early
DEP002303,CUST014299,2020-02-23,6152.24,12,0.0705,False,Withdrawn Early
DEP002304,CUST014300,2019-08-05,35229.23,24,0.0781,False,Withdrawn Early
DEP002305,CUST014315,2022-03-05,32111.22,24,0.0441,False,Matured
DEP002306,CUST014317,2023-07-25,13630.11,12,0.051,False,Active
DEP002307,CUST014322,2017-10-10,41089.76,6,0.031,False,Matured
DEP002308,CUST014325,2024-02-07,23842.61,12,0.0323,True,Matured
DEP002309,CUST014327,2019-08-28,11181.97,24,0.0648,False,Active
DEP002310,CUST014337,2020-10-14,5014.82,6,0.0796,True,Active
DEP002311,CUST014340,2018-05-03,11714.78,12,0.0543,True,Matured
DEP002312,CUST014342,2024-02-09,864.45,24,0.0473,True,Withdrawn Early
DEP002313,CUST014343,2023-05-07,1915.19,3,0.0592,False,Active
DEP002314,CUST014347,2021-11-01,37631.97,12,0.0741,False,Matured
DEP002315,CUST014356,2021-06-25,10052.71,6,0.0546,False,Active
DEP002316,CUST014365,2022-10-18,6831.89,3,0.0334,False,Matured
DEP002317,CUST014370,2019-09-05,49826.24,6,0.0391,False,Matured
DEP002318,CUST014372,2023-03-10,41077.15,12,0.0335,False,Matured
DEP002319,CUST014388,2023-01-22,7813.79,3,0.059,False,Active
DEP002320,CUST014389,2024-10-09,25568.33,6,0.0411,False,Matured
DEP002321,CUST014392,2024-04-20,22753.85,3,0.0538,False,Active
DEP002322,CUST014396,2019-07-26,25552.14,6,0.0478,False,Matured
DEP002323,CUST014397,2019-03-29,31112.19,12,0.0396,True,Active
DEP002324,CUST014400,2022-10-06,26325.78,12,0.0644,True,Matured
DEP002325,CUST014406,2020-01-15,3603.26,3,0.0561,True,Matured
DEP002326,CUST014413,2022-01-17,24826.83,12,0.0408,False,Active
DEP002327,CUST014416,2024-09-05,22457.48,12,0.0597,False,Active
DEP002328,CUST014422,2019-05-16,4575.99,12,0.0638,True,Matured
DEP002329,CUST014457,2024-02-16,13828.77,3,0.0364,True,Active
DEP002330,CUST014458,2023-02-20,47286.09,12,0.0623,False,Active
DEP002331,CUST014480,2024-01-09,3167.71,12,0.0305,True,Active
DEP002332,CUST014484,2018-02-12,30183.76,36,0.0417,True,Withdrawn Early
DEP002333,CUST014491,2024-12-22,34497.53,6,0.036,False,Matured
DEP002334,CUST014494,2021-12-27,27722.59,12,0.0353,True,Matured
DEP002335,CUST014506,2024-04-25,28029.2,6,0.0771,False,Matured
DEP002336,CUST014510,2022-06-17,10786.32,36,0.0576,False,Matured
DEP002337,CUST014511,2024-05-20,15448.74,6,0.0333,False,Active
DEP002338,CUST014513,2023-01-25,33627.37,24,0.0343,True,Active
DEP002339,CUST014522,2023-11-18,15736.77,3,0.0655,False,Active
DEP002340,CUST014524,2020-10-14,37127.37,12,0.0646,False,Active
DEP002341,CUST014527,2023-10-31,13784.11,6,0.049,True,Matured
DEP002342,CUST014528,2021-08-16,16985.98,6,0.0765,False,Active
DEP002343,CUST014532,2023-10-24,37404.95,6,0.0328,True,Matured
DEP002344,CUST014544,2021-11-13,18460.47,12,0.0406,True,Active
DEP002345,CUST014553,2020-07-19,15230.62,3,0.0686,False,Matured
DEP002346,CUST014562,2024-08-12,26564.13,6,0.0438,False,Active
DEP002347,CUST014564,2024-04-14,22428.75,6,0.0309,False,Active
DEP002348,CUST014569,2024-03-29,11420.06,12,0.0314,False,Active
DEP002349,CUST014573,2024-11-06,16690.69,36,0.0412,True,Active
DEP002350,CUST014574,2024-04-15,35381.38,24,0.0758,True,Withdrawn Early
DEP002351,CUST014575,2024-02-11,42609.03,36,0.0418,True,Active
DEP002352,CUST014587,2022-07-12,7053.18,12,0.0334,True,Active
DEP002353,CUST014590,2018-08-21,10437.81,6,0.0693,False,Withdrawn Early
DEP002354,CUST014599,2019-06-08,7170.36,6,0.0401,True,Withdrawn Early
DEP002355,CUST014611,2017-10-25,32132.55,6,0.0562,True,Active
DEP002356,CUST014624,2017-07-16,7871.9,24,0.0387,False,Matured
DEP002357,CUST014625,2022-11-08,28238.26,6,0.0489,True,Matured
DEP002358,CUST014627,2024-02-12,26740.68,6,0.0367,False,Active
DEP002359,CUST014629,2023-01-14,30748.87,6,0.054,False,Active
DEP002360,CUST014630,2023-11-05,30072.01,12,0.0587,True,Active
DEP002361,CUST014631,2019-04-01,38558.47,12,0.038,True,Active
DEP002362,CUST014640,2024-06-13,43284.24,6,0.0425,True,Active
DEP002363,CUST014641,2023-10-20,10249.92,6,0.034,False,Active
DEP002364,CUST014645,2024-08-31,44956.01,12,0.0734,False,Active
DEP002365,CUST014647,2020-03-02,41892.74,6,0.0355,False,Active
DEP002366,CUST014661,2023-09-27,29146.34,12,0.0482,True,Active
DEP002367,CUST014668,2021-01-11,7669.34,6,0.0365,True,Active
DEP002368,CUST014675,2023-04-27,19436.91,12,0.066,True,Matured
DEP002369,CUST014683,2018-03-12,36406.94,24,0.0611,False,Active
DEP002370,CUST014686,2024-04-02,29166.42,24,0.0732,True,Active
DEP002371,CUST014691,2020-01-03,23465.14,3,0.0679,True,Matured
DEP002372,CUST014695,2021-03-14,16877.26,24,0.0362,False,Active
DEP002373,CUST014697,2024-03-26,15139.16,12,0.0486,True,Matured
DEP002374,CUST014704,2023-08-03,46181.93,6,0.0414,True,Matured
DEP002375,CUST014709,2024-11-28,48483.87,12,0.0581,True,Withdrawn Early
DEP002376,CUST014712,2023-10-11,7369.23,12,0.0734,True,Matured
DEP002377,CUST014713,2024-12-11,49869.58,24,0.0766,False,Active
DEP002378,CUST014719,2021-11-09,12688.35,3,0.0321,True,Active
DEP002379,CUST014721,2018-03-17,13872.35,12,0.0495,False,Active
DEP002380,CUST014722,2022-04-23,1321.85,24,0.0564,True,Matured
DEP002381,CUST014732,2024-03-05,26600.85,36,0.068,True,Active
DEP002382,CUST014737,2021-07-23,27616.2,6,0.0593,False,Matured
DEP002383,CUST014762,2020-10-05,19103.78,12,0.0423,True,Active
DEP002384,CUST014766,2024-07-07,26339.66,36,0.0799,False,Active
DEP002385,CUST014770,2020-08-07,12597.43,12,0.0494,True,Active
DEP002386,CUST014771,2023-12-28,38312.68,12,0.0679,False,Active
DEP002387,CUST014772,2019-01-19,18801.59,12,0.0377,True,Matured
DEP002388,CUST014774,2023-05-21,28458.62,3,0.0497,False,Active
DEP002389,CUST014778,2022-10-15,8854.46,3,0.058,False,Active
DEP002390,CUST014779,2023-04-24,40408.48,12,0.0644,True,Active
DEP002391,CUST014789,2024-01-06,44802.74,36,0.0767,False,Active
DEP002392,CUST014792,2023-12-27,44993.62,6,0.0424,False,Matured
DEP002393,CUST014810,2020-12-03,11680.61,24,0.0345,True,Matured
DEP002394,CUST014812,2024-06-07,13982.61,6,0.0472,True,Active
DEP002395,CUST014820,2017-08-15,46541.54,6,0.0592,True,Active
DEP002396,CUST014822,2023-03-30,36839.78,24,0.0784,True,Matured
DEP002397,CUST014837,2024-10-21,28198.34,3,0.0517,False,Matured
DEP002398,CUST014840,2024-09-25,4448.1,36,0.0582,True,Matured
DEP002399,CUST014844,2023-03-16,25452.92,6,0.0678,False,Active
DEP002400,CUST014849,2024-10-24,19158.1,12,0.0314,False,Active
DEP002401,CUST014850,2024-12-23,43422.47,12,0.0678,False,Active
DEP002402,CUST014852,2022-12-08,10634.93,12,0.0363,False,Active
DEP002403,CUST014857,2022-05-11,35808.4,6,0.0394,False,Withdrawn Early
DEP002404,CUST014877,2024-08-23,45472.66,6,0.0511,False,Active
DEP002405,CUST014880,2020-10-16,31210.8,6,0.0695,True,Matured
DEP002406,CUST014892,2024-10-18,19852.21,6,0.0754,True,Matured
DEP002407,CUST014894,2022-09-23,10949.2,12,0.0777,False,Matured
DEP002408,CUST014899,2023-12-16,9180.66,6,0.0713,True,Active
DEP002409,CUST014908,2024-07-30,39688.59,24,0.0722,False,Matured
DEP002410,CUST014914,2022-03-10,12927.03,12,0.0434,False,Active
DEP002411,CUST014924,2018-04-30,37239.22,6,0.0386,True,Active
DEP002412,CUST014927,2021-11-12,31079.5,3,0.0434,True,Active
DEP002413,CUST014928,2022-12-24,43015.03,6,0.0633,True,Active
DEP002414,CUST014943,2018-12-22,48040.99,24,0.0746,False,Active
DEP002415,CUST014952,2022-07-25,587.6,12,0.0562,True,Active
DEP002416,CUST014956,2022-10-12,5514.76,12,0.0634,False,Matured
DEP002417,CUST014960,2017-10-19,43708.08,3,0.036,False,Matured
DEP002418,CUST014961,2022-01-25,30841.57,6,0.0725,False,Active
DEP002419,CUST014969,2024-10-24,18971.55,24,0.0746,False,Active
DEP002420,CUST014971,2018-06-18,24910.06,24,0.0589,True,Matured
DEP002421,CUST014976,2022-08-23,44621.33,6,0.0796,True,Active
DEP002422,CUST014984,2019-04-01,48669.51,12,0.0715,True,Matured
DEP002423,CUST014991,2022-06-28,25718.04,3,0.0441,False,Matured
DEP002424,CUST014994,2022-04-20,2752.12,12,0.078,False,Active
DEP002425,CUST014996,2022-04-30,46023.66,3,0.0672,False,Active
DEP002426,CUST015007,2023-02-23,9837.38,24,0.0713,False,Active
DEP002427,CUST015009,2022-09-17,43579.51,24,0.0473,False,Matured
DEP002428,CUST015020,2022-11-01,8232.02,6,0.0493,False,Matured
DEP002429,CUST015030,2024-03-29,41171.98,12,0.0591,False,Matured
DEP002430,CUST015036,2021-12-12,9192.23,36,0.0354,False,Matured
DEP002431,CUST015043,2021-05-29,29821.91,3,0.0589,False,Withdrawn Early
DEP002432,CUST015048,2024-06-18,3890.7,6,0.0306,False,Active
DEP002433,CUST015063,2020-07-08,26562.24,12,0.0576,True,Matured
DEP002434,CUST015070,2017-11-09,4737.88,12,0.0491,True,Matured
DEP002435,CUST015071,2018-08-23,19359.94,6,0.0748,False,Active
DEP002436,CUST015072,2020-06-24,14002.47,36,0.0576,True,Active
DEP002437,CUST015075,2020-02-27,3566.46,12,0.0785,True,Matured
DEP002438,CUST015077,2023-07-18,15883.42,12,0.0368,True,Active
DEP002439,CUST015081,2024-08-22,19130.92,12,0.0552,True,Active
DEP002440,CUST015085,2018-10-16,36267.17,3,0.0356,False,Active
DEP002441,CUST015089,2024-03-04,1396.26,24,0.0525,True,Active
DEP002442,CUST015091,2022-12-06,40125.87,3,0.0572,True,Withdrawn Early
DEP002443,CUST015097,2023-08-27,1945.04,12,0.0554,False,Withdrawn Early
DEP002444,CUST015101,2016-12-28,38097.89,12,0.0748,True,Active
DEP002445,CUST015102,2021-11-09,46917.35,6,0.0562,True,Matured
DEP002446,CUST015107,2023-04-01,1060.82,6,0.0752,True,Active
DEP002447,CUST015109,2021-09-13,15438.48,12,0.0697,False,Active
DEP002448,CUST015120,2017-10-01,21951.77,12,0.034,False,Active
DEP002449,CUST015122,2021-05-15,27407.78,6,0.0509,False,Active
DEP002450,CUST015129,2023-07-17,21953.75,36,0.0312,False,Active
DEP002451,CUST015138,2024-11-02,6564.5,6,0.0714,False,Active
DEP002452,CUST015142,2024-02-25,1642.98,3,0.0496,False,Matured
DEP002453,CUST015147,2020-12-02,9301.24,12,0.0473,True,Matured
DEP002454,CUST015150,2021-04-12,13638.48,12,0.0329,False,Active
DEP002455,CUST015152,2024-11-27,15410.56,36,0.0536,False,Matured
DEP002456,CUST015155,2021-06-04,37169.2,12,0.0417,True,Matured
DEP002457,CUST015160,2023-10-16,45402.12,6,0.0742,False,Active
DEP002458,CUST015161,2024-12-31,26081.33,6,0.0682,True,Active
DEP002459,CUST015166,2021-10-19,20433.42,24,0.0389,False,Active
DEP002460,CUST015167,2020-12-13,2576.43,24,0.078,True,Active
DEP002461,CUST015169,2022-11-05,10466.36,36,0.0702,False,Active
DEP002462,CUST015183,2024-07-16,20316.99,36,0.0468,False,Active
DEP002463,CUST015185,2024-11-02,20842.72,6,0.0539,False,Active
DEP002464,CUST015189,2022-02-20,38138.83,24,0.0551,False,Active
DEP002465,CUST015191,2020-12-02,16573.73,6,0.0701,True,Withdrawn Early
DEP002466,CUST015198,2024-06-02,39991.49,12,0.0376,False,Active
DEP002467,CUST015210,2024-09-07,42664.75,6,0.0652,False,Withdrawn Early
DEP002468,CUST015211,2020-07-17,40053.71,3,0.0371,False,Withdrawn Early
DEP002469,CUST015221,2024-12-27,32600.07,12,0.0307,False,Active
DEP002470,CUST015228,2021-05-10,9699.71,6,0.0431,False,Withdrawn Early
DEP002471,CUST015238,2022-04-08,4687.93,6,0.0444,False,Active
DEP002472,CUST015245,2023-02-16,7488.76,36,0.0433,True,Withdrawn Early
DEP002473,CUST015248,2018-11-21,16183.12,36,0.0705,True,Active
DEP002474,CUST015250,2024-03-07,30525.01,24,0.0689,False,Matured
DEP002475,CUST015260,2020-01-18,31658.48,36,0.0323,False,Matured
DEP002476,CUST015264,2023-05-18,13670.1,36,0.0581,True,Active
DEP002477,CUST015268,2024-09-27,15094.96,3,0.0306,True,Active
DEP002478,CUST015269,2024-10-03,34198.16,3,0.0323,False,Withdrawn Early
DEP002479,CUST015273,2024-11-15,3667.52,6,0.0682,True,Matured
DEP002480,CUST015278,2022-08-16,23648.04,12,0.0418,False,Withdrawn Early
DEP002481,CUST015279,2024-08-10,3684.49,3,0.0522,False,Active
DEP002482,CUST015283,2022-09-25,14684.39,12,0.0738,True,Withdrawn Early
DEP002483,CUST015291,2024-07-28,42461.29,36,0.0343,False,Matured
DEP002484,CUST015300,2023-03-14,29066.78,6,0.0581,True,Matured
DEP002485,CUST015302,2024-01-31,20157.87,24,0.0789,False,Matured
DEP002486,CUST015309,2021-09-21,9990.17,3,0.0715,False,Active
DEP002487,CUST015322,2019-05-08,26724.03,12,0.0463,False,Active
DEP002488,CUST015327,2022-11-12,26231.66,6,0.0307,False,Active
DEP002489,CUST015331,2024-06-08,1605.86,12,0.0491,True,Active
DEP002490,CUST015336,2023-09-09,6058.31,12,0.0772,False,Active
DEP002491,CUST015338,2024-03-10,37180.86,6,0.0455,True,Active
DEP002492,CUST015356,2021-12-15,34242.49,6,0.0731,False,Withdrawn Early
DEP002493,CUST015357,2024-12-02,6834.7,24,0.0573,False,Active
DEP002494,CUST015369,2023-01-22,44600.47,6,0.0332,False,Withdrawn Early
DEP002495,CUST015372,2024-12-07,28557.22,3,0.0768,True,Active
DEP002496,CUST015391,2020-05-08,13003.1,12,0.06,True,Withdrawn Early
DEP002497,CUST015393,2024-07-17,37456.28,3,0.0656,True,Matured
DEP002498,CUST015399,2022-06-06,27703.58,12,0.0553,False,Active
DEP002499,CUST015400,2024-11-29,43095.45,24,0.0687,False,Active
DEP002500,CUST015403,2024-06-22,25537.08,6,0.0445,False,Active
DEP002501,CUST015406,2023-12-13,36775.72,6,0.0654,False,Active
DEP002502,CUST015417,2023-08-04,27930.11,36,0.065,False,Matured
DEP002503,CUST015419,2024-01-27,21445.64,12,0.0657,True,Active
DEP002504,CUST015420,2023-02-15,24749.62,3,0.0326,False,Withdrawn Early
DEP002505,CUST015423,2022-05-13,49952.37,6,0.0325,False,Active
DEP002506,CUST015426,2019-09-14,10456.96,6,0.0405,True,Active
DEP002507,CUST015430,2024-01-29,39884.92,3,0.069,True,Matured
DEP002508,CUST015440,2020-02-20,49936.53,12,0.0445,True,Matured
DEP002509,CUST015442,2024-09-18,30479.25,12,0.0656,True,Active
DEP002510,CUST015457,2021-10-25,31834.08,3,0.0412,True,Active
DEP002511,CUST015475,2020-04-25,17680.71,6,0.0375,False,Active
DEP002512,CUST015481,2020-04-30,30983.9,12,0.0486,True,Matured
DEP002513,CUST015485,2023-03-23,15975.54,36,0.0565,False,Matured
DEP002514,CUST015488,2024-05-17,28598.78,24,0.078,False,Withdrawn Early
DEP002515,CUST015496,2021-12-26,17172.41,36,0.0708,False,Matured
DEP002516,CUST015514,2024-05-15,10938.93,24,0.0771,False,Withdrawn Early
DEP002517,CUST015515,2022-10-05,40555.3,6,0.0549,False,Matured
DEP002518,CUST015519,2022-01-20,37715.71,12,0.0735,False,Active
DEP002519,CUST015520,2023-03-07,13244.38,12,0.0579,True,Active
DEP002520,CUST015521,2023-11-06,33166.36,12,0.0388,True,Active
DEP002521,CUST015523,2022-02-19,38021.51,12,0.0447,True,Active
DEP002522,CUST015529,2024-05-09,18444.8,6,0.0644,False,Matured
DEP002523,CUST015533,2024-11-18,26115.67,12,0.046,False,Active
DEP002524,CUST015545,2023-10-01,6165.24,3,0.0336,True,Active
DEP002525,CUST015558,2024-10-17,39220.23,6,0.075,False,Withdrawn Early
DEP002526,CUST015567,2019-09-17,37354.67,12,0.0493,True,Matured
DEP002527,CUST015576,2023-06-30,34901.14,36,0.0768,False,Matured
DEP002528,CUST015577,2024-12-20,17375.04,36,0.0331,False,Matured
DEP002529,CUST015595,2024-10-01,5144.53,6,0.0433,False,Active
DEP002530,CUST015606,2024-11-21,18221.28,6,0.0546,False,Active
DEP002531,CUST015618,2024-02-19,48641.2,12,0.03,False,Active
DEP002532,CUST015621,2024-02-13,28927.65,12,0.0744,False,Active
DEP002533,CUST015629,2024-03-12,34644.42,12,0.0701,True,Active
DEP002534,CUST015641,2024-09-03,3310.06,6,0.0579,True,Matured
DEP002535,CUST015651,2021-02-07,12962.48,6,0.04,False,Matured
DEP002536,CUST015655,2024-11-21,31594.91,6,0.0334,False,Active
DEP002537,CUST015662,2022-01-13,35895.77,36,0.0662,True,Matured
DEP002538,CUST015669,2023-08-05,43650.88,6,0.0356,True,Active
DEP002539,CUST015685,2024-02-12,16996.88,12,0.0545,False,Active
DEP002540,CUST015688,2023-07-05,3328.7,6,0.0566,False,Withdrawn Early
DEP002541,CUST015692,2023-08-07,745.54,12,0.0753,True,Withdrawn Early
DEP002542,CUST015693,2024-01-31,18446.87,36,0.0337,True,Active
DEP002543,CUST015703,2024-05-16,41970.53,3,0.0519,False,Matured
DEP002544,CUST015704,2022-09-26,5203.24,12,0.0342,True,Active
DEP002545,CUST015735,2024-04-12,7017.93,3,0.0487,False,Matured
DEP002546,CUST015736,2024-12-20,20104.44,3,0.0309,False,Matured
DEP002547,CUST015739,2023-01-28,10957.49,24,0.0645,False,Matured
DEP002548,CUST015741,2018-05-03,4588.21,24,0.0344,False,Active
DEP002549,CUST015743,2024-05-14,11434.33,3,0.0618,False,Active
DEP002550,CUST015755,2023-08-23,48791.77,3,0.0737,True,Matured
DEP002551,CUST015758,2024-02-15,47160.48,3,0.0652,False,Active
DEP002552,CUST015770,2024-09-17,15156.41,24,0.0355,True,Active
DEP002553,CUST015775,2022-03-03,20792.21,24,0.063,True,Active
DEP002554,CUST015791,2024-09-20,43186.51,12,0.0609,True,Active
DEP002555,CUST015792,2022-08-06,11508.6,3,0.0791,True,Active
DEP002556,CUST015805,2022-11-30,42299.75,6,0.0419,True,Matured
DEP002557,CUST015813,2024-06-13,28725.72,6,0.054,False,Matured
DEP002558,CUST015816,2020-10-15,34455.2,3,0.074,False,Active
DEP002559,CUST015822,2019-02-06,36074.48,6,0.0565,True,Active
DEP002560,CUST015825,2024-11-24,19501.01,36,0.0674,True,Active
DEP002561,CUST015827,2022-11-24,17156.74,12,0.0303,True,Active
DEP002562,CUST015850,2024-06-11,29885.41,3,0.0332,False,Matured
DEP002563,CUST015852,2024-06-09,48590.19,6,0.0641,True,Matured
DEP002564,CUST015865,2022-08-27,31981.18,12,0.0722,True,Matured
DEP002565,CUST015867,2024-06-11,31593.38,6,0.0416,False,Active
DEP002566,CUST015868,2019-02-16,1194.56,6,0.0382,True,Active
DEP002567,CUST015874,2023-01-18,25500.13,36,0.0595,True,Active
DEP002568,CUST015875,2021-12-05,21880.83,6,0.04,False,Matured
DEP002569,CUST015884,2023-03-02,42284.69,6,0.0592,False,Matured
DEP002570,CUST015887,2021-02-27,36357.55,12,0.0716,True,Matured
DEP002571,CUST015891,2023-07-15,5624.12,12,0.0534,True,Active
DEP002572,CUST015901,2020-07-25,39255.26,24,0.061,True,Active
DEP002573,CUST015903,2021-12-08,45080.94,6,0.065,False,Active
DEP002574,CUST015904,2024-12-20,30958.28,3,0.059,False,Withdrawn Early
DEP002575,CUST015907,2022-03-12,14203.47,12,0.0778,False,Active
DEP002576,CUST015916,2024-07-02,43591.72,12,0.044,True,Matured
DEP002577,CUST015927,2022-01-12,27139.32,12,0.0443,False,Matured
DEP002578,CUST015939,2023-07-30,28045.93,6,0.043,True,Matured
DEP002579,CUST015943,2020-06-28,20849.39,3,0.0365,True,Matured
DEP002580,CUST015958,2023-09-22,49413.7,12,0.0485,False,Active
DEP002581,CUST015963,2020-06-19,26322.8,3,0.0437,False,Active
DEP002582,CUST015969,2020-04-16,31639.2,24,0.035,True,Active
DEP002583,CUST015971,2024-07-31,2847.03,6,0.0302,True,Withdrawn Early
DEP002584,CUST015982,2021-05-14,41272.11,36,0.0496,False,Active
DEP002585,CUST015985,2022-09-09,45749.97,12,0.056,True,Active
DEP002586,CUST015986,2023-11-14,9999.33,12,0.0636,False,Matured
DEP002587,CUST015999,2023-01-17,16553.33,36,0.0697,False,Withdrawn Early
DEP002588,CUST016000,2022-12-27,8489.07,6,0.0634,False,Active
DEP002589,CUST016001,2024-12-02,38234.24,6,0.0486,True,Active
DEP002590,CUST016005,2022-02-19,6863.16,12,0.0463,False,Active
DEP002591,CUST016010,2022-11-20,20130.99,24,0.0503,False,Matured
DEP002592,CUST016016,2020-11-18,15986.22,12,0.0342,True,Active
DEP002593,CUST016020,2019-06-14,49779.86,3,0.0311,False,Active
DEP002594,CUST016024,2022-04-20,21092.14,24,0.0549,False,Matured
DEP002595,CUST016027,2024-12-11,34085.98,3,0.0442,True,Active
DEP002596,CUST016030,2024-05-21,38083.53,36,0.0427,False,Matured
DEP002597,CUST016038,2020-03-15,30389.18,12,0.0714,True,Matured
DEP002598,CUST016066,2021-04-30,24835.41,6,0.048,False,Matured
DEP002599,CUST016067,2024-08-29,18096.39,12,0.0483,False,Matured
DEP002600,CUST016079,2023-11-22,25388.62,12,0.0742,True,Matured
DEP002601,CUST016080,2024-02-25,41876.03,3,0.0598,False,Matured
DEP002602,CUST016082,2021-06-12,35681.01,12,0.0713,True,Active
DEP002603,CUST016086,2024-09-29,21456.34,36,0.0778,True,Matured
DEP002604,CUST016099,2024-11-10,9762.2,12,0.0329,False,Active
DEP002605,CUST016113,2023-04-04,8106.35,6,0.0464,False,Matured
DEP002606,CUST016118,2022-05-19,49328.38,36,0.0373,True,Matured
DEP002607,CUST016120,2021-12-28,9018.37,24,0.045,False,Matured
DEP002608,CUST016145,2019-03-13,12594.97,12,0.0708,False,Matured
DEP002609,CUST016147,2020-01-05,19316.19,3,0.0713,False,Active
DEP002610,CUST016151,2023-07-28,6806.13,12,0.0494,False,Active
DEP002611,CUST016154,2024-02-24,40474.5,6,0.0618,True,Matured
DEP002612,CUST016158,2024-08-05,30765.55,12,0.0456,True,Matured
DEP002613,CUST016164,2023-07-07,30690.22,12,0.0438,True,Matured
DEP002614,CUST016165,2023-12-02,13042.83,6,0.0607,False,Matured
DEP002615,CUST016179,2024-02-23,7773.06,12,0.0703,True,Matured
DEP002616,CUST016186,2019-10-29,1373.9,6,0.0634,True,Withdrawn Early
DEP002617,CUST016188,2022-12-21,13594.14,3,0.0637,False,Active
DEP002618,CUST016197,2024-10-10,18036.28,12,0.0495,False,Active
DEP002619,CUST016201,2021-07-16,11175.64,12,0.071,False,Active
DEP002620,CUST016205,2022-01-18,29547.9,3,0.0334,False,Active
DEP002621,CUST016216,2019-12-22,43104.86,12,0.0747,False,Matured
DEP002622,CUST016219,2023-02-05,8934.36,3,0.068,False,Active
DEP002623,CUST016226,2024-05-12,17358.77,3,0.0397,False,Matured
DEP002624,CUST016228,2020-12-03,33909.14,6,0.0346,False,Active
DEP002625,CUST016235,2020-08-17,10670.73,12,0.0456,False,Active
DEP002626,CUST016238,2019-05-22,23511.13,6,0.0699,True,Active
DEP002627,CUST016239,2019-03-11,3097.47,12,0.0459,False,Matured
DEP002628,CUST016242,2024-11-25,43215.5,24,0.0434,True,Matured
DEP002629,CUST016247,2024-05-09,32998.32,6,0.0627,True,Withdrawn Early
DEP002630,CUST016254,2024-09-12,13698.55,12,0.042,False,Active
DEP002631,CUST016259,2023-04-23,27937.79,36,0.0701,True,Active
DEP002632,CUST016263,2024-11-16,10279.44,3,0.0587,True,Active
DEP002633,CUST016270,2020-05-23,20081.61,12,0.0689,False,Active
DEP002634,CUST016280,2023-09-20,7063.5,12,0.0639,True,Matured
DEP002635,CUST016281,2022-03-09,5080.04,6,0.0414,False,Matured
DEP002636,CUST016298,2018-05-21,8050.23,6,0.0688,True,Matured
DEP002637,CUST016299,2022-10-30,15274.85,6,0.0553,False,Matured
DEP002638,CUST016303,2021-04-12,41299.6,6,0.0623,True,Active
DEP002639,CUST016306,2021-04-12,43481.09,24,0.0726,False,Matured
DEP002640,CUST016319,2023-06-17,16560.18,12,0.0353,False,Active
DEP002641,CUST016324,2019-11-22,47268.81,12,0.0458,True,Active
DEP002642,CUST016330,2021-03-05,7023.81,6,0.0327,False,Matured
DEP002643,CUST016332,2022-07-10,48400.06,24,0.032,False,Matured
DEP002644,CUST016334,2024-09-10,40892.57,6,0.0754,False,Active
DEP002645,CUST016335,2021-01-29,17853.66,36,0.0304,False,Withdrawn Early
DEP002646,CUST016342,2019-08-21,43846.68,12,0.0696,True,Matured
DEP002647,CUST016346,2024-12-13,8508.21,6,0.0751,True,Active
DEP002648,CUST016353,2020-04-01,21255.0,12,0.0402,True,Active
DEP002649,CUST016354,2023-09-30,750.13,3,0.073,False,Matured
DEP002650,CUST016364,2021-08-29,9063.0,12,0.046,True,Active
DEP002651,CUST016366,2024-04-13,44325.38,24,0.0416,False,Active
DEP002652,CUST016372,2022-10-27,27076.24,24,0.0611,True,Matured
DEP002653,CUST016381,2022-06-17,27056.9,12,0.0377,False,Active
DEP002654,CUST016382,2022-01-01,32591.62,6,0.0413,False,Matured
DEP002655,CUST016384,2020-05-21,40762.25,24,0.0553,True,Active
DEP002656,CUST016385,2022-02-13,46858.43,3,0.0526,True,Active
DEP002657,CUST016387,2024-10-02,22809.48,3,0.0437,False,Active
DEP002658,CUST016402,2024-12-12,37135.67,3,0.0545,True,Withdrawn Early
DEP002659,CUST016403,2024-04-22,27889.98,36,0.0796,False,Withdrawn Early
DEP002660,CUST016404,2024-08-21,35756.01,6,0.0523,False,Matured
DEP002661,CUST016408,2023-08-04,1723.0,3,0.0372,True,Active
DEP002662,CUST016410,2020-09-01,42401.39,6,0.0783,False,Matured
DEP002663,CUST016425,2024-02-15,20489.86,12,0.0348,True,Matured
DEP002664,CUST016440,2024-04-10,37351.41,6,0.0518,False,Matured
DEP002665,CUST016442,2024-08-20,49050.1,6,0.0381,True,Matured
DEP002666,CUST016446,2024-11-10,1857.95,6,0.0685,False,Matured
DEP002667,CUST016457,2022-10-22,40075.25,3,0.0443,False,Matured
DEP002668,CUST016458,2024-08-25,20856.96,24,0.0778,True,Active
DEP002669,CUST016494,2023-02-06,26155.67,3,0.0588,False,Matured
DEP002670,CUST016495,2023-06-12,13895.54,24,0.076,False,Active
DEP002671,CUST016500,2024-09-06,6784.61,36,0.0512,False,Active
DEP002672,CUST016510,2024-12-26,6389.13,6,0.0548,False,Withdrawn Early
DEP002673,CUST016516,2024-12-14,2135.48,24,0.0509,True,Matured
DEP002674,CUST016517,2018-11-29,25066.36,12,0.0606,False,Active
DEP002675,CUST016519,2022-06-12,48887.08,3,0.0665,False,Active
DEP002676,CUST016524,2023-08-03,48262.37,24,0.0312,True,Active
DEP002677,CUST016527,2024-06-08,33818.22,3,0.0524,False,Active
DEP002678,CUST016528,2024-08-27,32319.26,12,0.0542,False,Active
DEP002679,CUST016531,2019-04-30,13326.61,36,0.0319,True,Active
DEP002680,CUST016543,2024-12-04,31801.68,24,0.0311,False,Active
DEP002681,CUST016546,2019-11-11,19048.65,6,0.0333,False,Matured
DEP002682,CUST016561,2023-07-07,29278.88,24,0.0546,True,Active
DEP002683,CUST016571,2024-01-15,38191.87,24,0.0585,True,Matured
DEP002684,CUST016588,2024-10-04,11708.91,36,0.0715,False,Matured
DEP002685,CUST016591,2020-02-29,34166.93,6,0.0376,False,Matured
DEP002686,CUST016592,2023-03-27,20214.77,6,0.0384,False,Matured
DEP002687,CUST016593,2020-05-18,4407.11,3,0.0443,False,Active
DEP002688,CUST016603,2024-05-02,28670.47,12,0.0682,True,Matured
DEP002689,CUST016609,2024-12-19,33965.41,12,0.0414,False,Active
DEP002690,CUST016622,2019-06-27,4083.51,12,0.0377,False,Matured
DEP002691,CUST016625,2020-03-03,24406.52,24,0.0761,False,Active
DEP002692,CUST016631,2024-01-15,44848.02,12,0.0715,False,Active
DEP002693,CUST016635,2022-10-07,1293.5,3,0.0693,True,Matured
DEP002694,CUST016644,2019-09-29,10102.99,36,0.0718,False,Active
DEP002695,CUST016656,2023-01-10,45679.32,6,0.0649,False,Matured
DEP002696,CUST016658,2024-01-02,8908.27,36,0.0422,False,Matured
DEP002697,CUST016670,2020-06-20,13583.09,12,0.0738,False,Active
DEP002698,CUST016673,2024-03-18,28729.77,3,0.0412,False,Matured
DEP002699,CUST016675,2020-07-30,30403.27,3,0.0332,True,Matured
DEP002700,CUST016688,2024-12-10,26942.42,12,0.0571,False,Matured
DEP002701,CUST016695,2019-09-05,49344.25,3,0.0419,False,Withdrawn Early
DEP002702,CUST016705,2024-11-01,730.6,12,0.0666,True,Matured
DEP002703,CUST016706,2023-01-26,26755.15,24,0.0433,False,Active
DEP002704,CUST016723,2024-09-01,18505.23,12,0.0743,True,Withdrawn Early
DEP002705,CUST016729,2024-09-13,2277.89,3,0.044,False,Active
DEP002706,CUST016731,2024-12-27,46317.92,6,0.0654,False,Matured
DEP002707,CUST016735,2024-07-31,42509.03,12,0.054,True,Matured
DEP002708,CUST016743,2018-12-08,37662.58,3,0.0348,True,Matured
DEP002709,CUST016752,2023-08-15,29846.64,36,0.0525,True,Matured
DEP002710,CUST016754,2023-03-12,4870.04,12,0.043,True,Matured
DEP002711,CUST016756,2023-02-24,31019.41,24,0.0785,True,Active
DEP002712,CUST016761,2022-12-05,1544.08,12,0.0411,True,Matured
DEP002713,CUST016770,2020-02-11,37957.4,12,0.0647,True,Active
DEP002714,CUST016778,2021-09-16,13011.09,12,0.0774,True,Active
DEP002715,CUST016786,2022-06-04,49130.28,36,0.0747,False,Matured
DEP002716,CUST016793,2023-12-19,28388.59,6,0.0783,True,Matured
DEP002717,CUST016794,2020-09-06,42368.06,12,0.0615,False,Active
DEP002718,CUST016796,2019-10-23,20830.35,12,0.0723,True,Active
DEP002719,CUST016808,2020-12-02,25711.46,12,0.0626,False,Active
DEP002720,CUST016810,2022-06-28,14114.76,24,0.0342,False,Active
DEP002721,CUST016811,2023-07-20,6188.63,12,0.0608,True,Matured
DEP002722,CUST016822,2023-10-22,10353.77,12,0.0576,False,Active
DEP002723,CUST016828,2022-12-03,46898.7,12,0.0575,True,Withdrawn Early
DEP002724,CUST016834,2024-02-23,2481.73,36,0.0735,False,Withdrawn Early
DEP002725,CUST016841,2023-08-12,18494.96,24,0.0543,False,Active
DEP002726,CUST016844,2018-06-27,48928.11,24,0.0406,True,Active
DEP002727,CUST016845,2024-12-08,23100.58,24,0.0386,True,Matured
DEP002728,CUST016846,2022-12-20,39521.71,12,0.0319,False,Matured
DEP002729,CUST016850,2023-04-04,42980.43,36,0.0726,True,Active
DEP002730,CUST016860,2024-04-20,23006.46,36,0.0796,True,Withdrawn Early
DEP002731,CUST016871,2024-12-03,11484.04,12,0.0783,True,Active
DEP002732,CUST016874,2023-08-02,44489.69,3,0.0779,True,Active
DEP002733,CUST016876,2023-09-15,40124.17,24,0.0683,False,Active
DEP002734,CUST016878,2024-10-27,45143.55,6,0.0782,False,Matured
DEP002735,CUST016880,2024-06-25,46827.54,24,0.0467,False,Matured
DEP002736,CUST016883,2019-08-23,48558.29,12,0.0386,False,Matured
DEP002737,CUST016892,2023-08-03,27465.55,3,0.0543,False,Matured
DEP002738,CUST016893,2020-06-03,14746.16,3,0.0403,False,Matured
DEP002739,CUST016897,2019-05-25,5864.71,6,0.0517,True,Active
DEP002740,CUST016910,2021-03-18,16803.53,24,0.0788,False,Active
DEP002741,CUST016921,2024-05-16,38113.52,24,0.0453,False,Matured
DEP002742,CUST016932,2019-05-12,3652.03,6,0.0349,False,Matured
DEP002743,CUST016940,2024-04-21,1477.55,12,0.0349,False,Matured
DEP002744,CUST016946,2023-10-13,35095.45,12,0.0565,False,Active
DEP002745,CUST016951,2024-07-31,33041.16,12,0.0797,False,Matured
DEP002746,CUST016954,2023-09-18,47254.39,3,0.032,False,Active
DEP002747,CUST016963,2024-03-11,31671.36,3,0.0507,False,Active
DEP002748,CUST016967,2018-12-25,21031.91,6,0.0628,False,Active
DEP002749,CUST016975,2023-04-27,41921.9,24,0.0349,True,Active
DEP002750,CUST016978,2024-11-23,4338.68,36,0.0723,True,Active
DEP002751,CUST016980,2022-03-06,5212.19,12,0.0359,False,Active
DEP002752,CUST016982,2022-09-13,26092.46,6,0.072,False,Active
DEP002753,CUST016988,2021-04-19,40502.94,36,0.0388,False,Active
DEP002754,CUST017005,2024-11-19,37922.0,24,0.0312,True,Active
DEP002755,CUST017009,2017-11-19,40133.66,3,0.0648,False,Active
DEP002756,CUST017013,2019-02-20,5339.08,12,0.0679,False,Active
DEP002757,CUST017019,2024-07-26,20331.17,24,0.0372,True,Matured
DEP002758,CUST017031,2018-04-23,38891.34,12,0.0417,False,Active
DEP002759,CUST017035,2024-11-15,36523.71,12,0.0559,True,Active
DEP002760,CUST017045,2022-04-17,20247.56,6,0.0634,True,Matured
DEP002761,CUST017052,2024-03-11,27443.41,36,0.0612,False,Active
DEP002762,CUST017057,2022-08-29,14623.68,12,0.0694,False,Active
DEP002763,CUST017058,2023-10-05,42224.68,36,0.058,False,Matured
DEP002764,CUST017073,2021-09-13,9148.45,12,0.032,False,Matured
DEP002765,CUST017076,2023-07-11,31666.85,24,0.0359,False,Active
DEP002766,CUST017087,2023-05-30,13347.7,6,0.0476,True,Active
DEP002767,CUST017088,2022-08-29,37032.14,12,0.0416,False,Active
DEP002768,CUST017099,2024-10-27,23440.48,12,0.0564,False,Matured
DEP002769,CUST017101,2024-06-10,31108.59,12,0.0799,False,Active
DEP002770,CUST017102,2024-02-03,27154.17,6,0.064,False,Active
DEP002771,CUST017114,2024-11-09,48088.89,12,0.0344,True,Matured
DEP002772,CUST017115,2023-07-30,39562.47,12,0.0505,True,Active
DEP002773,CUST017116,2024-04-14,20771.09,24,0.054,True,Active
DEP002774,CUST017145,2024-12-20,22557.98,6,0.0794,True,Matured
DEP002775,CUST017154,2024-12-08,28563.2,12,0.0646,False,Active
DEP002776,CUST017157,2019-05-02,32322.03,12,0.0439,False,Active
DEP002777,CUST017171,2024-07-06,4534.16,6,0.037,False,Active
DEP002778,CUST017181,2022-04-02,47268.45,12,0.0463,True,Active
DEP002779,CUST017183,2023-11-23,45617.51,6,0.0344,False,Matured
DEP002780,CUST017184,2016-07-06,19667.39,12,0.0537,False,Active
DEP002781,CUST017185,2024-10-29,41475.51,3,0.0761,True,Active
DEP002782,CUST017193,2023-09-04,49745.92,12,0.0616,False,Active
DEP002783,CUST017194,2022-07-01,20422.05,24,0.0607,True,Matured
DEP002784,CUST017197,2024-07-25,14740.17,12,0.065,False,Matured
DEP002785,CUST017199,2022-10-27,10263.59,12,0.0568,False,Active
DEP002786,CUST017203,2024-12-29,28805.8,24,0.0498,False,Active
DEP002787,CUST017211,2022-10-06,34320.83,24,0.0582,True,Active
DEP002788,CUST017217,2024-12-01,13729.57,12,0.074,False,Matured
DEP002789,CUST017219,2024-04-11,24553.11,24,0.0453,True,Matured
DEP002790,CUST017227,2023-06-04,47749.16,6,0.052,True,Matured
DEP002791,CUST017235,2018-04-28,14115.18,6,0.0567,False,Matured
DEP002792,CUST017240,2023-11-08,30001.42,3,0.0776,True,Active
DEP002793,CUST017242,2023-08-29,41218.69,3,0.0534,False,Withdrawn Early
DEP002794,CUST017244,2021-01-23,32213.89,12,0.0631,False,Active
DEP002795,CUST017250,2023-04-14,36045.56,6,0.0421,False,Withdrawn Early
DEP002796,CUST017254,2023-09-23,43799.16,12,0.0634,False,Matured
DEP002797,CUST017261,2024-06-03,3475.12,6,0.0348,False,Active
DEP002798,CUST017266,2022-06-10,9748.74,36,0.0668,True,Active
DEP002799,CUST017274,2021-08-29,26143.02,6,0.0622,True,Withdrawn Early
DEP002800,CUST017276,2021-11-02,36841.05,6,0.0578,False,Active
DEP002801,CUST017278,2017-12-02,38923.9,24,0.0636,True,Active
DEP002802,CUST017279,2019-07-10,37083.67,12,0.069,False,Matured
DEP002803,CUST017284,2020-10-24,26568.65,6,0.0762,False,Withdrawn Early
DEP002804,CUST017287,2024-05-23,45993.05,12,0.0383,False,Active
DEP002805,CUST017342,2022-02-19,37893.56,3,0.0559,False,Active
DEP002806,CUST017345,2024-10-09,9874.57,12,0.0538,False,Active
DEP002807,CUST017349,2024-12-21,28853.75,6,0.0429,True,Active
DEP002808,CUST017351,2024-12-14,13464.19,36,0.064,False,Active
DEP002809,CUST017353,2024-11-02,15272.05,6,0.0776,False,Active
DEP002810,CUST017361,2024-11-06,8632.45,36,0.0471,False,Matured
DEP002811,CUST017377,2024-12-30,49131.59,12,0.0361,False,Active
DEP002812,CUST017385,2024-11-25,40447.03,6,0.0432,True,Withdrawn Early
DEP002813,CUST017389,2023-01-10,6167.41,3,0.0721,False,Active
DEP002814,CUST017391,2024-06-05,27225.68,3,0.0468,False,Matured
DEP002815,CUST017394,2023-09-09,35046.09,6,0.0755,True,Active
DEP002816,CUST017395,2023-08-31,3107.4,6,0.0579,True,Withdrawn Early
DEP002817,CUST017402,2019-08-20,44607.74,12,0.048,True,Active
DEP002818,CUST017404,2024-12-30,40197.78,12,0.0673,False,Matured
DEP002819,CUST017409,2024-08-27,40854.15,24,0.0314,False,Active
DEP002820,CUST017411,2024-10-27,36849.59,3,0.0736,False,Active
DEP002821,CUST017433,2024-04-26,47445.61,24,0.0401,False,Matured
DEP002822,CUST017444,2023-11-10,26979.54,12,0.0732,True,Active
DEP002823,CUST017446,2021-01-25,41707.0,3,0.0783,False,Active
DEP002824,CUST017453,2023-08-11,5335.47,3,0.0517,False,Active
DEP002825,CUST017456,2024-10-25,11476.54,12,0.0483,True,Matured
DEP002826,CUST017457,2024-04-21,38078.52,36,0.0667,True,Withdrawn Early
DEP002827,CUST017465,2017-05-11,14476.94,6,0.0557,False,Active
DEP002828,CUST017469,2023-07-19,4036.92,36,0.0389,True,Matured
DEP002829,CUST017477,2022-02-12,43017.91,6,0.0686,True,Withdrawn Early
DEP002830,CUST017484,2024-05-12,3308.06,24,0.0635,False,Active
DEP002831,CUST017506,2021-06-06,42589.65,3,0.0395,True,Withdrawn Early
DEP002832,CUST017507,2018-11-19,20631.55,12,0.0351,False,Active
DEP002833,CUST017510,2023-01-20,3286.11,12,0.0528,True,Matured
DEP002834,CUST017522,2024-06-24,34159.67,12,0.0349,True,Active
DEP002835,CUST017537,2020-02-19,3760.54,3,0.0444,False,Matured
DEP002836,CUST017545,2018-02-17,41839.23,24,0.034,True,Active
DEP002837,CUST017549,2022-07-16,2695.91,6,0.0417,False,Active
DEP002838,CUST017555,2024-10-22,23005.54,6,0.0378,True,Active
DEP002839,CUST017559,2024-10-23,22485.5,36,0.0743,False,Active
DEP002840,CUST017572,2017-10-23,26879.41,24,0.0463,True,Matured
DEP002841,CUST017600,2017-11-30,18772.49,3,0.0752,False,Active
DEP002842,CUST017601,2024-11-08,40931.9,12,0.0392,True,Active
DEP002843,CUST017606,2024-02-14,20562.11,12,0.0303,True,Withdrawn Early
DEP002844,CUST017614,2023-09-16,22904.12,6,0.0503,False,Active
DEP002845,CUST017620,2024-01-27,6593.24,3,0.0693,True,Matured
DEP002846,CUST017621,2023-09-25,37116.83,6,0.0694,True,Active
DEP002847,CUST017630,2024-10-31,25917.45,6,0.0431,True,Active
DEP002848,CUST017640,2022-04-28,830.28,6,0.0707,False,Active
DEP002849,CUST017646,2023-07-11,18450.19,6,0.0575,True,Active
DEP002850,CUST017653,2024-02-22,2983.47,12,0.0715,False,Active
DEP002851,CUST017656,2023-08-15,45910.96,6,0.0364,True,Active
DEP002852,CUST017662,2022-08-31,29213.02,36,0.0792,False,Active
DEP002853,CUST017665,2021-06-18,13389.36,3,0.0547,True,Matured
DEP002854,CUST017671,2024-09-10,18035.86,24,0.0651,True,Active
DEP002855,CUST017673,2024-10-27,40021.19,12,0.0464,False,Active
DEP002856,CUST017676,2024-05-30,18208.79,6,0.0562,True,Active
DEP002857,CUST017688,2024-06-24,25793.25,6,0.0343,False,Matured
DEP002858,CUST017689,2019-01-16,39808.6,12,0.0571,True,Matured
DEP002859,CUST017692,2022-08-07,44024.2,6,0.0718,True,Active
DEP002860,CUST017696,2022-06-20,2298.95,24,0.0673,False,Withdrawn Early
DEP002861,CUST017707,2023-10-24,17587.94,6,0.0339,True,Matured
DEP002862,CUST017710,2024-05-18,24630.9,6,0.075,False,Matured
DEP002863,CUST017712,2024-09-16,22647.5,24,0.0483,False,Active
DEP002864,CUST017717,2022-08-28,13832.09,12,0.0764,False,Withdrawn Early
DEP002865,CUST017718,2021-10-25,7273.11,12,0.0589,True,Active
DEP002866,CUST017731,2024-12-19,34351.59,6,0.076,False,Active
DEP002867,CUST017752,2023-10-03,1989.4,6,0.046,True,Active
DEP002868,CUST017754,2020-06-23,22125.8,6,0.0671,False,Matured
DEP002869,CUST017755,2024-12-11,27283.55,12,0.061,False,Active
DEP002870,CUST017756,2021-08-24,2577.59,3,0.0556,True,Matured
DEP002871,CUST017761,2023-11-05,8777.55,12,0.0603,False,Matured
DEP002872,CUST017764,2023-07-08,35077.11,3,0.0338,False,Matured
DEP002873,CUST017775,2023-12-22,10509.29,24,0.0706,False,Withdrawn Early
DEP002874,CUST017793,2021-06-19,49827.52,3,0.0683,True,Active
DEP002875,CUST017806,2024-01-11,10969.53,36,0.0668,False,Matured
DEP002876,CUST017813,2022-11-19,9825.24,12,0.0616,False,Matured
DEP002877,CUST017814,2022-08-21,14233.24,6,0.0419,False,Active
DEP002878,CUST017832,2024-10-03,22359.86,12,0.0698,True,Active
DEP002879,CUST017833,2024-09-03,18736.3,6,0.0365,True,Active
DEP002880,CUST017838,2023-11-01,42374.96,12,0.0605,False,Matured
DEP002881,CUST017846,2021-08-02,16880.53,24,0.0756,False,Active
DEP002882,CUST017859,2023-03-25,8986.15,3,0.0563,False,Active
DEP002883,CUST017868,2021-11-14,14386.08,12,0.0412,False,Active
DEP002884,CUST017878,2022-08-15,42332.72,12,0.0312,False,Active
DEP002885,CUST017888,2020-11-09,32084.64,12,0.0336,False,Matured
DEP002886,CUST017917,2023-10-03,10134.02,6,0.0504,True,Active
DEP002887,CUST017922,2022-07-25,5258.58,12,0.0683,True,Matured
DEP002888,CUST017924,2018-12-21,559.73,6,0.0312,False,Withdrawn Early
DEP002889,CUST017927,2024-09-18,18443.53,12,0.0421,False,Active
DEP002890,CUST017930,2020-03-30,28664.15,36,0.062,False,Matured
DEP002891,CUST017931,2020-04-26,41040.56,12,0.0403,False,Active
DEP002892,CUST017945,2024-10-30,35793.28,24,0.0406,False,Active
DEP002893,CUST017959,2023-05-05,10362.43,6,0.0769,True,Active
DEP002894,CUST017962,2021-06-30,44602.38,3,0.0652,True,Matured
DEP002895,CUST017976,2023-01-15,35569.17,24,0.0645,False,Active
DEP002896,CUST017979,2024-04-24,8466.07,12,0.0481,False,Active
DEP002897,CUST017993,2023-06-09,34201.41,24,0.0709,False,Matured
DEP002898,CUST017995,2024-12-07,21740.79,3,0.0671,True,Active
DEP002899,CUST018002,2020-08-30,26051.3,24,0.0707,False,Matured
DEP002900,CUST018003,2024-03-22,6219.97,6,0.0721,False,Active
DEP002901,CUST018023,2019-12-21,32381.15,3,0.0354,True,Withdrawn Early
DEP002902,CUST018039,2024-02-21,1272.55,12,0.0404,False,Matured
DEP002903,CUST018049,2023-11-15,7672.28,3,0.0364,False,Active
DEP002904,CUST018050,2020-10-23,37930.35,24,0.0684,False,Active
DEP002905,CUST018051,2019-02-04,16814.34,3,0.0702,False,Withdrawn Early
DEP002906,CUST018055,2024-09-01,47404.86,6,0.0502,False,Matured
DEP002907,CUST018056,2024-06-24,14202.84,12,0.0744,False,Matured
DEP002908,CUST018066,2024-06-06,5197.29,12,0.0649,True,Active
DEP002909,CUST018073,2024-04-20,48446.1,6,0.0679,True,Active
DEP002910,CUST018074,2021-09-17,36568.96,12,0.067,False,Active
DEP002911,CUST018076,2024-07-02,39564.19,12,0.0325,False,Active
DEP002912,CUST018077,2024-04-25,29082.04,12,0.0398,False,Active
DEP002913,CUST018078,2023-03-30,38852.66,12,0.0734,True,Active
DEP002914,CUST018081,2020-05-29,5774.81,3,0.0359,True,Matured
DEP002915,CUST018082,2024-06-09,20224.99,12,0.0484,False,Withdrawn Early
DEP002916,CUST018098,2024-12-28,15935.72,6,0.055,False,Matured
DEP002917,CUST018106,2019-03-19,44868.47,24,0.071,False,Active
DEP002918,CUST018114,2021-04-06,26903.83,12,0.0396,True,Active
DEP002919,CUST018117,2022-04-13,20320.69,12,0.0539,False,Active
DEP002920,CUST018118,2017-03-06,11886.36,24,0.0372,True,Matured
DEP002921,CUST018120,2022-01-04,9006.35,36,0.0743,False,Active
DEP002922,CUST018121,2024-12-27,29857.47,24,0.0599,False,Matured
DEP002923,CUST018130,2024-04-19,11918.97,3,0.0447,True,Matured
DEP002924,CUST018140,2024-12-04,10754.38,24,0.0766,False,Active
DEP002925,CUST018141,2020-02-18,47918.51,6,0.0483,True,Active
DEP002926,CUST018148,2023-07-24,2458.5,12,0.0555,True,Active
DEP002927,CUST018154,2022-04-02,43839.17,12,0.0483,False,Active
DEP002928,CUST018163,2021-09-22,40273.13,6,0.0481,False,Active
DEP002929,CUST018167,2024-09-12,23265.19,12,0.0656,False,Matured
DEP002930,CUST018180,2024-11-18,19304.74,6,0.0715,True,Active
DEP002931,CUST018184,2022-04-18,36522.24,24,0.0503,False,Active
DEP002932,CUST018186,2023-10-07,47856.14,3,0.0487,True,Active
DEP002933,CUST018189,2024-09-09,35508.98,24,0.0588,True,Matured
DEP002934,CUST018201,2024-03-01,34245.17,3,0.0546,False,Withdrawn Early
DEP002935,CUST018224,2020-12-16,2022.63,12,0.0342,False,Active
DEP002936,CUST018228,2024-01-01,8380.94,12,0.0306,False,Active
DEP002937,CUST018232,2021-11-16,23433.7,3,0.0734,False,Matured
DEP002938,CUST018250,2024-12-12,14737.06,24,0.0735,True,Active
DEP002939,CUST018261,2023-08-24,2503.26,12,0.0395,False,Matured
DEP002940,CUST018262,2019-08-07,16792.12,24,0.0311,False,Active
DEP002941,CUST018268,2022-11-03,44856.64,12,0.0378,False,Matured
DEP002942,CUST018278,2024-01-08,18731.98,3,0.0593,True,Matured
DEP002943,CUST018283,2024-06-05,27820.62,36,0.041,False,Active
DEP002944,CUST018290,2021-02-16,6978.4,12,0.0593,False,Withdrawn Early
DEP002945,CUST018292,2022-10-28,13443.88,6,0.0495,True,Active
DEP002946,CUST018293,2017-10-24,2982.25,6,0.0565,False,Active
DEP002947,CUST018303,2021-08-02,24901.48,12,0.0315,False,Active
DEP002948,CUST018310,2022-12-21,30045.1,6,0.054,True,Active
DEP002949,CUST018320,2023-04-21,29701.98,12,0.035,True,Active
DEP002950,CUST018331,2024-06-07,30833.84,12,0.0685,False,Withdrawn Early
DEP002951,CUST018332,2023-08-16,9517.53,12,0.0523,False,Matured
DEP002952,CUST018333,2020-09-12,12818.13,24,0.0362,True,Matured
DEP002953,CUST018341,2017-10-14,46655.15,12,0.0749,False,Active
DEP002954,CUST018342,2024-11-08,43749.28,3,0.071,False,Active
DEP002955,CUST018346,2019-11-10,32007.83,6,0.0638,True,Withdrawn Early
DEP002956,CUST018365,2023-07-20,42470.64,12,0.0716,False,Withdrawn Early
DEP002957,CUST018379,2020-03-19,36726.47,6,0.0657,False,Withdrawn Early
DEP002958,CUST018383,2024-09-06,44042.83,12,0.076,False,Active
DEP002959,CUST018388,2017-04-16,21675.89,6,0.0601,False,Active
DEP002960,CUST018403,2024-11-21,18193.27,3,0.0577,True,Active
DEP002961,CUST018414,2020-11-09,30260.12,12,0.0739,False,Active
DEP002962,CUST018430,2024-05-03,9477.3,12,0.0764,False,Active
DEP002963,CUST018455,2021-05-22,43391.87,6,0.047,True,Matured
DEP002964,CUST018463,2021-03-24,30287.82,3,0.0463,False,Matured
DEP002965,CUST018469,2019-03-31,39886.62,6,0.0765,True,Active
DEP002966,CUST018486,2021-02-18,23780.92,12,0.041,False,Active
DEP002967,CUST018488,2024-12-05,29086.29,36,0.0733,False,Active
DEP002968,CUST018502,2024-05-03,12059.58,12,0.0704,True,Matured
DEP002969,CUST018503,2019-03-29,1604.14,6,0.0319,True,Withdrawn Early
DEP002970,CUST018510,2024-11-08,17568.87,12,0.0754,True,Active
DEP002971,CUST018535,2024-11-11,11304.35,12,0.0603,False,Active
DEP002972,CUST018541,2024-10-05,20386.17,12,0.0303,False,Matured
DEP002973,CUST018542,2023-03-11,49999.99,12,0.0341,False,Active
DEP002974,CUST018543,2022-07-09,47635.48,6,0.073,False,Matured
DEP002975,CUST018553,2018-02-19,23470.16,6,0.0673,False,Active
DEP002976,CUST018568,2024-05-12,46337.09,6,0.0429,False,Withdrawn Early
DEP002977,CUST018575,2024-09-04,6585.67,24,0.0739,False,Active
DEP002978,CUST018586,2022-03-09,37224.33,12,0.077,False,Matured
DEP002979,CUST018604,2024-07-17,18526.07,12,0.0435,False,Matured
DEP002980,CUST018609,2022-10-19,47452.35,12,0.0421,False,Matured
DEP002981,CUST018610,2024-10-31,38287.43,12,0.0305,True,Matured
DEP002982,CUST018615,2022-02-21,8381.08,12,0.0568,True,Withdrawn Early
DEP002983,CUST018623,2021-02-09,36103.19,3,0.0422,True,Active
DEP002984,CUST018636,2021-01-23,20876.86,6,0.0404,False,Matured
DEP002985,CUST018642,2023-11-01,14345.55,6,0.0607,False,Active
DEP002986,CUST018646,2023-06-02,28943.42,36,0.0677,True,Matured
DEP002987,CUST018651,2021-12-10,42772.55,6,0.043,True,Active
DEP002988,CUST018652,2023-07-20,12442.67,6,0.0525,True,Matured
DEP002989,CUST018655,2023-03-19,25622.79,6,0.0775,True,Active
DEP002990,CUST018656,2021-03-03,35520.87,36,0.0755,True,Active
DEP002991,CUST018663,2021-02-04,31976.21,12,0.0416,True,Active
DEP002992,CUST018665,2022-11-23,25087.67,12,0.0324,False,Matured
DEP002993,CUST018676,2018-08-25,28152.12,12,0.0414,True,Active
DEP002994,CUST018680,2024-12-09,31521.4,6,0.062,True,Withdrawn Early
DEP002995,CUST018690,2017-10-08,26838.49,3,0.0362,False,Active
DEP002996,CUST018706,2017-11-04,23845.77,24,0.0743,False,Matured
DEP002997,CUST018710,2024-11-08,18614.62,12,0.0776,False,Matured
DEP002998,CUST018713,2023-08-31,15722.89,6,0.0589,False,Active
DEP002999,CUST018714,2020-11-08,15694.91,6,0.0716,True,Withdrawn Early
DEP003000,CUST018717,2024-07-29,32177.53,12,0.0536,False,Active
DEP003001,CUST018725,2022-06-10,1326.16,24,0.0497,False,Active
DEP003002,CUST018726,2021-04-28,28813.67,12,0.0528,False,Active
DEP003003,CUST018730,2024-08-24,26029.42,12,0.069,True,Matured
DEP003004,CUST018742,2021-08-28,24060.38,36,0.0526,True,Active
DEP003005,CUST018744,2024-01-25,48676.03,6,0.0643,False,Active
DEP003006,CUST018750,2022-10-20,42667.5,12,0.0404,False,Active
DEP003007,CUST018751,2024-01-23,41552.97,3,0.0556,False,Matured
DEP003008,CUST018754,2024-08-27,21886.16,3,0.048,False,Active
DEP003009,CUST018755,2022-12-29,9309.3,24,0.0651,False,Withdrawn Early
DEP003010,CUST018759,2021-01-28,48617.85,36,0.0498,True,Active
DEP003011,CUST018760,2017-12-03,25066.62,3,0.0641,False,Active
DEP003012,CUST018779,2019-07-23,12986.61,6,0.0774,False,Active
DEP003013,CUST018785,2023-12-03,2393.31,24,0.0631,True,Matured
DEP003014,CUST018786,2024-08-29,29929.0,24,0.0683,False,Matured
DEP003015,CUST018787,2019-11-24,42576.79,12,0.0404,False,Matured
DEP003016,CUST018815,2024-06-08,41809.49,24,0.073,False,Active
DEP003017,CUST018822,2024-12-24,13181.36,12,0.0657,True,Withdrawn Early
DEP003018,CUST018823,2021-02-13,48746.37,6,0.0699,True,Active
DEP003019,CUST018830,2023-10-28,16857.35,6,0.04,False,Matured
DEP003020,CUST018831,2023-11-08,2090.14,3,0.0573,False,Active
DEP003021,CUST018833,2020-11-15,44891.81,12,0.0797,False,Active
DEP003022,CUST018835,2022-10-25,49310.0,6,0.0398,True,Matured
DEP003023,CUST018836,2024-11-25,14867.41,36,0.0595,False,Matured
DEP003024,CUST018841,2023-01-27,32897.09,24,0.0419,False,Active
DEP003025,CUST018843,2022-09-28,15923.48,3,0.0357,False,Matured
DEP003026,CUST018849,2023-05-30,26695.09,12,0.0584,False,Active
DEP003027,CUST018850,2020-09-17,19424.33,6,0.0598,False,Active
DEP003028,CUST018852,2022-05-09,46592.92,36,0.0518,True,Matured
DEP003029,CUST018859,2021-08-04,10595.78,36,0.0494,False,Active
DEP003030,CUST018868,2017-03-05,28203.93,6,0.0426,True,Withdrawn Early
DEP003031,CUST018874,2024-02-23,19039.3,36,0.0503,False,Matured
DEP003032,CUST018880,2024-04-13,18271.85,36,0.0762,False,Active
DEP003033,CUST018883,2024-11-05,47996.73,36,0.0507,False,Matured
DEP003034,CUST018892,2024-07-28,10657.19,3,0.0433,False,Active
DEP003035,CUST018901,2024-09-28,20333.15,6,0.0352,False,Matured
DEP003036,CUST018911,2022-12-24,9805.39,6,0.0669,True,Active
DEP003037,CUST018917,2019-01-26,22151.36,36,0.0391,True,Active
DEP003038,CUST018924,2023-09-07,9083.38,24,0.0672,False,Active
DEP003039,CUST018926,2022-08-22,18496.9,12,0.0637,False,Withdrawn Early
DEP003040,CUST018927,2022-05-11,14150.66,24,0.0378,False,Active
DEP003041,CUST018937,2022-01-30,38859.64,12,0.0782,False,Matured
DEP003042,CUST018938,2024-02-23,22754.41,24,0.0493,True,Active
DEP003043,CUST018939,2020-07-31,12873.04,24,0.0321,False,Matured
DEP003044,CUST018942,2024-02-18,21287.53,3,0.0654,False,Active
DEP003045,CUST018949,2019-03-08,26467.46,24,0.0434,False,Withdrawn Early
DEP003046,CUST018952,2022-01-17,4741.64,36,0.0717,True,Matured
DEP003047,CUST018953,2024-11-24,40169.72,6,0.0466,False,Matured
DEP003048,CUST018955,2024-12-27,43041.0,6,0.0461,False,Active
DEP003049,CUST018957,2020-07-25,16186.54,6,0.071,False,Active
DEP003050,CUST018974,2018-09-01,5392.89,6,0.0568,False,Active
DEP003051,CUST018985,2021-04-05,33287.54,12,0.0637,False,Matured
DEP003052,CUST018986,2024-04-10,8937.19,12,0.0624,True,Matured
DEP003053,CUST019008,2022-07-05,40883.2,3,0.0495,False,Matured
DEP003054,CUST019010,2021-07-13,7373.95,12,0.049,False,Matured
DEP003055,CUST019012,2024-12-28,45215.56,36,0.0604,True,Active
DEP003056,CUST019016,2024-06-25,44814.09,12,0.0538,False,Matured
DEP003057,CUST019018,2021-02-08,17809.88,6,0.0733,True,Active
DEP003058,CUST019023,2021-06-29,36506.43,12,0.0786,True,Active
DEP003059,CUST019026,2022-02-12,41641.01,24,0.0463,True,Withdrawn Early
DEP003060,CUST019034,2021-12-12,24830.76,24,0.0614,False,Active
DEP003061,CUST019036,2022-05-07,30320.66,12,0.0616,True,Active
DEP003062,CUST019050,2024-06-30,16977.09,3,0.0584,True,Active
DEP003063,CUST019066,2024-12-28,29170.05,36,0.0508,True,Active
DEP003064,CUST019074,2022-03-13,32861.79,6,0.0584,False,Active
DEP003065,CUST019087,2019-05-02,48949.92,6,0.0347,False,Active
DEP003066,CUST019101,2023-01-14,20289.79,12,0.0706,True,Matured
DEP003067,CUST019103,2017-12-31,2461.6,24,0.0744,False,Matured
DEP003068,CUST019129,2024-03-05,42576.55,6,0.0335,False,Matured
DEP003069,CUST019133,2016-12-28,32621.52,12,0.0744,False,Active
DEP003070,CUST019134,2024-04-01,28724.57,12,0.0382,False,Active
DEP003071,CUST019139,2022-08-03,1072.8,12,0.0559,False,Active
DEP003072,CUST019142,2022-08-14,14993.81,6,0.0708,False,Active
DEP003073,CUST019145,2022-04-07,21227.1,36,0.0719,True,Active
DEP003074,CUST019147,2017-11-02,5236.67,6,0.0506,False,Active
DEP003075,CUST019148,2024-04-20,12968.56,12,0.0704,False,Matured
DEP003076,CUST019151,2024-09-03,22709.31,12,0.0725,False,Matured
DEP003077,CUST019156,2020-04-20,1028.75,12,0.0325,True,Active
DEP003078,CUST019169,2018-04-26,43711.9,3,0.0611,True,Active
DEP003079,CUST019185,2021-10-17,22110.08,3,0.0624,True,Matured
DEP003080,CUST019196,2024-01-24,20605.88,24,0.058,True,Matured
DEP003081,CUST019199,2022-07-11,35395.88,36,0.0394,False,Active
DEP003082,CUST019200,2024-02-24,10368.66,3,0.0639,True,Withdrawn Early
DEP003083,CUST019206,2024-11-16,29790.45,6,0.0581,False,Active
DEP003084,CUST019216,2024-02-21,32782.65,12,0.073,False,Matured
DEP003085,CUST019219,2024-08-07,33289.1,6,0.0469,True,Active
DEP003086,CUST019222,2023-10-25,35517.48,3,0.0404,False,Active
DEP003087,CUST019223,2024-05-20,5847.97,12,0.0474,True,Active
DEP003088,CUST019230,2024-04-23,21577.73,12,0.0755,False,Active
DEP003089,CUST019231,2024-10-17,27998.15,3,0.0357,False,Matured
DEP003090,CUST019238,2021-12-12,21086.97,3,0.0343,False,Matured
DEP003091,CUST019242,2019-07-15,10058.36,3,0.066,False,Matured
DEP003092,CUST019245,2021-04-30,3684.09,12,0.0683,False,Matured
DEP003093,CUST019246,2021-12-25,47630.24,12,0.056,False,Matured
DEP003094,CUST019248,2024-12-12,10035.77,12,0.0746,False,Matured
DEP003095,CUST019256,2019-10-18,15837.18,36,0.0344,False,Matured
DEP003096,CUST019267,2019-11-13,16091.34,6,0.0782,False,Active
DEP003097,CUST019270,2022-05-11,12161.17,3,0.0386,True,Withdrawn Early
DEP003098,CUST019272,2024-02-21,37099.1,12,0.0384,True,Matured
DEP003099,CUST019278,2022-07-31,17125.99,12,0.0498,False,Matured
DEP003100,CUST019281,2019-12-10,47850.95,12,0.0664,True,Matured
DEP003101,CUST019282,2022-05-26,19424.7,12,0.058,False,Matured
DEP003102,CUST019283,2023-04-26,44737.75,12,0.0451,False,Active
DEP003103,CUST019288,2017-08-31,48645.36,12,0.0366,False,Matured
DEP003104,CUST019292,2024-06-17,30132.15,12,0.0793,True,Active
DEP003105,CUST019293,2024-09-11,5569.86,3,0.0616,False,Matured
DEP003106,CUST019298,2024-07-18,23866.03,24,0.0447,True,Active
DEP003107,CUST019300,2023-10-06,10887.44,3,0.0418,True,Active
DEP003108,CUST019301,2023-08-29,14311.22,3,0.0419,True,Matured
DEP003109,CUST019305,2017-11-26,38959.47,12,0.0775,False,Active
DEP003110,CUST019311,2019-10-18,43508.06,6,0.0319,True,Matured
DEP003111,CUST019315,2023-09-23,8776.31,3,0.0327,False,Matured
DEP003112,CUST019316,2024-04-14,30896.03,24,0.0749,False,Withdrawn Early
DEP003113,CUST019333,2023-12-25,31111.57,24,0.076,True,Matured
DEP003114,CUST019347,2024-12-26,14947.06,36,0.0383,False,Active
DEP003115,CUST019349,2024-01-30,12812.21,24,0.0765,False,Active
DEP003116,CUST019351,2024-05-12,48158.63,6,0.0443,False,Active
DEP003117,CUST019358,2024-11-17,12446.8,3,0.046,False,Active
DEP003118,CUST019366,2023-05-10,36316.33,3,0.0555,False,Active
DEP003119,CUST019367,2024-01-29,22056.06,24,0.0646,False,Active
DEP003120,CUST019370,2024-06-26,10507.52,3,0.0695,False,Matured
DEP003121,CUST019373,2018-07-18,39279.14,12,0.0312,True,Active
DEP003122,CUST019376,2022-11-10,3209.13,24,0.0563,False,Active
DEP003123,CUST019379,2020-08-20,37520.42,6,0.0689,False,Matured
DEP003124,CUST019380,2024-07-25,48092.97,36,0.0711,False,Active
DEP003125,CUST019382,2024-10-09,12594.97,24,0.063,False,Withdrawn Early
DEP003126,CUST019383,2024-09-08,42949.62,6,0.0368,False,Active
DEP003127,CUST019387,2023-03-01,9819.4,6,0.0571,True,Active
DEP003128,CUST019399,2024-10-12,28775.94,12,0.0618,True,Active
DEP003129,CUST019403,2020-10-18,28764.16,12,0.0335,False,Active
DEP003130,CUST019413,2024-11-08,8628.66,12,0.0739,False,Active
DEP003131,CUST019416,2021-10-18,15219.1,6,0.0588,False,Active
DEP003132,CUST019427,2023-10-21,2415.81,12,0.0336,False,Withdrawn Early
DEP003133,CUST019430,2021-10-24,19852.95,12,0.0669,True,Matured
DEP003134,CUST019445,2024-06-25,33556.8,6,0.0496,True,Active
DEP003135,CUST019458,2023-07-18,4747.3,3,0.041,False,Active
DEP003136,CUST019469,2023-06-08,26188.64,12,0.0486,False,Matured
DEP003137,CUST019474,2022-03-06,20017.23,6,0.0469,False,Active
DEP003138,CUST019481,2024-01-29,19520.26,6,0.0528,False,Active
DEP003139,CUST019483,2022-05-30,15362.59,24,0.0638,False,Active
DEP003140,CUST019485,2022-03-29,20299.91,24,0.0597,True,Withdrawn Early
DEP003141,CUST019491,2023-04-01,17494.21,12,0.0657,True,Matured
DEP003142,CUST019492,2023-10-27,23231.34,3,0.0785,False,Active
DEP003143,CUST019497,2024-12-20,45017.37,24,0.0759,False,Active
DEP003144,CUST019502,2023-08-21,14398.69,36,0.0391,True,Matured
DEP003145,CUST019510,2020-04-23,19602.35,12,0.0639,False,Matured
DEP003146,CUST019515,2024-06-29,2558.68,12,0.0485,True,Matured
DEP003147,CUST019517,2022-07-07,3744.54,12,0.0314,False,Withdrawn Early
DEP003148,CUST019525,2024-11-30,28473.07,36,0.0737,False,Active
DEP003149,CUST019530,2022-05-24,20648.91,12,0.0695,False,Active
DEP003150,CUST019536,2022-12-16,30613.56,12,0.0535,False,Matured
DEP003151,CUST019542,2020-05-17,16322.11,3,0.0521,False,Active
DEP003152,CUST019550,2021-10-09,29908.08,6,0.075,False,Active
DEP003153,CUST019551,2024-12-28,22076.09,6,0.0339,False,Active
DEP003154,CUST019554,2024-01-13,41157.56,12,0.0652,False,Matured
DEP003155,CUST019571,2024-07-03,26902.1,12,0.03,False,Active
DEP003156,CUST019573,2020-04-16,12504.66,3,0.0419,False,Matured
DEP003157,CUST019575,2021-03-08,21081.08,12,0.0487,True,Matured
DEP003158,CUST019585,2021-11-11,39508.46,24,0.0489,False,Matured
DEP003159,CUST019598,2022-01-24,22984.72,12,0.0534,True,Active
DEP003160,CUST019599,2021-07-20,21054.43,12,0.0697,True,Active
DEP003161,CUST019606,2024-05-09,44897.04,3,0.0696,False,Matured
DEP003162,CUST019607,2020-03-15,28482.02,6,0.0547,False,Active
DEP003163,CUST019610,2019-04-06,15050.52,24,0.0667,False,Withdrawn Early
DEP003164,CUST019616,2022-10-17,47953.12,6,0.0598,False,Active
DEP003165,CUST019622,2024-08-14,15277.24,12,0.0517,True,Matured
DEP003166,CUST019626,2022-08-04,595.96,6,0.053,True,Withdrawn Early
DEP003167,CUST019628,2020-11-01,40161.83,24,0.0718,True,Active
DEP003168,CUST019632,2019-05-04,39260.5,6,0.0356,False,Active
DEP003169,CUST019641,2024-08-02,48700.33,3,0.0306,False,Active
DEP003170,CUST019646,2020-05-04,12538.61,6,0.0628,False,Active
DEP003171,CUST019656,2023-05-19,1161.73,36,0.0457,True,Active
DEP003172,CUST019662,2018-08-31,26722.79,12,0.0555,False,Active
DEP003173,CUST019670,2022-12-08,8356.12,12,0.0503,True,Matured
DEP003174,CUST019672,2019-01-30,12574.19,12,0.0794,True,Active
DEP003175,CUST019678,2021-06-24,33593.88,24,0.0789,False,Matured
DEP003176,CUST019688,2018-09-24,37468.33,3,0.0445,True,Matured
DEP003177,CUST019692,2016-09-23,38981.67,6,0.0443,True,Matured
DEP003178,CUST019694,2021-01-04,13977.82,3,0.0495,False,Withdrawn Early
DEP003179,CUST019717,2024-03-31,49215.84,36,0.0513,False,Active
DEP003180,CUST019722,2023-09-21,15839.63,24,0.0798,True,Active
DEP003181,CUST019734,2024-06-13,23389.91,12,0.0313,True,Active
DEP003182,CUST019747,2024-04-25,41574.19,6,0.0706,True,Matured
DEP003183,CUST019749,2022-02-20,8254.62,6,0.0369,False,Matured
DEP003184,CUST019753,2024-06-21,3278.04,3,0.0365,True,Matured
DEP003185,CUST019754,2023-06-11,19081.1,3,0.0456,False,Active
DEP003186,CUST019756,2024-02-03,19453.8,12,0.0319,False,Matured
DEP003187,CUST019762,2022-10-21,8986.79,3,0.0553,False,Withdrawn Early
DEP003188,CUST019765,2023-03-10,42126.83,36,0.0685,False,Active
DEP003189,CUST019768,2024-08-04,27488.58,6,0.0692,True,Active
DEP003190,CUST019782,2021-11-14,31694.13,12,0.0325,False,Active
DEP003191,CUST019785,2024-08-16,15246.42,12,0.0552,False,Active
DEP003192,CUST019787,2024-11-30,9280.52,12,0.0718,False,Active
DEP003193,CUST019792,2022-07-05,10204.09,24,0.0782,True,Matured
DEP003194,CUST019793,2018-11-08,3711.38,3,0.0531,True,Active
DEP003195,CUST019801,2024-02-15,10379.0,12,0.0481,False,Active
DEP003196,CUST019806,2020-09-05,35861.38,12,0.0777,False,Active
DEP003197,CUST019812,2024-08-31,15343.26,24,0.0355,True,Matured
DEP003198,CUST019819,2022-01-14,12654.12,24,0.0697,True,Active
DEP003199,CUST019821,2024-06-28,44146.87,6,0.0642,True,Matured
DEP003200,CUST019824,2023-12-20,36484.68,6,0.0612,True,Active
DEP003201,CUST019826,2023-06-27,28381.51,3,0.0795,True,Active
DEP003202,CUST019828,2019-11-28,33995.63,3,0.0411,True,Active
DEP003203,CUST019830,2024-12-26,46882.54,12,0.0601,False,Active
DEP003204,CUST019855,2024-07-15,48464.18,6,0.0692,False,Active
DEP003205,CUST019856,2024-02-11,49423.95,6,0.0406,False,Active
DEP003206,CUST019872,2024-02-18,46286.2,12,0.0366,True,Active
DEP003207,CUST019873,2024-02-29,20266.26,6,0.0728,False,Withdrawn Early
DEP003208,CUST019881,2023-07-04,2034.89,6,0.0508,False,Matured
DEP003209,CUST019889,2020-07-17,29662.23,6,0.0468,False,Withdrawn Early
DEP003210,CUST019892,2019-01-02,48648.24,24,0.0743,False,Active
DEP003211,CUST019899,2023-07-11,13346.34,3,0.0599,True,Matured
DEP003212,CUST019900,2022-10-07,38809.05,12,0.0722,False,Active
DEP003213,CUST019904,2020-08-02,13653.32,12,0.0693,True,Matured
DEP003214,CUST019907,2023-01-02,36562.34,6,0.0317,False,Matured
DEP003215,CUST019910,2024-12-22,33887.28,36,0.0479,False,Matured
DEP003216,CUST019912,2023-12-13,25246.67,36,0.0681,True,Matured
DEP003217,CUST019915,2022-01-28,3988.07,12,0.0372,True,Matured
DEP003218,CUST019920,2023-04-22,21741.03,12,0.0486,False,Active
DEP003219,CUST019928,2024-12-09,45592.86,36,0.0515,True,Matured
DEP003220,CUST019930,2024-07-28,26495.54,12,0.0511,False,Withdrawn Early
DEP003221,CUST019932,2024-07-07,34590.23,6,0.0749,False,Active
DEP003222,CUST019950,2023-07-09,2129.88,3,0.0796,False,Active
DEP003223,CUST019951,2024-01-11,4488.01,3,0.0704,False,Active
DEP003224,CUST019962,2020-04-18,12543.96,24,0.0677,False,Matured
DEP003225,CUST019963,2018-06-19,9982.44,36,0.0688,True,Matured
DEP003226,CUST019965,2024-05-01,23715.17,6,0.0465,False,Active
DEP003227,CUST019967,2024-10-15,29066.43,12,0.0332,True,Active
DEP003228,CUST019968,2020-09-13,40763.06,3,0.0775,False,Active
DEP003229,CUST019972,2023-03-07,42707.04,3,0.0401,True,Active
DEP003230,CUST019974,2024-10-07,28505.44,12,0.0706,False,Active
DEP003231,CUST019975,2021-12-17,21984.59,6,0.04,True,Active
DEP003232,CUST019976,2024-12-02,38520.92,36,0.0485,False,Withdrawn Early
DEP003233,CUST019989,2023-09-19,24846.04,3,0.0432,False,Active
DEP003234,CUST019995,2024-11-09,35795.14,6,0.0492,False,Matured
DEP003235,CUST019999,2024-04-04,1128.96,12,0.0319,True,Active
