fraud_id,customer_id,event_date,fraud_category,channel,amount_at_risk,loss_amount,detected_flag,false_positive_flag,region
FRD00001,CUST009757,2024-08-21,Suspicious Transfer,Mobile App,155.54,5.26,True,False,Region-02
FRD00002,CUST013532,2023-11-24,Suspicious Transfer,Mobile App,690.8,224.38,True,False,Region-06
FRD00003,CUST002312,2023-06-28,Suspicious Transfer,Branch,630.02,116.64,True,False,Region-12
FRD00004,CUST008077,2023-12-21,Identity-related Anomaly,Online Banking,674.84,253.9,True,False,Region-09
FRD00005,CUST014675,2023-03-14,Account Takeover,Online Banking,267.51,45.19,True,False,Region-07
FRD00006,CUST008962,2024-09-02,Suspicious Transfer,Branch,393.43,153.11,True,False,Region-04
FRD00007,CUST011286,2024-03-14,Identity-related Anomaly,Card Network,444.37,5.1,True,False,Region-12
FRD00008,CUST015737,2023-01-05,Suspicious Transfer,Online Banking,849.5,31.73,True,False,Region-12
FRD00009,CUST013658,2024-10-18,Identity-related Anomaly,ATM,396.49,68.42,True,False,Region-08
FRD00010,CUST003044,2023-03-31,Unusual Transaction Pattern,Online Banking,858.69,108.11,True,False,Region-01
FRD00011,CUST015478,2023-06-30,Account Takeover,Branch,1142.54,19.2,True,False,Region-08
FRD00012,CUST019070,2023-10-04,Account Takeover,Mobile App,1241.65,56.44,True,False,Region-09
FRD00013,CUST010148,2023-08-14,Card Fraud,Online Banking,878.36,2408.51,False,True,Region-11
FRD00014,CUST009893,2024-12-26,Card Fraud,Online Banking,802.01,16.14,True,False,Region-09
FRD00015,CUST019731,2023-10-26,Unusual Transaction Pattern,Online Banking,881.06,88.22,True,False,Region-05
FRD00016,CUST004992,2023-10-29,Identity-related Anomaly,Branch,1223.91,20.95,True,False,Region-08
FRD00017,CUST003752,2024-02-20,Suspicious Transfer,ATM,891.04,24.93,True,False,Region-12
FRD00018,CUST015577,2023-12-07,Suspicious Transfer,Branch,1070.25,22.56,True,False,Region-04
FRD00019,CUST017724,2024-11-17,Card Fraud,ATM,1836.26,9.46,True,False,Region-12
FRD00020,CUST000535,2024-05-12,Card Fraud,Mobile App,787.73,182.78,True,False,Region-12
FRD00021,CUST001211,2024-03-11,Card Fraud,Mobile App,586.63,463.12,False,False,Region-09
FRD00022,CUST018115,2023-08-09,Unusual Transaction Pattern,Mobile App,926.83,613.06,False,False,Region-02
FRD00023,CUST005248,2023-09-21,Card Fraud,Card Network,967.83,83.09,True,False,Region-04
FRD00024,CUST008437,2023-01-15,Card Fraud,Branch,739.48,38.8,True,False,Region-10
FRD00025,CUST011811,2023-07-06,Identity-related Anomaly,Mobile App,534.55,24.2,True,False,Region-07
FRD00026,CUST012515,2023-03-07,Unusual Transaction Pattern,Card Network,977.09,37.27,True,False,Region-01
FRD00027,CUST008515,2024-02-02,Card Fraud,ATM,323.73,109.23,True,False,Region-10
FRD00028,CUST018583,2023-07-16,Card Fraud,Mobile App,1163.05,1485.04,False,False,Region-11
FRD00029,CUST002256,2024-03-06,Unusual Transaction Pattern,Mobile App,1168.76,52.53,True,False,Region-07
FRD00030,CUST006657,2024-03-13,Card Fraud,Branch,1149.4,82.2,True,False,Region-03
FRD00031,CUST001226,2024-04-17,Card Fraud,Online Banking,324.62,111.83,True,False,Region-04
FRD00032,CUST013687,2023-04-27,Card Fraud,ATM,286.82,586.87,False,False,Region-03
FRD00033,CUST002977,2024-04-09,Suspicious Transfer,Branch,51.08,8.9,True,False,Region-03
FRD00034,CUST003124,2023-09-06,ATM Fraud,Card Network,500.5,88.73,True,False,Region-04
FRD00035,CUST001988,2023-12-12,Suspicious Transfer,Branch,1598.68,888.28,False,False,Region-03
FRD00036,CUST017777,2024-12-11,Unusual Transaction Pattern,Branch,514.59,554.72,False,False,Region-06
FRD00037,CUST018588,2024-04-11,Identity-related Anomaly,Mobile App,314.23,69.75,True,False,Region-12
FRD00038,CUST018668,2024-03-09,Unusual Transaction Pattern,ATM,1744.82,35.66,True,False,Region-02
FRD00039,CUST003236,2023-08-03,Unusual Transaction Pattern,Online Banking,133.81,14.92,True,False,Region-05
FRD00040,CUST019507,2024-02-09,Suspicious Transfer,Mobile App,472.55,47.51,True,False,Region-09
FRD00041,CUST016189,2023-12-22,Unusual Transaction Pattern,Branch,485.41,92.6,True,False,Region-08
FRD00042,CUST006639,2024-08-29,Account Takeover,Branch,258.91,18.43,True,False,Region-04
FRD00043,CUST015963,2023-05-24,Card Fraud,Branch,128.05,235.89,True,False,Region-04
FRD00044,CUST004423,2023-10-01,Unusual Transaction Pattern,Online Banking,400.38,90.13,True,False,Region-01
FRD00045,CUST016203,2023-09-18,Card Fraud,ATM,167.63,70.4,True,False,Region-03
FRD00046,CUST014451,2024-12-16,Card Fraud,Mobile App,140.66,24.58,True,False,Region-11
FRD00047,CUST002388,2023-09-05,Card Fraud,Branch,1912.53,23.28,True,False,Region-02
FRD00048,CUST019122,2024-12-02,Card Fraud,Branch,127.12,38.16,True,False,Region-03
FRD00049,CUST002190,2023-07-21,Card Fraud,Branch,51.25,474.11,False,True,Region-02
FRD00050,CUST014051,2024-01-28,Card Fraud,Card Network,392.83,45.24,True,False,Region-09
FRD00051,CUST014898,2023-01-29,Suspicious Transfer,Card Network,726.58,86.97,True,False,Region-11
FRD00052,CUST000193,2023-11-28,ATM Fraud,Mobile App,31.96,154.53,True,False,Region-01
FRD00053,CUST015612,2023-04-07,Identity-related Anomaly,Branch,633.93,22.85,True,False,Region-07
FRD00054,CUST017830,2023-03-10,Unusual Transaction Pattern,Branch,339.68,31.79,True,False,Region-11
FRD00055,CUST015187,2024-04-16,Card Fraud,Branch,987.47,31.59,True,False,Region-09
FRD00056,CUST001035,2024-08-24,ATM Fraud,Mobile App,205.5,621.69,False,False,Region-08
FRD00057,CUST011493,2023-12-11,Suspicious Transfer,Card Network,521.58,42.71,True,False,Region-02
FRD00058,CUST000484,2023-02-06,ATM Fraud,Branch,2451.59,15.09,True,False,Region-04
FRD00059,CUST010913,2024-12-03,Suspicious Transfer,ATM,206.29,1228.17,False,False,Region-03
FRD00060,CUST004907,2023-10-31,Card Fraud,ATM,289.91,213.15,True,False,Region-05
FRD00061,CUST003265,2023-12-09,ATM Fraud,Mobile App,114.55,65.33,True,False,Region-05
FRD00062,CUST001706,2024-11-02,Card Fraud,Branch,324.47,108.29,True,False,Region-05
FRD00063,CUST009199,2023-07-04,Account Takeover,ATM,366.63,27.59,True,False,Region-07
FRD00064,CUST000710,2024-09-10,Card Fraud,ATM,481.16,1.13,True,False,Region-11
FRD00065,CUST016853,2023-09-03,Suspicious Transfer,ATM,216.22,13.5,True,False,Region-07
FRD00066,CUST007201,2024-08-13,Account Takeover,Mobile App,499.71,155.19,True,False,Region-10
FRD00067,CUST001996,2024-11-26,Suspicious Transfer,Card Network,851.18,101.92,True,False,Region-12
FRD00068,CUST009568,2023-09-26,Suspicious Transfer,Mobile App,326.74,458.6,False,False,Region-04
FRD00069,CUST010284,2024-10-27,Unusual Transaction Pattern,Mobile App,280.83,177.12,True,False,Region-11
FRD00070,CUST017391,2024-03-28,Suspicious Transfer,ATM,469.98,26.47,True,False,Region-11
FRD00071,CUST007410,2023-04-25,Card Fraud,ATM,611.94,207.31,True,False,Region-03
FRD00072,CUST018695,2024-08-01,Suspicious Transfer,Mobile App,304.44,26.33,True,False,Region-11
FRD00073,CUST015773,2023-11-21,Card Fraud,Mobile App,636.3,38.58,True,False,Region-04
FRD00074,CUST015913,2024-08-23,Suspicious Transfer,Mobile App,337.05,508.0,False,True,Region-11
FRD00075,CUST013134,2023-08-31,ATM Fraud,ATM,351.44,10.49,True,False,Region-02
FRD00076,CUST014348,2024-07-29,Card Fraud,Online Banking,322.41,24.3,True,False,Region-09
FRD00077,CUST013091,2023-12-07,Suspicious Transfer,Branch,363.17,38.83,True,False,Region-11
FRD00078,CUST005322,2023-08-01,Card Fraud,Branch,308.58,2029.54,False,False,Region-02
FRD00079,CUST002673,2023-06-09,Identity-related Anomaly,Branch,1265.1,239.72,True,False,Region-11
FRD00080,CUST005726,2024-08-13,ATM Fraud,Online Banking,69.31,45.31,True,False,Region-01
FRD00081,CUST016387,2023-06-05,Suspicious Transfer,Online Banking,233.39,19.47,True,False,Region-09
FRD00082,CUST002360,2023-08-30,Card Fraud,Card Network,843.13,9.53,True,False,Region-04
FRD00083,CUST001695,2024-11-14,Card Fraud,Mobile App,868.17,156.25,False,False,Region-08
FRD00084,CUST017916,2023-04-16,Card Fraud,Card Network,1226.53,19.29,True,False,Region-02
FRD00085,CUST014026,2023-11-03,Suspicious Transfer,ATM,429.56,176.17,True,False,Region-07
FRD00086,CUST013275,2024-10-24,Card Fraud,Online Banking,1121.73,110.67,True,False,Region-06
FRD00087,CUST008211,2024-12-30,Identity-related Anomaly,Online Banking,256.8,109.4,True,False,Region-08
FRD00088,CUST018028,2023-07-20,Account Takeover,Mobile App,972.7,85.57,True,False,Region-12
FRD00089,CUST012416,2023-04-25,Card Fraud,Branch,912.36,230.28,True,False,Region-03
FRD00090,CUST002989,2023-05-15,Suspicious Transfer,ATM,843.68,11.47,True,False,Region-04
FRD00091,CUST001298,2024-03-10,Suspicious Transfer,Online Banking,978.55,38.57,True,False,Region-09
FRD00092,CUST017736,2024-10-21,Card Fraud,ATM,111.24,56.46,True,False,Region-01
FRD00093,CUST000378,2023-08-08,Card Fraud,Online Banking,372.05,172.24,True,False,Region-12
FRD00094,CUST010550,2023-01-09,Account Takeover,Card Network,367.26,1.45,True,False,Region-03
FRD00095,CUST010821,2023-10-21,Unusual Transaction Pattern,ATM,1009.5,44.21,True,False,Region-02
FRD00096,CUST008376,2023-06-30,Suspicious Transfer,ATM,1015.13,60.27,True,False,Region-01
FRD00097,CUST012701,2023-05-30,Card Fraud,Branch,451.18,151.43,True,False,Region-05
FRD00098,CUST014924,2024-04-20,Card Fraud,Online Banking,662.99,80.7,True,False,Region-11
FRD00099,CUST012642,2023-12-29,Card Fraud,Mobile App,139.64,20.83,True,False,Region-11
FRD00100,CUST003247,2023-03-20,Suspicious Transfer,Branch,185.68,53.69,True,False,Region-04
FRD00101,CUST014935,2024-08-20,Card Fraud,ATM,307.01,159.81,True,False,Region-10
FRD00102,CUST009920,2024-07-04,Identity-related Anomaly,ATM,418.34,42.14,True,False,Region-07
FRD00103,CUST007034,2024-01-23,Account Takeover,Mobile App,278.07,6.26,True,False,Region-03
FRD00104,CUST009447,2023-06-27,Card Fraud,ATM,774.75,8.89,True,False,Region-02
FRD00105,CUST017723,2024-03-01,Suspicious Transfer,ATM,88.84,207.25,True,False,Region-11
FRD00106,CUST019075,2023-01-09,Card Fraud,Online Banking,946.52,443.8,True,False,Region-07
FRD00107,CUST001342,2024-12-22,Identity-related Anomaly,Branch,310.74,19.28,True,False,Region-04
FRD00108,CUST001849,2024-08-30,Identity-related Anomaly,Mobile App,222.88,3.4,True,False,Region-09
FRD00109,CUST004590,2023-08-10,Card Fraud,Online Banking,292.12,16.0,True,False,Region-07
FRD00110,CUST019670,2024-06-28,ATM Fraud,Online Banking,438.64,75.51,True,False,Region-01
FRD00111,CUST006230,2024-12-12,Card Fraud,Online Banking,63.39,42.12,True,False,Region-01
FRD00112,CUST017515,2024-04-16,Account Takeover,Branch,2447.77,153.46,True,False,Region-05
FRD00113,CUST017499,2024-01-25,Identity-related Anomaly,Online Banking,1753.64,42.28,True,False,Region-04
FRD00114,CUST004860,2024-06-20,Identity-related Anomaly,Mobile App,238.93,67.15,True,False,Region-06
FRD00115,CUST018256,2023-08-01,Card Fraud,Card Network,702.38,474.41,False,True,Region-03
FRD00116,CUST011856,2024-04-05,ATM Fraud,Card Network,423.31,6.37,True,False,Region-07
FRD00117,CUST001803,2023-11-26,Card Fraud,Mobile App,186.95,24.24,True,False,Region-01
FRD00118,CUST013896,2024-03-02,Unusual Transaction Pattern,Online Banking,355.61,5.56,True,False,Region-02
FRD00119,CUST013675,2023-05-13,Card Fraud,Card Network,707.72,84.11,True,False,Region-07
FRD00120,CUST016090,2024-06-10,Suspicious Transfer,Card Network,154.83,61.62,True,False,Region-09
FRD00121,CUST018169,2024-12-20,Identity-related Anomaly,ATM,840.95,1.72,True,False,Region-06
FRD00122,CUST003992,2024-05-18,Account Takeover,ATM,477.93,47.17,True,False,Region-12
FRD00123,CUST012205,2024-03-02,Suspicious Transfer,Branch,522.53,832.31,False,True,Region-05
FRD00124,CUST013024,2023-05-12,Card Fraud,Branch,149.71,120.06,True,False,Region-09
FRD00125,CUST004330,2024-12-21,Identity-related Anomaly,Card Network,126.94,35.2,True,False,Region-07
FRD00126,CUST003452,2023-03-18,ATM Fraud,Branch,222.05,276.56,True,False,Region-04
FRD00127,CUST014135,2023-06-29,Identity-related Anomaly,Branch,1273.26,68.85,True,False,Region-11
FRD00128,CUST005363,2023-11-12,Card Fraud,Online Banking,371.41,12.08,True,False,Region-10
FRD00129,CUST014508,2023-06-27,Identity-related Anomaly,ATM,251.4,258.06,True,False,Region-07
FRD00130,CUST009567,2024-03-18,Card Fraud,Card Network,327.13,608.66,False,False,Region-03
FRD00131,CUST006025,2024-09-14,Unusual Transaction Pattern,Branch,410.01,37.13,True,False,Region-07
FRD00132,CUST003547,2024-12-20,Unusual Transaction Pattern,Card Network,487.48,53.24,True,False,Region-11
FRD00133,CUST000461,2024-01-16,Unusual Transaction Pattern,Online Banking,1167.1,35.38,True,False,Region-10
FRD00134,CUST017657,2023-10-28,Account Takeover,ATM,812.89,263.15,False,False,Region-07
FRD00135,CUST019479,2024-02-03,Unusual Transaction Pattern,ATM,327.96,77.01,True,False,Region-10
FRD00136,CUST000224,2023-04-23,Suspicious Transfer,Card Network,1004.74,41.8,True,False,Region-03
FRD00137,CUST002243,2023-08-28,Suspicious Transfer,ATM,466.3,11.65,True,False,Region-07
FRD00138,CUST015039,2024-01-11,Suspicious Transfer,Branch,705.36,200.43,False,False,Region-08
FRD00139,CUST019263,2023-07-21,Suspicious Transfer,Mobile App,542.09,307.54,False,True,Region-12
FRD00140,CUST016249,2023-07-30,Suspicious Transfer,Online Banking,919.13,16.86,True,False,Region-03
FRD00141,CUST001320,2024-03-28,Card Fraud,Branch,479.86,48.23,True,False,Region-01
FRD00142,CUST005919,2024-04-01,Account Takeover,Card Network,208.18,85.55,True,False,Region-09
FRD00143,CUST010526,2023-10-20,Unusual Transaction Pattern,Online Banking,972.79,41.14,True,False,Region-05
FRD00144,CUST006695,2024-10-09,ATM Fraud,Branch,464.99,208.04,True,False,Region-02
FRD00145,CUST016755,2024-09-30,ATM Fraud,Card Network,1579.89,88.95,True,False,Region-11
FRD00146,CUST007647,2024-08-22,Suspicious Transfer,Online Banking,841.81,15.08,True,False,Region-12
FRD00147,CUST014963,2024-06-14,Card Fraud,Online Banking,324.64,248.44,True,False,Region-05
FRD00148,CUST008169,2024-07-19,Suspicious Transfer,Branch,805.64,37.87,True,False,Region-12
FRD00149,CUST007214,2024-03-12,Suspicious Transfer,Mobile App,1265.4,948.79,False,False,Region-01
FRD00150,CUST015352,2024-04-21,Account Takeover,ATM,833.97,5.23,True,False,Region-05
FRD00151,CUST018858,2024-11-22,Card Fraud,Mobile App,423.49,97.85,True,False,Region-02
FRD00152,CUST010476,2023-04-21,Card Fraud,ATM,866.67,24.24,True,False,Region-02
FRD00153,CUST012540,2023-07-19,ATM Fraud,Mobile App,135.98,269.4,True,False,Region-11
FRD00154,CUST004893,2023-11-07,ATM Fraud,Card Network,1756.04,55.52,True,False,Region-10
FRD00155,CUST013572,2023-07-01,Card Fraud,Branch,462.62,111.95,True,False,Region-07
FRD00156,CUST004289,2024-09-30,Suspicious Transfer,Mobile App,393.32,34.43,True,False,Region-02
FRD00157,CUST000352,2023-05-13,Card Fraud,Online Banking,356.22,137.24,True,False,Region-01
FRD00158,CUST014954,2023-09-02,ATM Fraud,Mobile App,657.27,15.7,True,False,Region-02
FRD00159,CUST017121,2023-09-23,Unusual Transaction Pattern,Card Network,211.79,109.84,True,False,Region-11
FRD00160,CUST012315,2024-07-01,ATM Fraud,Mobile App,525.02,28.16,True,False,Region-09
FRD00161,CUST019888,2024-06-26,ATM Fraud,ATM,338.15,19.1,True,False,Region-05
FRD00162,CUST015043,2024-01-01,Unusual Transaction Pattern,Online Banking,724.92,80.18,True,False,Region-07
FRD00163,CUST013436,2024-05-30,Card Fraud,Card Network,979.13,28.91,True,False,Region-03
FRD00164,CUST018044,2023-05-03,Account Takeover,Mobile App,745.86,75.6,True,False,Region-10
FRD00165,CUST000990,2024-11-11,Unusual Transaction Pattern,ATM,669.09,120.97,True,False,Region-01
FRD00166,CUST006156,2024-03-03,Account Takeover,Branch,351.77,17.9,True,False,Region-06
FRD00167,CUST013836,2024-05-30,Unusual Transaction Pattern,Branch,549.33,117.14,True,False,Region-02
FRD00168,CUST016438,2023-07-03,Unusual Transaction Pattern,Card Network,1555.92,54.45,True,False,Region-03
FRD00169,CUST002057,2023-08-08,Card Fraud,ATM,479.1,125.15,False,False,Region-02
FRD00170,CUST012713,2023-11-16,Card Fraud,Online Banking,636.91,32.48,True,False,Region-12
FRD00171,CUST019550,2023-09-23,Card Fraud,Online Banking,1364.82,64.6,False,False,Region-07
FRD00172,CUST008359,2023-10-29,Card Fraud,ATM,949.57,40.02,True,False,Region-05
FRD00173,CUST016993,2024-03-28,Suspicious Transfer,Mobile App,674.1,60.88,True,False,Region-11
FRD00174,CUST004875,2024-04-28,Suspicious Transfer,Card Network,899.24,96.44,True,False,Region-04
FRD00175,CUST011150,2024-08-31,Card Fraud,Branch,1683.03,125.27,True,False,Region-02
FRD00176,CUST003886,2023-10-11,Card Fraud,Card Network,690.09,102.77,True,False,Region-08
FRD00177,CUST003063,2024-12-02,Unusual Transaction Pattern,Mobile App,518.01,35.28,True,False,Region-09
FRD00178,CUST008453,2024-08-16,ATM Fraud,Card Network,1991.4,97.01,True,False,Region-04
FRD00179,CUST007280,2023-01-28,Suspicious Transfer,Mobile App,716.7,141.96,True,False,Region-02
FRD00180,CUST016549,2024-12-28,Card Fraud,Card Network,1221.26,121.0,True,False,Region-07
FRD00181,CUST005065,2023-09-19,Card Fraud,Online Banking,93.17,249.63,True,False,Region-11
FRD00182,CUST016451,2024-06-01,Account Takeover,Mobile App,88.04,411.31,False,True,Region-10
FRD00183,CUST010135,2023-11-09,Card Fraud,ATM,962.35,76.42,True,False,Region-03
FRD00184,CUST012155,2024-09-04,Card Fraud,Card Network,1195.08,257.1,True,False,Region-10
FRD00185,CUST002426,2024-09-03,Card Fraud,ATM,401.19,48.45,True,False,Region-07
FRD00186,CUST000893,2023-11-18,Card Fraud,Card Network,276.76,1022.13,False,False,Region-03
FRD00187,CUST007397,2023-01-16,ATM Fraud,Mobile App,1592.58,772.43,False,False,Region-09
FRD00188,CUST017209,2024-07-24,Identity-related Anomaly,Card Network,796.53,164.41,True,False,Region-04
FRD00189,CUST004839,2024-10-17,ATM Fraud,Online Banking,912.77,25.76,True,False,Region-05
FRD00190,CUST006892,2024-05-01,Suspicious Transfer,Card Network,63.08,20.33,True,False,Region-10
FRD00191,CUST003575,2023-05-15,Account Takeover,Online Banking,193.52,116.9,True,False,Region-05
FRD00192,CUST006226,2023-05-31,Unusual Transaction Pattern,ATM,672.14,160.14,True,False,Region-05
FRD00193,CUST012000,2024-12-28,ATM Fraud,Online Banking,210.61,30.29,True,False,Region-12
FRD00194,CUST003882,2023-07-17,Account Takeover,Branch,713.65,1075.47,False,True,Region-09
FRD00195,CUST006544,2023-05-26,Unusual Transaction Pattern,ATM,317.12,64.85,True,False,Region-10
FRD00196,CUST018398,2023-06-09,Card Fraud,Mobile App,576.53,31.12,True,False,Region-11
FRD00197,CUST006611,2023-08-31,Card Fraud,Mobile App,501.84,6.53,True,False,Region-02
FRD00198,CUST007248,2024-11-21,Suspicious Transfer,Branch,206.82,32.78,True,False,Region-11
FRD00199,CUST008454,2024-06-05,ATM Fraud,Mobile App,709.65,42.04,True,False,Region-05
FRD00200,CUST010336,2023-07-11,Suspicious Transfer,Mobile App,87.16,114.29,True,False,Region-09
FRD00201,CUST012909,2023-08-06,Unusual Transaction Pattern,Online Banking,826.14,284.0,True,False,Region-07
FRD00202,CUST012404,2023-10-23,Unusual Transaction Pattern,ATM,1276.53,83.74,True,False,Region-02
FRD00203,CUST013660,2023-09-03,Card Fraud,ATM,74.15,787.07,False,True,Region-05
FRD00204,CUST010288,2023-07-05,ATM Fraud,Mobile App,426.73,7.55,True,False,Region-03
FRD00205,CUST010859,2023-05-09,ATM Fraud,Card Network,690.22,608.13,False,True,Region-08
FRD00206,CUST011947,2024-12-29,Account Takeover,ATM,480.67,63.04,True,False,Region-05
FRD00207,CUST013754,2024-02-04,Account Takeover,Online Banking,382.93,16.1,True,False,Region-08
FRD00208,CUST001487,2023-08-11,ATM Fraud,ATM,539.62,157.99,True,False,Region-11
FRD00209,CUST017598,2023-07-13,Unusual Transaction Pattern,Online Banking,504.82,58.69,True,False,Region-08
FRD00210,CUST009363,2024-07-02,Account Takeover,Branch,1688.12,152.12,True,False,Region-04
FRD00211,CUST001870,2024-07-19,Unusual Transaction Pattern,Card Network,319.61,539.38,False,False,Region-02
FRD00212,CUST017936,2024-02-18,Identity-related Anomaly,ATM,761.48,638.87,False,False,Region-03
FRD00213,CUST001291,2024-03-26,Account Takeover,Branch,596.77,1196.7,False,True,Region-11
FRD00214,CUST013720,2024-07-24,Suspicious Transfer,ATM,1556.67,5.5,True,False,Region-06
FRD00215,CUST018985,2024-04-16,Card Fraud,Card Network,557.08,345.61,False,True,Region-08
FRD00216,CUST003210,2024-08-30,Account Takeover,Mobile App,518.97,100.08,True,False,Region-03
FRD00217,CUST006034,2023-09-19,ATM Fraud,Online Banking,587.75,56.18,True,False,Region-11
FRD00218,CUST008995,2023-12-20,Identity-related Anomaly,Branch,251.96,60.71,True,False,Region-10
FRD00219,CUST007120,2023-12-28,Unusual Transaction Pattern,Mobile App,428.85,130.37,True,False,Region-01
FRD00220,CUST016991,2023-12-06,Account Takeover,Branch,1087.55,129.56,True,False,Region-09
FRD00221,CUST018883,2024-12-23,Account Takeover,Online Banking,695.22,15.33,True,False,Region-09
FRD00222,CUST011994,2024-01-13,ATM Fraud,Mobile App,197.78,12.52,True,False,Region-01
FRD00223,CUST009162,2023-03-26,Unusual Transaction Pattern,Branch,1579.58,220.47,True,False,Region-09
FRD00224,CUST002195,2023-10-22,Card Fraud,Card Network,131.24,25.63,True,False,Region-03
FRD00225,CUST012882,2023-08-26,Identity-related Anomaly,Card Network,451.08,136.8,True,False,Region-04
FRD00226,CUST016099,2023-02-04,Suspicious Transfer,Online Banking,446.2,25.6,True,False,Region-12
FRD00227,CUST014803,2024-11-26,Card Fraud,Branch,1747.3,1454.29,False,False,Region-04
FRD00228,CUST016632,2023-02-14,Card Fraud,Branch,752.41,106.41,True,False,Region-09
FRD00229,CUST004506,2023-05-15,Account Takeover,Branch,1545.91,116.44,True,False,Region-12
FRD00230,CUST011082,2024-07-30,Identity-related Anomaly,Card Network,281.65,72.03,True,False,Region-10
FRD00231,CUST012414,2023-03-16,ATM Fraud,Card Network,305.04,139.09,True,False,Region-09
FRD00232,CUST001879,2023-06-05,Account Takeover,Branch,1548.37,91.57,True,False,Region-12
FRD00233,CUST012828,2024-10-23,Card Fraud,ATM,451.96,1485.95,False,True,Region-11
FRD00234,CUST007069,2023-05-19,Suspicious Transfer,Card Network,538.21,18.86,True,False,Region-06
FRD00235,CUST004435,2024-01-29,Suspicious Transfer,ATM,1198.0,33.53,True,False,Region-11
FRD00236,CUST016020,2023-05-13,Account Takeover,Branch,449.11,165.19,True,False,Region-09
FRD00237,CUST016699,2024-05-11,Card Fraud,Mobile App,1176.62,8.46,True,False,Region-06
FRD00238,CUST013658,2023-04-03,Identity-related Anomaly,Branch,610.15,132.61,True,False,Region-08
FRD00239,CUST007879,2023-02-17,ATM Fraud,Card Network,926.69,40.12,True,False,Region-01
FRD00240,CUST009045,2024-03-30,Account Takeover,Online Banking,244.32,6.44,True,False,Region-05
FRD00241,CUST009773,2024-06-16,Card Fraud,ATM,146.21,13.14,True,False,Region-09
FRD00242,CUST008412,2023-10-14,Identity-related Anomaly,ATM,737.88,58.39,True,False,Region-10
FRD00243,CUST001322,2023-06-20,Unusual Transaction Pattern,Card Network,129.24,44.9,True,False,Region-12
FRD00244,CUST013465,2023-06-28,Card Fraud,Card Network,507.09,201.66,True,False,Region-11
FRD00245,CUST003234,2023-02-08,Unusual Transaction Pattern,Branch,490.18,39.21,True,False,Region-06
FRD00246,CUST009897,2023-03-26,Identity-related Anomaly,Branch,884.2,40.55,True,False,Region-02
FRD00247,CUST000542,2023-03-27,Unusual Transaction Pattern,Branch,816.05,20.61,True,False,Region-03
FRD00248,CUST017838,2023-10-29,ATM Fraud,ATM,477.16,21.5,True,False,Region-10
FRD00249,CUST005537,2024-11-13,Card Fraud,Branch,488.44,167.09,True,False,Region-01
FRD00250,CUST018008,2024-03-07,Card Fraud,Online Banking,101.15,55.52,True,False,Region-09
FRD00251,CUST005810,2023-07-11,Unusual Transaction Pattern,Mobile App,732.74,134.52,False,False,Region-06
FRD00252,CUST009886,2024-07-24,Card Fraud,Card Network,1046.57,55.33,True,False,Region-08
FRD00253,CUST011431,2023-01-28,Card Fraud,Online Banking,855.08,2.49,True,False,Region-02
FRD00254,CUST017236,2024-11-02,ATM Fraud,Branch,672.41,20.03,True,False,Region-03
FRD00255,CUST001348,2023-04-20,Suspicious Transfer,Branch,402.49,540.48,False,True,Region-01
FRD00256,CUST008503,2024-06-19,Unusual Transaction Pattern,ATM,441.81,24.19,True,False,Region-02
FRD00257,CUST008652,2023-01-16,Unusual Transaction Pattern,ATM,509.05,36.64,True,False,Region-04
FRD00258,CUST006152,2023-06-30,Suspicious Transfer,ATM,723.97,87.61,True,False,Region-01
FRD00259,CUST011864,2024-10-22,Account Takeover,Card Network,1102.51,124.78,True,False,Region-06
FRD00260,CUST012430,2024-02-05,Account Takeover,Card Network,499.28,121.41,True,False,Region-11
FRD00261,CUST017886,2024-04-19,ATM Fraud,Card Network,366.91,8.78,True,False,Region-08
FRD00262,CUST011534,2023-04-08,Card Fraud,Mobile App,454.24,25.8,True,False,Region-09
FRD00263,CUST007723,2024-08-04,Card Fraud,ATM,525.45,114.77,True,False,Region-12
FRD00264,CUST019262,2023-02-14,Identity-related Anomaly,Branch,350.51,255.57,True,False,Region-10
FRD00265,CUST011716,2023-11-28,Card Fraud,ATM,368.94,20.94,True,False,Region-06
FRD00266,CUST016478,2023-09-27,Suspicious Transfer,Online Banking,283.04,36.38,True,False,Region-02
FRD00267,CUST013245,2024-11-12,Unusual Transaction Pattern,ATM,86.9,35.6,True,False,Region-02
FRD00268,CUST003438,2024-05-15,ATM Fraud,Branch,448.91,95.0,True,False,Region-06
FRD00269,CUST005777,2024-10-19,Card Fraud,Mobile App,912.42,31.5,True,False,Region-03
FRD00270,CUST014386,2023-04-21,Card Fraud,Branch,551.62,23.1,True,False,Region-08
FRD00271,CUST017244,2024-01-05,Suspicious Transfer,ATM,217.56,47.82,True,False,Region-05
FRD00272,CUST019007,2023-04-23,Unusual Transaction Pattern,Online Banking,428.41,115.41,True,False,Region-06
FRD00273,CUST010058,2023-05-25,Card Fraud,Branch,757.34,7.75,True,False,Region-01
FRD00274,CUST004968,2023-01-12,Account Takeover,Online Banking,200.86,79.99,True,False,Region-04
FRD00275,CUST010747,2023-07-04,Card Fraud,Branch,644.73,52.92,True,False,Region-03
FRD00276,CUST011170,2023-11-14,Account Takeover,Branch,320.72,214.17,False,False,Region-02
FRD00277,CUST017195,2023-07-14,Unusual Transaction Pattern,Branch,966.89,13.99,True,False,Region-06
FRD00278,CUST013849,2023-12-15,Unusual Transaction Pattern,Mobile App,552.93,298.36,False,False,Region-07
FRD00279,CUST002399,2023-08-02,Suspicious Transfer,Online Banking,460.78,49.83,True,False,Region-09
FRD00280,CUST003256,2023-03-02,Card Fraud,Online Banking,1191.5,77.54,True,False,Region-01
FRD00281,CUST006425,2023-07-03,Unusual Transaction Pattern,ATM,1180.48,82.58,True,False,Region-05
FRD00282,CUST019255,2024-06-25,Card Fraud,Online Banking,1232.44,34.82,True,False,Region-11
FRD00283,CUST013503,2023-12-24,Card Fraud,Card Network,354.12,74.61,True,False,Region-05
FRD00284,CUST017145,2023-06-23,Card Fraud,Branch,503.89,79.21,True,False,Region-05
FRD00285,CUST003558,2024-07-13,Suspicious Transfer,Card Network,367.66,28.4,True,False,Region-04
FRD00286,CUST016571,2024-09-26,Unusual Transaction Pattern,Branch,1652.17,15.41,True,False,Region-11
FRD00287,CUST016626,2023-07-17,ATM Fraud,Card Network,254.3,7.42,True,False,Region-01
FRD00288,CUST012628,2023-07-15,Card Fraud,Branch,529.68,81.79,True,False,Region-10
FRD00289,CUST011307,2023-06-05,Card Fraud,Card Network,583.14,10.25,True,False,Region-10
FRD00290,CUST000495,2023-05-15,Account Takeover,Card Network,603.08,291.8,True,False,Region-12
FRD00291,CUST004706,2024-02-07,Suspicious Transfer,Branch,635.78,168.99,True,False,Region-12
FRD00292,CUST006847,2023-09-25,Suspicious Transfer,ATM,156.7,39.02,True,False,Region-12
FRD00293,CUST007166,2024-01-22,Card Fraud,ATM,575.31,14.96,True,False,Region-01
FRD00294,CUST016152,2024-01-28,Suspicious Transfer,ATM,1226.95,61.32,True,False,Region-10
FRD00295,CUST019281,2023-10-08,Card Fraud,Branch,777.33,2472.07,False,False,Region-09
FRD00296,CUST012639,2024-09-04,Account Takeover,ATM,684.56,407.23,False,True,Region-03
FRD00297,CUST015971,2024-04-17,Card Fraud,Card Network,229.43,957.6,False,False,Region-01
FRD00298,CUST003544,2023-11-24,Suspicious Transfer,Card Network,1771.15,494.76,False,True,Region-02
FRD00299,CUST019138,2023-10-13,Unusual Transaction Pattern,Card Network,278.39,41.81,True,False,Region-10
FRD00300,CUST008989,2023-07-27,Card Fraud,Branch,758.41,586.8,False,False,Region-12
FRD00301,CUST015780,2024-08-02,Identity-related Anomaly,Card Network,1107.33,448.36,False,False,Region-09
FRD00302,CUST013542,2023-09-04,Suspicious Transfer,Mobile App,606.8,617.11,False,False,Region-10
FRD00303,CUST000278,2024-06-05,Suspicious Transfer,ATM,1289.25,300.42,False,False,Region-09
FRD00304,CUST013962,2024-05-14,Suspicious Transfer,Card Network,947.28,56.04,True,False,Region-08
FRD00305,CUST011314,2024-08-21,Card Fraud,Online Banking,1005.91,1093.36,False,True,Region-03
FRD00306,CUST016820,2024-12-26,Account Takeover,Online Banking,336.55,51.93,True,False,Region-12
FRD00307,CUST005514,2024-04-26,Card Fraud,Card Network,1160.95,114.33,True,False,Region-11
FRD00308,CUST018926,2023-12-21,Identity-related Anomaly,Mobile App,500.63,96.09,True,False,Region-03
FRD00309,CUST011513,2023-02-08,Account Takeover,Online Banking,878.25,108.52,True,False,Region-10
FRD00310,CUST016786,2024-01-23,Unusual Transaction Pattern,Branch,531.69,124.72,True,False,Region-02
FRD00311,CUST004944,2023-10-18,Card Fraud,Card Network,352.5,81.57,True,False,Region-02
FRD00312,CUST009881,2023-04-29,Card Fraud,Mobile App,267.75,239.49,True,False,Region-01
FRD00313,CUST013414,2024-05-31,Unusual Transaction Pattern,Branch,428.34,70.28,True,False,Region-11
FRD00314,CUST017456,2023-05-04,ATM Fraud,Card Network,786.54,10.93,True,False,Region-05
FRD00315,CUST018745,2023-08-21,ATM Fraud,ATM,1786.89,74.33,False,True,Region-09
FRD00316,CUST019624,2024-02-16,Account Takeover,Branch,404.28,22.77,True,False,Region-04
FRD00317,CUST000510,2023-02-28,Suspicious Transfer,ATM,791.16,10.13,True,False,Region-11
FRD00318,CUST005571,2024-03-30,Suspicious Transfer,ATM,2906.68,133.65,True,False,Region-12
FRD00319,CUST001533,2024-08-15,Card Fraud,Card Network,1151.17,160.8,True,False,Region-04
FRD00320,CUST003370,2024-05-01,Card Fraud,Mobile App,355.19,118.1,True,False,Region-07
FRD00321,CUST001028,2024-08-30,Suspicious Transfer,Online Banking,805.9,39.54,True,False,Region-04
FRD00322,CUST014972,2024-12-14,Unusual Transaction Pattern,Branch,306.49,71.14,True,False,Region-05
FRD00323,CUST009985,2023-03-24,ATM Fraud,ATM,148.66,31.39,True,False,Region-03
FRD00324,CUST007559,2023-11-18,Suspicious Transfer,Card Network,533.46,578.92,False,False,Region-11
FRD00325,CUST018231,2023-06-15,Suspicious Transfer,Online Banking,180.24,1261.2,False,False,Region-10
FRD00326,CUST018077,2024-01-23,Account Takeover,Card Network,700.63,38.33,True,False,Region-03
FRD00327,CUST003394,2024-07-21,Unusual Transaction Pattern,Online Banking,678.75,124.6,True,False,Region-12
FRD00328,CUST013156,2024-07-25,Account Takeover,Online Banking,537.36,29.97,True,False,Region-10
FRD00329,CUST002960,2024-05-08,Card Fraud,Branch,353.6,116.18,True,False,Region-09
FRD00330,CUST016295,2023-09-07,Card Fraud,ATM,273.76,56.0,True,False,Region-08
FRD00331,CUST016628,2024-02-13,Card Fraud,Card Network,625.47,992.49,False,True,Region-05
FRD00332,CUST018321,2024-10-06,Suspicious Transfer,ATM,103.02,820.38,False,False,Region-05
FRD00333,CUST013661,2024-01-27,Suspicious Transfer,Branch,2004.15,362.23,False,False,Region-03
FRD00334,CUST015728,2024-07-20,Suspicious Transfer,Mobile App,744.91,156.82,True,False,Region-03
FRD00335,CUST015923,2023-03-04,Card Fraud,Online Banking,808.78,75.99,True,False,Region-10
FRD00336,CUST012755,2024-11-16,Suspicious Transfer,Online Banking,1597.12,752.8,False,False,Region-03
FRD00337,CUST003801,2023-06-22,Suspicious Transfer,ATM,113.94,25.25,True,False,Region-07
FRD00338,CUST011247,2024-11-14,Suspicious Transfer,Mobile App,1628.06,36.18,True,False,Region-07
FRD00339,CUST017849,2023-12-25,Unusual Transaction Pattern,ATM,650.75,670.73,False,False,Region-04
FRD00340,CUST016633,2024-12-09,Suspicious Transfer,Online Banking,323.47,31.04,True,False,Region-04
FRD00341,CUST010583,2023-05-21,Account Takeover,Branch,597.81,22.2,True,False,Region-01
FRD00342,CUST007338,2023-02-27,Suspicious Transfer,ATM,950.14,974.32,False,False,Region-09
FRD00343,CUST003585,2023-09-25,Suspicious Transfer,Branch,241.02,11.18,True,False,Region-10
FRD00344,CUST010156,2023-06-08,ATM Fraud,Online Banking,159.3,449.36,False,True,Region-11
FRD00345,CUST013880,2023-09-15,Card Fraud,Online Banking,737.64,126.16,True,False,Region-08
FRD00346,CUST005315,2023-07-31,Card Fraud,Branch,389.39,8.96,True,False,Region-09
FRD00347,CUST009545,2023-09-27,Card Fraud,Branch,435.13,73.89,True,False,Region-04
FRD00348,CUST007749,2024-12-22,Card Fraud,ATM,1115.46,67.52,True,False,Region-06
FRD00349,CUST017858,2024-06-13,Card Fraud,ATM,1086.21,149.35,False,True,Region-11
FRD00350,CUST012130,2024-05-05,Account Takeover,Branch,19.65,128.96,True,False,Region-01
FRD00351,CUST014619,2024-11-12,Card Fraud,Card Network,274.74,31.67,True,False,Region-03
FRD00352,CUST019928,2023-06-11,Card Fraud,Online Banking,227.14,1440.26,False,False,Region-11
FRD00353,CUST016582,2023-12-26,Suspicious Transfer,Online Banking,1822.98,53.84,True,False,Region-03
FRD00354,CUST011055,2024-02-29,Account Takeover,Card Network,577.02,102.64,True,False,Region-01
FRD00355,CUST000465,2023-11-19,Suspicious Transfer,Online Banking,221.52,571.45,False,True,Region-07
FRD00356,CUST012106,2023-06-24,Suspicious Transfer,Online Banking,283.67,1983.26,False,True,Region-01
FRD00357,CUST012028,2024-10-05,Unusual Transaction Pattern,Online Banking,179.27,144.02,True,False,Region-03
FRD00358,CUST017880,2024-08-27,Card Fraud,Mobile App,284.41,9.32,True,False,Region-11
FRD00359,CUST018428,2024-12-08,Card Fraud,Branch,382.0,11.54,True,False,Region-09
FRD00360,CUST006267,2024-06-08,Identity-related Anomaly,ATM,392.96,879.75,False,True,Region-08
FRD00361,CUST015001,2024-11-08,ATM Fraud,ATM,644.07,25.28,True,False,Region-09
FRD00362,CUST001411,2024-10-23,Card Fraud,Branch,327.86,97.49,True,False,Region-05
FRD00363,CUST006200,2024-11-16,Card Fraud,Branch,74.06,5.18,True,False,Region-04
FRD00364,CUST016667,2024-06-23,Card Fraud,Online Banking,261.06,43.45,True,False,Region-08
FRD00365,CUST005006,2023-08-17,Identity-related Anomaly,Mobile App,1622.47,349.05,False,False,Region-11
FRD00366,CUST014385,2023-08-14,Unusual Transaction Pattern,ATM,637.15,1161.31,False,True,Region-06
FRD00367,CUST010206,2024-11-19,Account Takeover,Mobile App,1291.65,340.54,False,True,Region-04
FRD00368,CUST005230,2023-04-14,Identity-related Anomaly,ATM,342.04,16.26,True,False,Region-09
FRD00369,CUST012412,2024-08-18,Suspicious Transfer,ATM,91.91,77.32,True,False,Region-02
FRD00370,CUST002812,2024-12-20,Unusual Transaction Pattern,Online Banking,239.81,103.55,True,False,Region-06
FRD00371,CUST001564,2023-09-29,ATM Fraud,Online Banking,1340.1,153.07,True,False,Region-12
FRD00372,CUST009355,2023-04-26,Unusual Transaction Pattern,Card Network,365.43,43.44,True,False,Region-10
FRD00373,CUST008402,2024-03-03,Account Takeover,Online Banking,449.91,74.61,True,False,Region-11
FRD00374,CUST000728,2024-02-16,Suspicious Transfer,Online Banking,634.06,182.54,True,False,Region-11
FRD00375,CUST003659,2024-06-19,ATM Fraud,Card Network,2785.73,721.64,False,False,Region-04
FRD00376,CUST005736,2024-11-02,Suspicious Transfer,Online Banking,881.88,62.04,True,False,Region-09
FRD00377,CUST012556,2023-01-24,Account Takeover,ATM,612.72,113.18,True,False,Region-03
FRD00378,CUST007479,2024-01-11,Unusual Transaction Pattern,Online Banking,187.8,5.5,True,False,Region-08
FRD00379,CUST009765,2024-08-15,Suspicious Transfer,ATM,412.32,48.61,True,False,Region-05
FRD00380,CUST002902,2023-01-27,Account Takeover,Mobile App,148.84,50.16,True,False,Region-10
FRD00381,CUST016773,2023-10-18,Card Fraud,Mobile App,572.76,2.68,True,False,Region-02
FRD00382,CUST009671,2023-08-22,Suspicious Transfer,Card Network,1026.36,13.66,True,False,Region-07
FRD00383,CUST001167,2023-09-07,Card Fraud,Branch,487.63,84.38,True,False,Region-05
FRD00384,CUST010377,2024-01-25,Card Fraud,Branch,809.69,20.85,True,False,Region-10
FRD00385,CUST014188,2024-10-22,Suspicious Transfer,Mobile App,820.19,25.48,True,False,Region-08
FRD00386,CUST018692,2024-09-08,Card Fraud,Online Banking,1776.67,151.63,True,False,Region-12
FRD00387,CUST016684,2024-10-03,Card Fraud,Mobile App,627.69,53.35,True,False,Region-12
FRD00388,CUST019966,2024-06-28,Unusual Transaction Pattern,Card Network,458.06,652.01,False,True,Region-11
FRD00389,CUST015313,2023-03-15,Unusual Transaction Pattern,ATM,586.94,28.1,True,False,Region-07
FRD00390,CUST018181,2023-10-10,Account Takeover,Mobile App,403.65,56.24,True,False,Region-11
FRD00391,CUST010792,2023-09-19,Account Takeover,Branch,230.1,250.39,True,False,Region-01
FRD00392,CUST018369,2024-04-02,Suspicious Transfer,Online Banking,822.96,9.59,True,False,Region-04
FRD00393,CUST009629,2024-06-26,Card Fraud,Card Network,74.2,43.26,True,False,Region-03
FRD00394,CUST010436,2024-04-04,Card Fraud,ATM,467.9,3.0,True,False,Region-05
FRD00395,CUST007860,2024-02-25,Unusual Transaction Pattern,Card Network,935.14,138.69,True,False,Region-08
FRD00396,CUST012433,2023-11-22,ATM Fraud,Mobile App,368.78,81.98,True,False,Region-11
FRD00397,CUST002739,2024-03-04,Unusual Transaction Pattern,Mobile App,422.8,1069.22,False,False,Region-02
FRD00398,CUST015601,2023-04-17,ATM Fraud,Mobile App,229.3,121.68,True,False,Region-07
FRD00399,CUST008988,2023-04-09,Suspicious Transfer,Mobile App,1619.66,59.94,True,False,Region-04
FRD00400,CUST015533,2023-08-16,Card Fraud,Branch,69.48,16.27,True,False,Region-03
FRD00401,CUST009045,2024-05-07,Card Fraud,Mobile App,616.85,27.55,True,False,Region-05
FRD00402,CUST015451,2023-03-28,Account Takeover,Card Network,490.62,7.84,True,False,Region-07
FRD00403,CUST006943,2024-09-14,Card Fraud,Card Network,434.1,121.01,True,False,Region-11
FRD00404,CUST005015,2024-09-10,Account Takeover,Mobile App,348.28,102.56,True,False,Region-04
FRD00405,CUST003112,2023-11-21,Card Fraud,Mobile App,532.93,1471.0,False,False,Region-10
FRD00406,CUST011176,2023-01-30,Card Fraud,Card Network,406.21,34.35,True,False,Region-07
FRD00407,CUST005187,2023-01-26,Card Fraud,Mobile App,1776.56,20.61,True,False,Region-03
FRD00408,CUST007970,2024-01-11,Suspicious Transfer,Mobile App,695.92,163.86,False,False,Region-06
FRD00409,CUST008490,2024-11-18,Card Fraud,Branch,109.01,187.21,False,False,Region-12
FRD00410,CUST013957,2023-04-29,ATM Fraud,ATM,246.08,39.81,True,False,Region-04
FRD00411,CUST002421,2024-10-09,Account Takeover,Card Network,360.24,79.48,True,False,Region-07
FRD00412,CUST005924,2024-09-23,Identity-related Anomaly,Card Network,184.06,1142.08,False,True,Region-05
FRD00413,CUST005012,2023-03-13,Unusual Transaction Pattern,Online Banking,181.23,44.4,True,False,Region-10
FRD00414,CUST001552,2024-07-28,Card Fraud,Card Network,443.46,17.08,True,False,Region-05
FRD00415,CUST013627,2024-11-14,Card Fraud,ATM,448.23,57.32,True,False,Region-08
FRD00416,CUST010079,2023-03-17,Card Fraud,Branch,1216.46,13.45,True,False,Region-04
FRD00417,CUST015574,2024-04-18,Card Fraud,Mobile App,379.39,4.73,True,False,Region-05
FRD00418,CUST007981,2024-04-09,Suspicious Transfer,Online Banking,862.27,8.21,True,False,Region-06
FRD00419,CUST015930,2023-01-03,Card Fraud,Online Banking,545.82,125.99,True,False,Region-02
FRD00420,CUST019222,2024-07-05,Account Takeover,Branch,1119.4,40.82,True,False,Region-09
FRD00421,CUST017244,2023-02-20,Unusual Transaction Pattern,Online Banking,1254.26,29.56,True,False,Region-05
FRD00422,CUST001907,2023-07-18,Account Takeover,Mobile App,628.52,11.04,True,False,Region-12
FRD00423,CUST014354,2023-01-27,Card Fraud,Online Banking,1328.57,7.11,True,False,Region-07
FRD00424,CUST014856,2023-02-28,Card Fraud,Mobile App,887.47,21.4,True,False,Region-11
FRD00425,CUST001292,2024-06-15,Card Fraud,Branch,142.28,49.24,True,False,Region-02
FRD00426,CUST009911,2023-08-23,Account Takeover,Online Banking,2387.76,1728.81,False,True,Region-04
FRD00427,CUST005328,2023-09-12,Card Fraud,Branch,131.37,14.15,True,False,Region-10
FRD00428,CUST005144,2024-07-18,Account Takeover,Card Network,755.1,25.47,True,False,Region-05
FRD00429,CUST006645,2024-05-29,Identity-related Anomaly,Branch,234.14,253.77,True,False,Region-07
FRD00430,CUST017397,2024-10-26,Unusual Transaction Pattern,ATM,202.84,78.61,True,False,Region-10
FRD00431,CUST008450,2023-10-17,Suspicious Transfer,ATM,529.61,333.75,True,False,Region-04
FRD00432,CUST002867,2024-07-11,ATM Fraud,Card Network,790.84,172.89,True,False,Region-05
FRD00433,CUST018771,2023-06-28,Card Fraud,Card Network,588.31,90.83,True,False,Region-01
FRD00434,CUST000244,2024-09-18,Suspicious Transfer,Mobile App,156.02,26.41,True,False,Region-11
FRD00435,CUST000424,2024-03-05,Card Fraud,Branch,695.84,60.27,True,False,Region-12
FRD00436,CUST006912,2023-09-29,Suspicious Transfer,Card Network,319.14,2.42,True,False,Region-10
FRD00437,CUST002342,2023-01-15,Unusual Transaction Pattern,Mobile App,983.3,96.87,True,False,Region-05
FRD00438,CUST011132,2023-08-14,Suspicious Transfer,Branch,537.81,43.75,True,False,Region-09
FRD00439,CUST013270,2024-11-05,Unusual Transaction Pattern,Card Network,257.35,19.47,True,False,Region-02
FRD00440,CUST017031,2024-01-15,Account Takeover,Card Network,1002.82,43.1,True,False,Region-01
FRD00441,CUST015882,2024-04-20,Suspicious Transfer,Mobile App,733.81,30.83,True,False,Region-06
FRD00442,CUST007105,2023-03-21,Unusual Transaction Pattern,Branch,556.05,198.93,True,False,Region-09
FRD00443,CUST014509,2023-06-08,Card Fraud,Online Banking,1433.41,51.45,True,False,Region-02
FRD00444,CUST014079,2023-02-18,Card Fraud,Branch,1122.43,40.32,True,False,Region-02
FRD00445,CUST001929,2023-03-18,Identity-related Anomaly,Online Banking,959.14,45.79,True,False,Region-05
FRD00446,CUST010796,2023-05-04,Account Takeover,Mobile App,1184.26,23.56,True,False,Region-10
FRD00447,CUST015445,2023-01-05,Suspicious Transfer,Online Banking,789.46,27.73,True,False,Region-09
FRD00448,CUST013723,2024-04-23,Card Fraud,Card Network,638.75,9.26,True,False,Region-01
FRD00449,CUST019777,2023-11-10,Suspicious Transfer,ATM,313.88,62.98,True,False,Region-02
FRD00450,CUST010970,2023-08-01,Card Fraud,Mobile App,368.41,16.29,True,False,Region-01
FRD00451,CUST011840,2024-08-26,Card Fraud,Mobile App,467.55,113.38,True,False,Region-03
FRD00452,CUST013814,2024-12-30,Card Fraud,Card Network,398.88,142.09,True,False,Region-07
FRD00453,CUST001695,2024-07-01,ATM Fraud,Branch,1518.06,12.21,True,False,Region-08
FRD00454,CUST016477,2023-05-19,ATM Fraud,Mobile App,531.27,298.0,False,True,Region-07
FRD00455,CUST008123,2024-08-14,Suspicious Transfer,Card Network,1426.23,15.4,True,False,Region-07
FRD00456,CUST010561,2024-12-09,Unusual Transaction Pattern,Mobile App,247.45,50.04,True,False,Region-06
FRD00457,CUST012057,2024-01-21,Unusual Transaction Pattern,ATM,705.04,80.54,True,False,Region-03
FRD00458,CUST000309,2023-01-20,Card Fraud,Online Banking,139.97,110.89,True,False,Region-07
FRD00459,CUST019437,2023-11-11,Account Takeover,ATM,503.1,46.46,True,False,Region-05
FRD00460,CUST011610,2023-02-13,Account Takeover,ATM,1125.26,42.65,True,False,Region-01
FRD00461,CUST019359,2023-07-31,Card Fraud,Online Banking,492.84,25.16,True,False,Region-08
FRD00462,CUST014227,2024-09-18,Card Fraud,Branch,1618.06,89.71,True,False,Region-08
FRD00463,CUST018349,2023-11-13,Account Takeover,Mobile App,551.95,5.54,True,False,Region-12
FRD00464,CUST006868,2023-01-07,Suspicious Transfer,Card Network,1156.3,569.33,False,True,Region-02
FRD00465,CUST019032,2023-06-29,Card Fraud,Card Network,95.74,5.21,True,False,Region-11
FRD00466,CUST005403,2023-01-20,Unusual Transaction Pattern,ATM,1300.46,25.37,True,False,Region-06
FRD00467,CUST019974,2024-04-30,Suspicious Transfer,Branch,184.49,1171.54,False,True,Region-05
FRD00468,CUST016345,2024-04-03,Unusual Transaction Pattern,ATM,882.17,6.81,True,False,Region-01
FRD00469,CUST015998,2024-05-21,ATM Fraud,Mobile App,658.31,9.88,True,False,Region-05
FRD00470,CUST000065,2024-04-02,Account Takeover,ATM,232.49,59.49,True,False,Region-03
FRD00471,CUST013120,2023-03-14,Suspicious Transfer,Card Network,548.12,129.26,True,False,Region-01
FRD00472,CUST013698,2023-07-30,Unusual Transaction Pattern,Mobile App,1688.46,166.55,True,False,Region-09
FRD00473,CUST010297,2024-04-09,Suspicious Transfer,Online Banking,511.61,745.15,False,False,Region-03
FRD00474,CUST009161,2024-06-01,ATM Fraud,Branch,613.8,82.48,True,False,Region-10
FRD00475,CUST000195,2023-03-01,Card Fraud,ATM,454.86,843.11,False,False,Region-12
FRD00476,CUST014738,2023-10-07,Card Fraud,Card Network,282.02,1617.54,False,False,Region-12
FRD00477,CUST019813,2023-06-23,Unusual Transaction Pattern,Online Banking,175.04,92.41,True,False,Region-09
FRD00478,CUST016474,2024-08-27,Account Takeover,Card Network,218.88,40.43,True,False,Region-08
FRD00479,CUST003691,2024-02-10,Account Takeover,Mobile App,375.87,47.36,True,False,Region-04
FRD00480,CUST003707,2024-09-14,Card Fraud,Online Banking,313.59,42.61,True,False,Region-10
FRD00481,CUST017133,2023-08-08,ATM Fraud,Mobile App,1688.08,132.83,True,False,Region-08
FRD00482,CUST012028,2023-10-28,ATM Fraud,Branch,635.41,1636.1,False,True,Region-03
FRD00483,CUST000672,2024-06-06,Card Fraud,Card Network,247.91,104.38,True,False,Region-09
FRD00484,CUST008126,2023-12-10,Account Takeover,Online Banking,126.14,16.88,True,False,Region-10
FRD00485,CUST000773,2023-05-28,Card Fraud,ATM,255.52,26.18,True,False,Region-01
FRD00486,CUST007699,2023-04-08,ATM Fraud,Online Banking,1243.76,140.11,True,False,Region-01
FRD00487,CUST017471,2023-01-21,Account Takeover,Online Banking,167.29,22.94,True,False,Region-02
FRD00488,CUST000115,2023-05-02,Unusual Transaction Pattern,Mobile App,640.42,67.9,True,False,Region-07
FRD00489,CUST002482,2023-06-02,Card Fraud,ATM,113.06,529.45,False,True,Region-02
FRD00490,CUST004264,2023-10-27,Account Takeover,Branch,220.47,1.66,True,False,Region-07
FRD00491,CUST016749,2024-07-29,Card Fraud,Mobile App,299.24,24.24,True,False,Region-05
FRD00492,CUST009651,2023-08-29,Suspicious Transfer,Mobile App,839.05,126.3,True,False,Region-05
FRD00493,CUST000938,2024-07-29,Account Takeover,Online Banking,2085.22,11.3,True,False,Region-08
FRD00494,CUST008998,2023-09-28,Account Takeover,Online Banking,847.88,145.0,True,False,Region-05
FRD00495,CUST012633,2024-06-07,Card Fraud,Card Network,100.69,28.79,True,False,Region-07
FRD00496,CUST012383,2023-08-15,Unusual Transaction Pattern,ATM,865.36,40.21,True,False,Region-01
FRD00497,CUST017251,2024-02-17,Suspicious Transfer,Branch,594.54,91.23,True,False,Region-05
FRD00498,CUST002171,2023-03-24,Card Fraud,Online Banking,64.88,77.33,True,False,Region-03
FRD00499,CUST016368,2024-05-15,Card Fraud,ATM,1194.14,214.14,True,False,Region-04
FRD00500,CUST007148,2023-02-12,Unusual Transaction Pattern,Card Network,297.28,57.84,True,False,Region-04
FRD00501,CUST012108,2024-08-18,ATM Fraud,ATM,220.71,662.76,False,False,Region-12
FRD00502,CUST016386,2024-10-28,Card Fraud,ATM,925.62,942.26,False,True,Region-12
FRD00503,CUST007838,2023-11-05,Unusual Transaction Pattern,Mobile App,498.75,77.92,True,False,Region-12
FRD00504,CUST001365,2023-08-16,Identity-related Anomaly,ATM,2503.59,1784.7,False,False,Region-02
FRD00505,CUST018341,2024-03-08,Account Takeover,ATM,869.55,149.71,True,False,Region-02
FRD00506,CUST009206,2024-05-19,Suspicious Transfer,ATM,474.79,55.66,True,False,Region-03
FRD00507,CUST005738,2024-12-09,Card Fraud,Branch,165.14,1009.47,False,False,Region-08
FRD00508,CUST004108,2024-02-12,ATM Fraud,Mobile App,1202.74,55.44,True,False,Region-09
FRD00509,CUST013851,2023-07-09,Suspicious Transfer,Online Banking,1060.77,439.92,False,True,Region-03
FRD00510,CUST010344,2024-09-22,Unusual Transaction Pattern,Mobile App,986.9,57.77,True,False,Region-01
FRD00511,CUST010007,2023-01-15,Suspicious Transfer,Mobile App,521.01,48.43,True,False,Region-07
FRD00512,CUST008930,2023-02-17,Card Fraud,Online Banking,397.85,220.7,True,False,Region-08
FRD00513,CUST007563,2024-06-19,Unusual Transaction Pattern,Online Banking,286.01,384.71,False,True,Region-03
FRD00514,CUST007555,2023-10-12,ATM Fraud,Branch,1211.75,4.53,True,False,Region-12
FRD00515,CUST000302,2024-06-06,Account Takeover,Card Network,325.24,54.27,True,False,Region-08
FRD00516,CUST003958,2023-10-31,Account Takeover,Mobile App,1736.23,255.85,True,False,Region-11
FRD00517,CUST001061,2024-03-04,Suspicious Transfer,Branch,979.26,29.73,True,False,Region-02
FRD00518,CUST004905,2024-05-27,Card Fraud,Card Network,229.87,53.9,True,False,Region-07
FRD00519,CUST016436,2023-01-06,Card Fraud,Card Network,663.93,11.42,True,False,Region-08
FRD00520,CUST005023,2024-06-06,Suspicious Transfer,Card Network,270.12,28.93,True,False,Region-05
FRD00521,CUST003720,2023-04-24,Unusual Transaction Pattern,Mobile App,133.59,58.38,True,False,Region-06
FRD00522,CUST004241,2024-04-05,Identity-related Anomaly,Mobile App,315.2,92.84,True,False,Region-11
FRD00523,CUST008493,2024-09-02,Identity-related Anomaly,Mobile App,128.35,255.6,True,False,Region-02
FRD00524,CUST009812,2023-07-08,Unusual Transaction Pattern,Online Banking,177.2,21.61,True,False,Region-01
FRD00525,CUST015642,2024-02-01,Identity-related Anomaly,Branch,133.98,24.62,True,False,Region-04
FRD00526,CUST000510,2023-07-20,Unusual Transaction Pattern,Branch,104.18,91.95,True,False,Region-11
FRD00527,CUST007327,2023-06-11,Suspicious Transfer,Mobile App,143.17,123.63,True,False,Region-03
FRD00528,CUST001775,2024-08-14,Suspicious Transfer,Card Network,313.35,30.11,True,False,Region-02
FRD00529,CUST006715,2024-01-30,Unusual Transaction Pattern,Online Banking,1125.06,182.13,True,False,Region-09
FRD00530,CUST016247,2024-11-11,Account Takeover,Online Banking,346.64,289.97,True,False,Region-10
FRD00531,CUST009098,2023-05-18,Card Fraud,Card Network,556.82,47.45,True,False,Region-08
FRD00532,CUST000860,2023-10-10,Card Fraud,ATM,637.99,24.85,True,False,Region-11
FRD00533,CUST018261,2023-05-18,Unusual Transaction Pattern,Card Network,379.08,24.0,True,False,Region-10
FRD00534,CUST008688,2024-07-13,Account Takeover,ATM,420.27,83.29,True,False,Region-08
FRD00535,CUST007363,2023-07-11,Suspicious Transfer,Online Banking,540.88,115.26,True,False,Region-06
FRD00536,CUST011003,2024-06-18,Suspicious Transfer,Mobile App,453.45,20.86,True,False,Region-10
FRD00537,CUST011511,2024-08-14,Identity-related Anomaly,ATM,104.47,41.64,True,False,Region-10
FRD00538,CUST019150,2024-04-30,Card Fraud,Card Network,1107.48,776.68,False,True,Region-05
FRD00539,CUST000961,2024-12-28,Card Fraud,Online Banking,183.21,70.02,True,False,Region-03
FRD00540,CUST009337,2023-01-26,Card Fraud,Online Banking,711.99,1636.93,False,False,Region-01
FRD00541,CUST009467,2024-01-10,Suspicious Transfer,ATM,189.64,1504.77,False,True,Region-02
FRD00542,CUST010987,2024-09-03,Suspicious Transfer,Card Network,1486.15,37.17,True,False,Region-07
FRD00543,CUST019807,2024-11-09,Identity-related Anomaly,Branch,304.39,127.62,True,False,Region-03
FRD00544,CUST004298,2023-08-09,Identity-related Anomaly,Mobile App,523.9,45.32,True,False,Region-05
FRD00545,CUST019725,2023-11-03,Suspicious Transfer,Mobile App,798.01,65.02,True,False,Region-07
FRD00546,CUST000444,2024-06-24,Unusual Transaction Pattern,Mobile App,68.34,162.66,True,False,Region-11
FRD00547,CUST014863,2023-11-24,Account Takeover,Online Banking,217.31,16.21,True,False,Region-05
FRD00548,CUST016493,2023-10-23,Card Fraud,Branch,958.8,0.12,True,False,Region-12
FRD00549,CUST005860,2024-06-28,Card Fraud,Mobile App,225.47,99.06,True,False,Region-10
FRD00550,CUST000144,2023-11-22,ATM Fraud,Branch,888.42,1237.59,False,True,Region-07
FRD00551,CUST009500,2023-09-25,Card Fraud,Mobile App,750.68,93.76,True,False,Region-03
FRD00552,CUST006211,2023-01-12,Suspicious Transfer,ATM,643.15,171.32,True,False,Region-04
FRD00553,CUST004789,2023-11-03,Account Takeover,ATM,38.98,146.87,True,False,Region-09
FRD00554,CUST000974,2023-06-05,Card Fraud,Mobile App,2114.01,23.63,True,False,Region-10
FRD00555,CUST014185,2023-02-25,Identity-related Anomaly,Mobile App,422.19,403.24,True,False,Region-01
FRD00556,CUST003148,2024-08-12,Identity-related Anomaly,Card Network,592.2,283.7,False,False,Region-01
FRD00557,CUST015525,2024-08-19,Card Fraud,Mobile App,366.28,367.11,False,False,Region-04
FRD00558,CUST001020,2024-06-06,Card Fraud,Online Banking,291.63,64.86,True,False,Region-04
FRD00559,CUST002138,2024-01-06,ATM Fraud,Mobile App,523.61,35.79,True,False,Region-06
FRD00560,CUST007315,2024-05-02,Account Takeover,Online Banking,1324.46,6.19,True,False,Region-02
FRD00561,CUST008978,2024-04-29,Unusual Transaction Pattern,Online Banking,734.67,93.93,True,False,Region-12
FRD00562,CUST014908,2024-11-03,Suspicious Transfer,Branch,317.86,463.86,False,False,Region-10
FRD00563,CUST009680,2023-11-10,Account Takeover,Mobile App,1055.46,1.65,True,False,Region-08
FRD00564,CUST014856,2023-11-05,Suspicious Transfer,Mobile App,1587.28,17.93,True,False,Region-11
FRD00565,CUST015178,2024-10-26,Card Fraud,Online Banking,599.17,44.34,True,False,Region-09
FRD00566,CUST001130,2023-02-01,Card Fraud,Branch,315.72,144.91,True,False,Region-01
FRD00567,CUST005186,2024-11-20,Suspicious Transfer,Online Banking,233.2,37.02,True,False,Region-09
FRD00568,CUST016857,2024-11-09,Card Fraud,ATM,1327.4,490.3,False,False,Region-09
FRD00569,CUST004711,2024-05-03,Card Fraud,ATM,380.56,28.22,True,False,Region-11
FRD00570,CUST012509,2024-06-28,Suspicious Transfer,Card Network,68.22,160.67,True,False,Region-07
FRD00571,CUST016104,2023-08-08,ATM Fraud,Branch,791.3,10.58,True,False,Region-07
FRD00572,CUST015260,2023-06-30,Identity-related Anomaly,Card Network,1004.9,254.62,False,False,Region-06
FRD00573,CUST019496,2023-08-17,ATM Fraud,Online Banking,733.67,81.0,True,False,Region-10
FRD00574,CUST013570,2023-03-29,Card Fraud,Card Network,252.83,105.38,True,False,Region-10
FRD00575,CUST018406,2023-12-30,Identity-related Anomaly,Online Banking,201.72,15.01,True,False,Region-11
FRD00576,CUST012917,2023-09-27,Suspicious Transfer,ATM,450.78,53.0,True,False,Region-04
FRD00577,CUST013673,2023-04-17,Suspicious Transfer,Online Banking,656.7,68.46,True,False,Region-11
FRD00578,CUST019843,2023-11-09,Account Takeover,ATM,1398.91,124.73,True,False,Region-10
FRD00579,CUST016451,2023-07-28,Card Fraud,Branch,1886.7,19.42,True,False,Region-10
FRD00580,CUST002178,2023-09-04,Card Fraud,Online Banking,610.5,153.89,True,False,Region-08
FRD00581,CUST016825,2024-10-05,Unusual Transaction Pattern,ATM,326.83,25.89,True,False,Region-12
FRD00582,CUST012654,2023-03-05,Suspicious Transfer,Online Banking,903.04,46.31,True,False,Region-12
FRD00583,CUST007883,2023-05-28,Suspicious Transfer,Card Network,914.22,1.21,True,False,Region-09
FRD00584,CUST017382,2023-07-05,ATM Fraud,ATM,217.33,23.98,True,False,Region-10
FRD00585,CUST019627,2024-08-02,ATM Fraud,ATM,739.5,172.21,True,False,Region-02
FRD00586,CUST015261,2023-07-01,ATM Fraud,ATM,774.12,39.62,True,False,Region-01
FRD00587,CUST003737,2023-03-02,Suspicious Transfer,Card Network,453.87,64.73,True,False,Region-06
FRD00588,CUST006330,2024-07-26,Unusual Transaction Pattern,Mobile App,338.84,63.72,True,False,Region-05
FRD00589,CUST001963,2024-10-05,Suspicious Transfer,Branch,424.94,103.5,True,False,Region-07
FRD00590,CUST013241,2024-11-30,Card Fraud,Online Banking,733.68,10.39,True,False,Region-01
FRD00591,CUST004025,2023-05-04,ATM Fraud,ATM,1242.92,29.46,True,False,Region-09
FRD00592,CUST007625,2024-10-02,Account Takeover,Online Banking,1168.25,66.94,True,False,Region-09
FRD00593,CUST001292,2024-02-10,Card Fraud,Mobile App,788.67,56.63,True,False,Region-02
FRD00594,CUST010844,2024-10-23,Account Takeover,Branch,647.59,16.29,True,False,Region-04
FRD00595,CUST001356,2024-10-05,Identity-related Anomaly,Branch,813.55,68.36,True,False,Region-04
FRD00596,CUST004196,2024-12-18,Card Fraud,Card Network,1246.4,228.07,True,False,Region-04
FRD00597,CUST006645,2023-04-27,Card Fraud,Online Banking,975.79,39.17,True,False,Region-07
FRD00598,CUST007076,2024-07-22,Card Fraud,Card Network,1322.37,71.54,True,False,Region-04
FRD00599,CUST014278,2024-06-18,Card Fraud,Mobile App,1411.65,51.52,True,False,Region-10
FRD00600,CUST018899,2023-07-14,Card Fraud,Branch,395.61,30.25,True,False,Region-05
FRD00601,CUST017666,2024-11-16,Identity-related Anomaly,Branch,553.44,34.27,True,False,Region-02
FRD00602,CUST008445,2024-11-23,Unusual Transaction Pattern,ATM,393.43,3.3,True,False,Region-10
FRD00603,CUST001261,2023-08-05,Unusual Transaction Pattern,Branch,288.62,62.21,True,False,Region-04
FRD00604,CUST003274,2023-05-22,ATM Fraud,Card Network,915.78,33.21,True,False,Region-11
FRD00605,CUST015367,2023-09-19,Suspicious Transfer,Card Network,111.57,413.6,False,True,Region-09
FRD00606,CUST004494,2024-06-06,ATM Fraud,Branch,434.22,37.59,True,False,Region-04
FRD00607,CUST005586,2024-03-25,Card Fraud,Branch,1446.1,162.81,True,False,Region-12
FRD00608,CUST013822,2023-04-02,Identity-related Anomaly,Mobile App,505.76,71.08,True,False,Region-12
FRD00609,CUST001980,2023-05-23,Suspicious Transfer,Mobile App,1130.49,45.37,True,False,Region-05
FRD00610,CUST006610,2023-12-22,Account Takeover,Online Banking,365.69,9.21,True,False,Region-07
FRD00611,CUST013077,2024-05-13,Identity-related Anomaly,Branch,1374.51,71.27,True,False,Region-05
FRD00612,CUST003215,2024-03-25,Account Takeover,Card Network,751.34,55.09,True,False,Region-09
FRD00613,CUST003391,2024-10-16,Card Fraud,ATM,618.13,8.98,True,False,Region-01
FRD00614,CUST015247,2023-09-26,Suspicious Transfer,Mobile App,479.28,13.27,True,False,Region-01
FRD00615,CUST000662,2024-04-02,Suspicious Transfer,ATM,686.42,312.07,False,False,Region-03
FRD00616,CUST019855,2023-05-20,Card Fraud,Card Network,774.1,140.08,True,False,Region-04
FRD00617,CUST012023,2023-10-22,ATM Fraud,Mobile App,391.71,1442.53,False,False,Region-12
FRD00618,CUST011577,2023-01-04,Card Fraud,Branch,1258.36,25.55,True,False,Region-03
FRD00619,CUST004464,2024-08-16,Card Fraud,Online Banking,505.89,1384.2,False,False,Region-10
FRD00620,CUST013301,2023-03-19,Identity-related Anomaly,Mobile App,203.79,51.82,True,False,Region-07
FRD00621,CUST014359,2023-02-22,Card Fraud,Branch,1234.58,84.29,True,False,Region-05
FRD00622,CUST001576,2024-05-28,Suspicious Transfer,ATM,994.39,60.01,True,False,Region-03
FRD00623,CUST001031,2024-10-22,Suspicious Transfer,Branch,330.9,87.84,True,False,Region-02
FRD00624,CUST016501,2024-12-11,Unusual Transaction Pattern,Branch,988.2,44.74,True,False,Region-07
FRD00625,CUST006725,2024-03-04,Card Fraud,ATM,531.39,98.87,True,False,Region-11
FRD00626,CUST002721,2024-02-10,Account Takeover,Branch,333.14,5.7,True,False,Region-08
FRD00627,CUST011264,2024-03-30,ATM Fraud,Mobile App,402.74,87.24,True,False,Region-05
FRD00628,CUST011302,2023-10-03,Account Takeover,Online Banking,1118.88,92.31,True,False,Region-10
FRD00629,CUST002139,2024-07-17,Unusual Transaction Pattern,Online Banking,1369.27,81.42,True,False,Region-02
FRD00630,CUST015345,2023-07-22,Card Fraud,Card Network,363.84,36.29,True,False,Region-11
FRD00631,CUST012479,2024-04-01,Suspicious Transfer,Branch,164.18,161.22,True,False,Region-01
FRD00632,CUST005280,2024-09-22,Card Fraud,Card Network,1804.67,0.1,True,False,Region-09
FRD00633,CUST007164,2023-01-03,ATM Fraud,Card Network,240.73,898.84,False,False,Region-08
FRD00634,CUST010331,2024-08-15,Card Fraud,Branch,255.63,151.8,True,False,Region-10
FRD00635,CUST002454,2024-01-22,ATM Fraud,ATM,1183.72,1397.38,False,False,Region-04
FRD00636,CUST005523,2024-11-05,Identity-related Anomaly,Branch,179.26,62.29,True,False,Region-10
FRD00637,CUST006572,2024-08-28,Identity-related Anomaly,Branch,613.12,40.47,True,False,Region-04
FRD00638,CUST017308,2024-10-13,Account Takeover,Online Banking,783.85,54.49,True,False,Region-06
FRD00639,CUST004137,2024-01-07,Unusual Transaction Pattern,Online Banking,123.21,49.81,True,False,Region-04
FRD00640,CUST010096,2023-09-18,Card Fraud,ATM,71.08,4.15,True,False,Region-12
FRD00641,CUST011118,2023-10-09,Unusual Transaction Pattern,Mobile App,361.35,5.22,True,False,Region-04
FRD00642,CUST016037,2024-11-20,Card Fraud,Mobile App,368.27,120.96,True,False,Region-03
FRD00643,CUST015363,2023-07-04,ATM Fraud,Online Banking,561.58,8.8,True,False,Region-12
FRD00644,CUST017405,2024-04-17,Suspicious Transfer,Branch,285.4,272.63,True,False,Region-01
FRD00645,CUST008939,2023-09-29,Card Fraud,ATM,371.76,101.62,True,False,Region-11
FRD00646,CUST013018,2023-05-04,Suspicious Transfer,ATM,1405.76,4.43,True,False,Region-01
FRD00647,CUST017378,2024-02-05,Unusual Transaction Pattern,Online Banking,400.91,1116.85,False,False,Region-09
FRD00648,CUST015587,2024-11-07,Unusual Transaction Pattern,Mobile App,517.37,844.05,False,True,Region-07
FRD00649,CUST004807,2024-08-30,Card Fraud,Online Banking,391.59,96.31,True,False,Region-01
FRD00650,CUST002835,2024-01-06,ATM Fraud,ATM,2458.22,18.47,True,False,Region-11
FRD00651,CUST017633,2024-07-06,Suspicious Transfer,Branch,769.49,18.86,True,False,Region-04
FRD00652,CUST015214,2024-09-28,Card Fraud,ATM,374.71,38.33,True,False,Region-05
FRD00653,CUST006762,2024-08-09,ATM Fraud,Branch,652.47,843.88,False,False,Region-07
FRD00654,CUST012374,2024-09-16,Suspicious Transfer,Mobile App,1679.36,110.34,True,False,Region-03
FRD00655,CUST018692,2023-05-31,Card Fraud,Card Network,1360.85,332.96,False,True,Region-12
FRD00656,CUST011809,2023-01-17,ATM Fraud,ATM,1204.72,13.2,True,False,Region-05
FRD00657,CUST013666,2023-11-25,Account Takeover,Online Banking,190.81,98.97,True,False,Region-02
FRD00658,CUST003504,2023-11-15,Account Takeover,Card Network,766.21,91.58,True,False,Region-09
FRD00659,CUST014589,2024-12-20,Card Fraud,Branch,579.27,66.28,True,False,Region-10
FRD00660,CUST005526,2023-11-12,Identity-related Anomaly,ATM,942.93,48.21,True,False,Region-06
FRD00661,CUST009427,2024-09-05,Card Fraud,Card Network,362.6,107.83,True,False,Region-07
FRD00662,CUST005550,2024-09-14,Card Fraud,Branch,2143.13,18.19,True,False,Region-03
FRD00663,CUST011458,2023-09-21,Card Fraud,Card Network,187.67,734.94,False,False,Region-02
FRD00664,CUST017111,2023-03-12,Card Fraud,Branch,530.31,78.4,True,False,Region-02
FRD00665,CUST007881,2023-05-12,ATM Fraud,Card Network,80.32,285.54,True,False,Region-06
FRD00666,CUST007252,2024-06-30,Suspicious Transfer,Online Banking,115.57,38.44,True,False,Region-04
FRD00667,CUST012558,2024-08-05,Identity-related Anomaly,Card Network,821.58,48.6,True,False,Region-04
FRD00668,CUST000801,2024-12-22,Suspicious Transfer,Card Network,518.06,79.95,True,False,Region-07
FRD00669,CUST001996,2024-04-13,Identity-related Anomaly,ATM,296.54,88.63,True,False,Region-12
FRD00670,CUST019795,2024-04-20,Suspicious Transfer,Card Network,269.64,18.77,True,False,Region-03
FRD00671,CUST005988,2024-06-24,Identity-related Anomaly,Mobile App,540.37,20.5,True,False,Region-07
FRD00672,CUST018491,2023-06-02,Identity-related Anomaly,Card Network,323.08,115.44,True,False,Region-03
FRD00673,CUST004758,2024-09-03,ATM Fraud,Card Network,158.82,102.92,True,False,Region-12
FRD00674,CUST019119,2024-06-18,Suspicious Transfer,Mobile App,1643.2,139.46,True,False,Region-06
FRD00675,CUST016060,2023-08-04,Unusual Transaction Pattern,Online Banking,894.03,32.26,True,False,Region-11
FRD00676,CUST015832,2023-09-13,Suspicious Transfer,ATM,149.93,2.08,True,False,Region-09
FRD00677,CUST017333,2024-08-01,Unusual Transaction Pattern,Branch,719.29,351.92,False,False,Region-04
FRD00678,CUST006256,2023-04-04,Suspicious Transfer,Online Banking,1272.1,6.86,True,False,Region-08
FRD00679,CUST005026,2024-09-17,Card Fraud,ATM,1037.61,0.25,True,False,Region-03
FRD00680,CUST011948,2023-08-21,Card Fraud,Card Network,1181.21,136.75,True,False,Region-10
FRD00681,CUST010309,2024-10-29,Card Fraud,Mobile App,1407.7,329.51,False,False,Region-11
FRD00682,CUST019733,2023-12-19,Account Takeover,Online Banking,256.12,42.44,True,False,Region-12
FRD00683,CUST008705,2023-12-05,ATM Fraud,Mobile App,755.44,303.56,False,False,Region-04
FRD00684,CUST015052,2023-06-16,Suspicious Transfer,Mobile App,379.96,175.27,True,False,Region-03
FRD00685,CUST012324,2023-02-07,ATM Fraud,ATM,295.61,675.12,False,False,Region-01
FRD00686,CUST001530,2023-06-03,Suspicious Transfer,Mobile App,594.49,30.08,True,False,Region-06
FRD00687,CUST001741,2024-06-13,Identity-related Anomaly,ATM,841.44,128.8,False,True,Region-10
FRD00688,CUST006080,2024-11-02,Account Takeover,Mobile App,144.07,60.6,True,False,Region-01
FRD00689,CUST007637,2023-08-15,Account Takeover,Card Network,361.99,113.62,True,False,Region-09
FRD00690,CUST011544,2023-06-02,Suspicious Transfer,Mobile App,663.91,3.88,True,False,Region-03
FRD00691,CUST003652,2023-07-06,Unusual Transaction Pattern,Online Banking,1273.85,229.38,False,False,Region-02
FRD00692,CUST016347,2023-01-09,Card Fraud,Online Banking,889.29,15.06,True,False,Region-09
FRD00693,CUST017071,2023-12-07,Account Takeover,Branch,101.15,808.76,False,False,Region-10
FRD00694,CUST017320,2023-07-19,Identity-related Anomaly,Online Banking,437.78,12.08,True,False,Region-11
FRD00695,CUST004713,2023-10-19,Suspicious Transfer,Online Banking,1240.13,635.95,False,True,Region-06
FRD00696,CUST014520,2023-12-25,Card Fraud,Mobile App,1680.04,24.45,True,False,Region-03
FRD00697,CUST002476,2024-11-27,ATM Fraud,Mobile App,223.29,71.99,True,False,Region-03
FRD00698,CUST019255,2024-12-03,ATM Fraud,Mobile App,345.29,12.53,True,False,Region-11
FRD00699,CUST004112,2024-02-06,Suspicious Transfer,Mobile App,167.13,80.68,True,False,Region-06
FRD00700,CUST009536,2024-01-05,Card Fraud,Card Network,611.26,19.15,True,False,Region-06
FRD00701,CUST012870,2024-10-24,Card Fraud,Branch,916.18,60.98,True,False,Region-03
FRD00702,CUST018975,2024-09-23,Card Fraud,Mobile App,268.63,793.32,False,False,Region-10
FRD00703,CUST011537,2023-01-13,Identity-related Anomaly,Mobile App,1067.94,379.58,False,False,Region-04
FRD00704,CUST012907,2024-01-12,Suspicious Transfer,Branch,537.34,14.69,True,False,Region-09
FRD00705,CUST011036,2024-04-14,Card Fraud,Online Banking,244.36,939.87,False,False,Region-11
FRD00706,CUST008018,2023-03-20,Suspicious Transfer,Mobile App,321.19,5.11,True,False,Region-10
FRD00707,CUST019475,2024-05-17,ATM Fraud,Mobile App,801.51,48.86,True,False,Region-09
FRD00708,CUST014460,2024-03-09,Suspicious Transfer,Branch,624.0,174.41,True,False,Region-07
FRD00709,CUST018757,2024-05-04,ATM Fraud,Branch,271.83,24.67,True,False,Region-07
FRD00710,CUST006325,2023-06-20,Unusual Transaction Pattern,Branch,571.26,151.27,True,False,Region-05
FRD00711,CUST014350,2024-09-27,Account Takeover,Online Banking,711.62,55.03,True,False,Region-07
FRD00712,CUST001726,2023-12-03,Suspicious Transfer,Online Banking,459.71,35.27,True,False,Region-11
FRD00713,CUST011837,2023-08-01,Unusual Transaction Pattern,Card Network,536.98,30.17,True,False,Region-01
FRD00714,CUST000867,2024-12-19,Suspicious Transfer,ATM,258.64,147.95,True,False,Region-09
FRD00715,CUST014263,2024-02-15,Card Fraud,Card Network,1090.31,40.0,True,False,Region-01
FRD00716,CUST008565,2024-01-17,Suspicious Transfer,ATM,687.7,105.66,True,False,Region-01
FRD00717,CUST003882,2024-05-06,Identity-related Anomaly,ATM,982.7,593.27,False,False,Region-09
FRD00718,CUST012108,2024-08-29,Card Fraud,Card Network,1143.32,69.42,True,False,Region-12
FRD00719,CUST002780,2023-01-19,Card Fraud,Mobile App,863.55,34.64,True,False,Region-06
FRD00720,CUST001106,2023-10-03,ATM Fraud,Card Network,527.16,38.66,True,False,Region-01
FRD00721,CUST001492,2023-08-02,Suspicious Transfer,Mobile App,728.03,44.65,True,False,Region-02
FRD00722,CUST000348,2023-08-05,Card Fraud,Branch,110.76,13.26,True,False,Region-09
FRD00723,CUST017321,2023-08-28,Suspicious Transfer,Card Network,228.75,18.39,True,False,Region-11
FRD00724,CUST015287,2024-02-13,Card Fraud,Online Banking,400.46,110.18,True,False,Region-08
FRD00725,CUST010667,2023-11-07,Account Takeover,ATM,1670.4,32.22,True,False,Region-03
FRD00726,CUST019660,2024-06-05,Suspicious Transfer,Mobile App,229.18,110.32,True,False,Region-01
FRD00727,CUST001817,2024-01-22,Account Takeover,Card Network,345.4,216.72,True,False,Region-06
FRD00728,CUST015180,2023-07-25,Card Fraud,Mobile App,906.9,71.43,True,False,Region-04
FRD00729,CUST003971,2023-07-30,Card Fraud,Mobile App,290.88,119.77,True,False,Region-10
FRD00730,CUST000163,2024-02-26,Unusual Transaction Pattern,ATM,1365.4,68.45,True,False,Region-05
FRD00731,CUST001244,2024-01-07,Account Takeover,Mobile App,1199.06,817.44,False,False,Region-09
FRD00732,CUST011853,2024-02-26,Unusual Transaction Pattern,Branch,1104.02,7.14,True,False,Region-01
FRD00733,CUST007692,2023-12-02,Card Fraud,Online Banking,876.74,107.65,True,False,Region-01
FRD00734,CUST018928,2023-10-17,ATM Fraud,Card Network,454.42,316.76,True,False,Region-06
FRD00735,CUST013487,2024-04-11,Card Fraud,Mobile App,150.98,144.79,True,False,Region-03
FRD00736,CUST007521,2023-03-07,Account Takeover,Online Banking,540.3,254.81,False,True,Region-05
FRD00737,CUST013285,2023-01-18,Unusual Transaction Pattern,Online Banking,345.07,50.28,True,False,Region-12
FRD00738,CUST008578,2023-06-25,Card Fraud,ATM,696.89,45.24,True,False,Region-01
FRD00739,CUST011474,2024-04-16,ATM Fraud,Branch,723.21,45.33,True,False,Region-05
FRD00740,CUST006789,2023-10-06,Unusual Transaction Pattern,Online Banking,288.97,38.76,True,False,Region-09
FRD00741,CUST002844,2024-12-10,Card Fraud,Card Network,693.54,26.45,True,False,Region-08
FRD00742,CUST012923,2023-02-04,Card Fraud,Mobile App,401.77,35.37,True,False,Region-06
FRD00743,CUST005772,2023-02-11,Account Takeover,Online Banking,307.96,77.72,True,False,Region-10
FRD00744,CUST001237,2024-10-16,Suspicious Transfer,Mobile App,192.16,83.8,True,False,Region-11
FRD00745,CUST006874,2024-12-17,Card Fraud,Mobile App,586.45,594.97,False,True,Region-01
FRD00746,CUST012873,2023-03-30,Unusual Transaction Pattern,Branch,661.94,135.07,True,False,Region-04
FRD00747,CUST018828,2023-04-12,Card Fraud,Card Network,677.29,18.98,True,False,Region-11
FRD00748,CUST016889,2023-03-22,ATM Fraud,ATM,288.7,1339.51,False,True,Region-12
FRD00749,CUST004043,2023-12-04,Suspicious Transfer,Online Banking,493.45,77.78,True,False,Region-09
FRD00750,CUST000958,2023-01-27,Suspicious Transfer,Card Network,1109.32,56.27,True,False,Region-02
FRD00751,CUST003962,2023-05-11,Suspicious Transfer,Mobile App,966.32,5.66,True,False,Region-05
FRD00752,CUST000825,2023-05-01,Card Fraud,Mobile App,555.39,28.95,True,False,Region-09
FRD00753,CUST018616,2024-02-04,Suspicious Transfer,ATM,647.88,39.76,True,False,Region-03
FRD00754,CUST000075,2024-01-16,Account Takeover,Online Banking,528.67,254.14,True,False,Region-09
FRD00755,CUST003809,2024-02-07,Unusual Transaction Pattern,ATM,567.42,25.48,True,False,Region-12
FRD00756,CUST019046,2024-03-04,Account Takeover,Card Network,675.37,8.04,True,False,Region-03
FRD00757,CUST019208,2023-10-02,Card Fraud,Card Network,898.32,274.83,True,False,Region-10
FRD00758,CUST015915,2023-09-12,Suspicious Transfer,ATM,1002.47,136.19,True,False,Region-09
FRD00759,CUST007463,2023-03-21,Account Takeover,Mobile App,149.09,43.17,True,False,Region-06
FRD00760,CUST001084,2023-11-29,Card Fraud,Card Network,294.79,104.27,True,False,Region-06
FRD00761,CUST006265,2024-05-01,Unusual Transaction Pattern,Card Network,392.43,31.99,True,False,Region-11
FRD00762,CUST011578,2024-09-19,Unusual Transaction Pattern,Mobile App,994.56,26.4,True,False,Region-10
FRD00763,CUST014577,2024-04-14,Card Fraud,ATM,647.57,83.0,True,False,Region-04
FRD00764,CUST004105,2023-11-19,Account Takeover,Online Banking,377.11,61.24,True,False,Region-02
FRD00765,CUST004398,2024-01-06,Card Fraud,ATM,640.72,50.5,True,False,Region-01
FRD00766,CUST009132,2024-04-21,Identity-related Anomaly,Branch,261.41,3.99,True,False,Region-01
FRD00767,CUST017802,2024-02-10,Account Takeover,Branch,562.28,5.31,True,False,Region-11
FRD00768,CUST003878,2023-01-25,Suspicious Transfer,Card Network,711.88,14.61,True,False,Region-08
FRD00769,CUST006751,2024-05-25,Account Takeover,Card Network,511.02,81.63,True,False,Region-02
FRD00770,CUST018332,2024-10-02,Account Takeover,Online Banking,156.14,582.91,False,False,Region-03
FRD00771,CUST009502,2023-08-11,Account Takeover,Card Network,1290.71,57.9,True,False,Region-09
FRD00772,CUST014123,2024-01-12,Card Fraud,Card Network,391.27,32.54,True,False,Region-07
FRD00773,CUST011931,2023-12-19,Identity-related Anomaly,ATM,680.06,147.4,False,True,Region-09
FRD00774,CUST001887,2023-07-24,ATM Fraud,Branch,415.06,14.74,True,False,Region-03
FRD00775,CUST005763,2023-09-18,Identity-related Anomaly,Online Banking,496.98,15.64,True,False,Region-12
FRD00776,CUST001426,2023-11-22,Card Fraud,Branch,331.69,4.1,True,False,Region-09
FRD00777,CUST017989,2023-07-06,Suspicious Transfer,Card Network,666.18,186.9,True,False,Region-05
FRD00778,CUST013809,2024-08-03,Identity-related Anomaly,Online Banking,429.11,400.12,True,False,Region-10
FRD00779,CUST016734,2023-12-01,ATM Fraud,Branch,292.98,11.31,True,False,Region-02
FRD00780,CUST005811,2023-03-19,Unusual Transaction Pattern,Online Banking,378.01,86.72,True,False,Region-01
FRD00781,CUST010501,2023-04-09,Card Fraud,Branch,758.42,69.28,True,False,Region-02
FRD00782,CUST012405,2024-02-08,Suspicious Transfer,Online Banking,449.04,99.74,True,False,Region-02
FRD00783,CUST008781,2023-07-23,Suspicious Transfer,Online Banking,595.33,127.36,True,False,Region-04
FRD00784,CUST009158,2024-04-19,Account Takeover,Branch,17.19,28.67,True,False,Region-12
FRD00785,CUST008785,2024-11-07,Unusual Transaction Pattern,Online Banking,506.38,999.54,False,False,Region-11
FRD00786,CUST015941,2023-05-06,ATM Fraud,Online Banking,1217.7,65.58,True,False,Region-09
FRD00787,CUST002569,2024-05-22,Card Fraud,Card Network,738.66,120.97,True,False,Region-05
FRD00788,CUST017069,2023-01-06,Account Takeover,Mobile App,334.16,20.92,True,False,Region-07
FRD00789,CUST007242,2023-07-14,Account Takeover,Mobile App,611.21,142.47,True,False,Region-03
FRD00790,CUST016484,2024-01-11,ATM Fraud,ATM,683.43,21.4,True,False,Region-09
FRD00791,CUST008707,2023-12-25,Unusual Transaction Pattern,ATM,517.77,97.21,True,False,Region-11
FRD00792,CUST017359,2023-08-22,Suspicious Transfer,Card Network,1126.8,7.01,True,False,Region-10
FRD00793,CUST018518,2024-08-07,Suspicious Transfer,Online Banking,304.45,14.91,True,False,Region-01
FRD00794,CUST017753,2023-02-18,Card Fraud,Branch,1096.5,1383.01,False,False,Region-01
FRD00795,CUST006096,2023-10-25,Account Takeover,ATM,799.79,101.05,True,False,Region-04
FRD00796,CUST003218,2024-12-04,Suspicious Transfer,Online Banking,615.32,161.68,True,False,Region-11
FRD00797,CUST000981,2024-06-09,Unusual Transaction Pattern,Mobile App,205.27,2.63,True,False,Region-12
FRD00798,CUST004988,2023-07-09,Account Takeover,Branch,1504.46,334.19,True,False,Region-09
FRD00799,CUST007137,2023-02-23,Account Takeover,ATM,697.31,69.96,True,False,Region-05
FRD00800,CUST013345,2023-07-09,Card Fraud,Branch,482.2,68.61,True,False,Region-05
FRD00801,CUST015904,2023-07-20,Suspicious Transfer,ATM,1231.73,11.01,True,False,Region-08
FRD00802,CUST002329,2024-03-06,Account Takeover,ATM,1415.03,292.86,False,False,Region-01
FRD00803,CUST008804,2023-03-28,Card Fraud,Online Banking,510.68,23.78,True,False,Region-04
FRD00804,CUST011460,2023-03-13,Suspicious Transfer,Card Network,459.55,74.26,False,False,Region-08
FRD00805,CUST009973,2024-07-04,Unusual Transaction Pattern,Card Network,743.94,2.63,True,False,Region-09
FRD00806,CUST005769,2024-04-03,Account Takeover,Online Banking,366.61,8.85,True,False,Region-12
FRD00807,CUST010500,2023-03-11,Card Fraud,Card Network,2383.98,32.24,True,False,Region-02
FRD00808,CUST003065,2023-04-11,ATM Fraud,Online Banking,1717.6,1448.33,False,True,Region-08
FRD00809,CUST019797,2024-02-08,Identity-related Anomaly,ATM,1677.8,713.32,False,True,Region-11
FRD00810,CUST016024,2023-01-15,Suspicious Transfer,Card Network,151.71,962.88,False,False,Region-02
FRD00811,CUST010020,2024-03-23,Suspicious Transfer,Online Banking,1060.68,20.74,True,False,Region-09
FRD00812,CUST007613,2024-09-06,Card Fraud,Card Network,1428.42,19.83,True,False,Region-12
FRD00813,CUST016284,2024-11-08,Card Fraud,Card Network,630.61,52.07,True,False,Region-03
FRD00814,CUST017250,2024-08-30,Identity-related Anomaly,Online Banking,226.06,194.94,True,False,Region-01
FRD00815,CUST014876,2023-03-13,Card Fraud,Card Network,577.92,76.54,True,False,Region-06
FRD00816,CUST010791,2023-10-26,ATM Fraud,Branch,394.03,19.84,True,False,Region-01
FRD00817,CUST005424,2024-02-06,Card Fraud,Online Banking,404.16,125.43,True,False,Region-07
FRD00818,CUST015228,2024-10-14,Unusual Transaction Pattern,Online Banking,183.4,167.16,True,False,Region-03
FRD00819,CUST018185,2023-10-09,Suspicious Transfer,ATM,534.15,98.17,True,False,Region-10
FRD00820,CUST016480,2024-12-19,Suspicious Transfer,ATM,1452.62,80.27,True,False,Region-12
FRD00821,CUST013145,2023-11-27,Unusual Transaction Pattern,Card Network,596.78,626.02,False,False,Region-07
FRD00822,CUST019172,2024-11-01,Suspicious Transfer,Mobile App,907.25,13.09,True,False,Region-04
FRD00823,CUST007079,2024-11-19,Card Fraud,Online Banking,404.97,89.66,True,False,Region-07
FRD00824,CUST017474,2023-11-19,Suspicious Transfer,Card Network,408.26,150.83,True,False,Region-01
FRD00825,CUST005020,2023-08-24,Account Takeover,Branch,1587.45,230.19,True,False,Region-06
FRD00826,CUST006147,2024-08-20,Suspicious Transfer,Mobile App,228.76,14.51,True,False,Region-08
FRD00827,CUST008038,2024-09-01,Card Fraud,ATM,178.94,164.32,True,False,Region-03
FRD00828,CUST000384,2024-06-12,ATM Fraud,Card Network,688.66,25.51,True,False,Region-07
FRD00829,CUST012826,2024-10-23,Unusual Transaction Pattern,Branch,1714.53,25.05,True,False,Region-01
FRD00830,CUST003922,2023-12-27,Card Fraud,Card Network,1079.55,33.07,True,False,Region-08
FRD00831,CUST013695,2023-12-28,Identity-related Anomaly,Mobile App,712.63,1153.77,False,True,Region-07
FRD00832,CUST015285,2023-11-06,Suspicious Transfer,Mobile App,496.44,45.65,True,False,Region-08
FRD00833,CUST002545,2024-11-07,Unusual Transaction Pattern,Online Banking,1028.05,18.06,True,False,Region-06
FRD00834,CUST015936,2023-06-24,ATM Fraud,Mobile App,814.81,51.02,True,False,Region-04
FRD00835,CUST008436,2023-11-26,ATM Fraud,Online Banking,573.02,113.32,True,False,Region-06
FRD00836,CUST018632,2024-03-31,Identity-related Anomaly,Branch,508.32,140.71,True,False,Region-02
FRD00837,CUST012296,2024-10-20,ATM Fraud,ATM,1185.38,0.47,True,False,Region-03
FRD00838,CUST013534,2024-05-08,Card Fraud,ATM,356.05,1083.3,False,True,Region-06
FRD00839,CUST014718,2023-07-31,Card Fraud,Mobile App,1292.47,15.6,True,False,Region-10
FRD00840,CUST001281,2023-10-12,Card Fraud,Online Banking,829.07,5.03,True,False,Region-08
FRD00841,CUST010284,2023-04-04,Card Fraud,ATM,1820.3,23.85,True,False,Region-11
FRD00842,CUST010579,2023-09-27,Identity-related Anomaly,Online Banking,711.2,9.63,True,False,Region-09
FRD00843,CUST007767,2023-05-18,ATM Fraud,ATM,342.84,12.59,True,False,Region-08
FRD00844,CUST017421,2023-08-24,ATM Fraud,ATM,359.99,11.75,True,False,Region-03
FRD00845,CUST014211,2024-08-23,Suspicious Transfer,Branch,1390.21,171.05,True,False,Region-10
FRD00846,CUST001545,2023-09-26,Suspicious Transfer,Online Banking,452.5,148.58,True,False,Region-08
FRD00847,CUST005109,2023-07-07,Card Fraud,ATM,333.72,46.38,True,False,Region-10
FRD00848,CUST014315,2024-09-02,Identity-related Anomaly,Online Banking,659.13,135.37,True,False,Region-01
FRD00849,CUST015222,2023-03-04,Card Fraud,Mobile App,452.17,26.99,True,False,Region-10
FRD00850,CUST018998,2023-06-26,ATM Fraud,Online Banking,1105.66,7.5,True,False,Region-11
FRD00851,CUST017106,2023-05-07,Card Fraud,Branch,819.53,46.32,True,False,Region-07
FRD00852,CUST006681,2024-11-26,Card Fraud,Branch,585.91,37.22,True,False,Region-08
FRD00853,CUST006517,2023-05-12,Suspicious Transfer,Branch,380.63,32.92,True,False,Region-05
FRD00854,CUST009903,2023-07-31,Account Takeover,Online Banking,774.68,1703.8,False,True,Region-04
FRD00855,CUST002188,2023-01-24,Account Takeover,Mobile App,683.59,42.64,True,False,Region-01
FRD00856,CUST019268,2024-05-27,Card Fraud,Mobile App,558.98,2.27,True,False,Region-02
FRD00857,CUST009887,2024-05-17,Unusual Transaction Pattern,Branch,1267.61,19.45,True,False,Region-10
FRD00858,CUST007492,2024-11-25,Card Fraud,Card Network,1341.2,115.68,True,False,Region-10
FRD00859,CUST002670,2023-03-13,Suspicious Transfer,Online Banking,70.51,649.77,False,False,Region-11
FRD00860,CUST007889,2024-09-24,Suspicious Transfer,Card Network,312.33,512.11,False,False,Region-06
FRD00861,CUST007225,2024-01-19,Card Fraud,Card Network,832.26,13.67,True,False,Region-05
FRD00862,CUST013215,2023-06-27,Card Fraud,Mobile App,533.44,31.09,True,False,Region-08
FRD00863,CUST011198,2023-07-19,Unusual Transaction Pattern,Mobile App,786.8,12.58,True,False,Region-05
FRD00864,CUST018284,2023-02-25,ATM Fraud,Branch,787.0,171.51,True,False,Region-01
FRD00865,CUST015957,2023-10-25,Account Takeover,Card Network,1432.67,13.91,True,False,Region-02
FRD00866,CUST018480,2023-06-09,Card Fraud,Card Network,957.39,201.37,True,False,Region-04
FRD00867,CUST001991,2024-09-20,Identity-related Anomaly,Card Network,192.6,135.03,True,False,Region-12
FRD00868,CUST003267,2023-05-12,ATM Fraud,Branch,1584.84,139.46,True,False,Region-05
FRD00869,CUST002655,2024-09-09,Suspicious Transfer,Card Network,297.08,8.34,True,False,Region-05
FRD00870,CUST006056,2024-01-02,Card Fraud,Online Banking,313.26,37.94,True,False,Region-07
FRD00871,CUST014873,2024-05-26,Account Takeover,Card Network,604.23,5.98,True,False,Region-03
FRD00872,CUST008213,2023-10-09,ATM Fraud,Card Network,385.3,172.6,True,False,Region-08
FRD00873,CUST008550,2024-06-19,Suspicious Transfer,Online Banking,1416.06,6.18,True,False,Region-08
FRD00874,CUST010158,2023-07-05,Account Takeover,Online Banking,239.06,31.85,True,False,Region-09
FRD00875,CUST018423,2023-03-08,Card Fraud,Mobile App,97.04,31.41,True,False,Region-03
FRD00876,CUST014289,2024-02-04,Unusual Transaction Pattern,Mobile App,199.87,821.88,False,True,Region-06
FRD00877,CUST001311,2024-05-27,Suspicious Transfer,Online Banking,477.03,113.38,True,False,Region-02
FRD00878,CUST013817,2024-10-28,Card Fraud,Mobile App,818.09,403.82,False,False,Region-01
FRD00879,CUST005205,2024-08-23,Card Fraud,Mobile App,542.66,177.01,True,False,Region-04
FRD00880,CUST005607,2023-06-19,Card Fraud,Branch,535.21,35.61,True,False,Region-07
FRD00881,CUST000895,2023-02-23,Unusual Transaction Pattern,ATM,607.34,42.19,True,False,Region-11
FRD00882,CUST015044,2023-05-05,Identity-related Anomaly,Branch,242.31,4.14,True,False,Region-10
FRD00883,CUST002083,2024-04-14,Identity-related Anomaly,Card Network,1393.85,27.02,True,False,Region-04
FRD00884,CUST007350,2024-03-27,Card Fraud,ATM,933.33,14.94,True,False,Region-06
FRD00885,CUST009380,2024-10-07,Card Fraud,Mobile App,363.43,79.46,True,False,Region-11
FRD00886,CUST012180,2023-03-19,Suspicious Transfer,Online Banking,487.52,584.02,False,True,Region-09
FRD00887,CUST005467,2023-01-22,Account Takeover,Branch,145.18,17.48,True,False,Region-01
FRD00888,CUST016770,2023-01-01,Card Fraud,ATM,1702.63,83.44,True,False,Region-10
FRD00889,CUST010845,2023-08-21,Suspicious Transfer,Branch,918.54,415.61,True,False,Region-09
FRD00890,CUST012781,2024-02-15,Unusual Transaction Pattern,ATM,803.24,178.28,True,False,Region-02
FRD00891,CUST004309,2023-03-01,Account Takeover,ATM,220.04,33.88,True,False,Region-03
FRD00892,CUST008116,2023-12-22,Card Fraud,Online Banking,781.63,77.67,True,False,Region-04
FRD00893,CUST014664,2023-03-29,Unusual Transaction Pattern,Branch,1108.25,59.23,True,False,Region-05
FRD00894,CUST012680,2023-10-03,Card Fraud,ATM,2024.24,16.05,True,False,Region-02
FRD00895,CUST005013,2024-09-27,Suspicious Transfer,Card Network,790.48,23.24,False,False,Region-07
FRD00896,CUST019475,2024-01-25,Card Fraud,Online Banking,1225.54,49.88,True,False,Region-09
FRD00897,CUST001731,2024-06-08,Card Fraud,Card Network,594.82,4.63,True,False,Region-10
FRD00898,CUST014662,2023-05-06,Card Fraud,Card Network,653.26,36.99,True,False,Region-07
FRD00899,CUST007754,2024-09-21,Suspicious Transfer,Card Network,445.7,67.18,True,False,Region-12
FRD00900,CUST016456,2024-04-23,ATM Fraud,Mobile App,783.36,13.47,True,False,Region-04
FRD00901,CUST018137,2024-09-30,Identity-related Anomaly,ATM,241.69,9.48,True,False,Region-04
FRD00902,CUST013560,2023-07-11,Card Fraud,ATM,795.02,110.98,True,False,Region-01
FRD00903,CUST015464,2024-05-16,Suspicious Transfer,Mobile App,1353.95,112.38,True,False,Region-01
FRD00904,CUST002516,2024-12-22,Card Fraud,Online Banking,1345.54,28.29,True,False,Region-04
FRD00905,CUST003421,2024-10-01,Suspicious Transfer,Card Network,356.85,6.39,True,False,Region-05
FRD00906,CUST003207,2024-04-29,Card Fraud,Mobile App,572.3,16.38,True,False,Region-04
FRD00907,CUST011995,2023-05-22,Card Fraud,Mobile App,185.63,14.39,True,False,Region-04
FRD00908,CUST004468,2023-09-03,Account Takeover,Card Network,1612.6,7.99,True,False,Region-04
FRD00909,CUST006828,2023-04-25,Unusual Transaction Pattern,Branch,806.91,1288.75,False,False,Region-04
FRD00910,CUST003162,2023-02-06,Card Fraud,Card Network,415.55,681.4,False,False,Region-04
FRD00911,CUST019551,2023-10-04,Account Takeover,Online Banking,77.75,244.74,False,False,Region-02
FRD00912,CUST002276,2023-03-02,Suspicious Transfer,ATM,925.77,31.79,True,False,Region-04
FRD00913,CUST007867,2024-04-06,Suspicious Transfer,Card Network,1473.04,34.38,True,False,Region-09
FRD00914,CUST017896,2023-02-12,Card Fraud,Branch,1442.36,168.0,True,False,Region-10
FRD00915,CUST016976,2023-01-21,Identity-related Anomaly,ATM,2234.13,184.48,True,False,Region-02
FRD00916,CUST004949,2024-12-14,Card Fraud,ATM,815.63,876.83,False,False,Region-06
FRD00917,CUST007306,2023-07-10,Unusual Transaction Pattern,Online Banking,987.31,19.93,True,False,Region-03
FRD00918,CUST013918,2023-03-05,ATM Fraud,ATM,417.89,15.86,True,False,Region-12
FRD00919,CUST019884,2024-02-28,Unusual Transaction Pattern,Online Banking,423.33,20.37,True,False,Region-01
FRD00920,CUST007079,2023-01-20,ATM Fraud,Mobile App,295.26,706.26,False,True,Region-07
FRD00921,CUST009840,2023-03-08,Suspicious Transfer,Mobile App,1790.59,312.03,False,False,Region-03
FRD00922,CUST000097,2023-12-10,Account Takeover,Card Network,348.43,131.12,True,False,Region-12
FRD00923,CUST001378,2024-05-23,Suspicious Transfer,ATM,506.45,68.46,True,False,Region-07
FRD00924,CUST019167,2023-06-13,Card Fraud,Online Banking,662.8,41.38,True,False,Region-10
FRD00925,CUST006640,2023-05-16,Card Fraud,Card Network,692.97,764.25,False,True,Region-02
FRD00926,CUST000815,2023-11-04,Unusual Transaction Pattern,Online Banking,622.78,336.23,False,False,Region-06
FRD00927,CUST012975,2023-01-03,Card Fraud,Online Banking,694.47,117.92,True,False,Region-10
FRD00928,CUST004172,2023-02-01,Suspicious Transfer,ATM,55.49,76.67,True,False,Region-04
FRD00929,CUST016637,2024-11-04,Suspicious Transfer,Online Banking,435.64,15.68,True,False,Region-01
FRD00930,CUST015921,2023-02-08,ATM Fraud,ATM,510.03,23.0,True,False,Region-04
FRD00931,CUST014641,2023-11-18,Card Fraud,Online Banking,149.35,33.24,True,False,Region-12
FRD00932,CUST016768,2023-03-12,Card Fraud,Branch,185.66,38.33,True,False,Region-05
FRD00933,CUST007555,2023-03-16,Card Fraud,ATM,1638.44,116.53,True,False,Region-12
FRD00934,CUST010148,2024-03-21,ATM Fraud,ATM,894.36,67.42,True,False,Region-11
FRD00935,CUST001131,2024-08-29,Suspicious Transfer,Online Banking,774.01,3.79,True,False,Region-09
FRD00936,CUST015242,2023-11-05,ATM Fraud,Mobile App,123.45,175.54,False,False,Region-09
FRD00937,CUST003056,2024-08-05,Card Fraud,Branch,150.84,73.17,True,False,Region-04
FRD00938,CUST010117,2024-06-19,Suspicious Transfer,ATM,315.72,240.15,False,True,Region-08
FRD00939,CUST001399,2023-09-26,ATM Fraud,Branch,269.38,121.98,True,False,Region-03
FRD00940,CUST008785,2024-06-25,Card Fraud,ATM,279.48,188.51,True,False,Region-11
FRD00941,CUST001893,2023-04-06,Card Fraud,ATM,1049.05,32.88,True,False,Region-12
FRD00942,CUST002532,2023-07-29,Account Takeover,Branch,690.82,34.86,True,False,Region-03
FRD00943,CUST005167,2024-12-02,ATM Fraud,Card Network,1155.51,192.7,False,True,Region-11
FRD00944,CUST019391,2023-03-13,Card Fraud,Online Banking,421.16,22.68,True,False,Region-03
FRD00945,CUST014907,2023-04-04,Card Fraud,Branch,139.99,10.2,True,False,Region-01
FRD00946,CUST008301,2024-10-02,Unusual Transaction Pattern,Mobile App,190.17,153.23,True,False,Region-11
FRD00947,CUST009217,2023-11-13,Account Takeover,Online Banking,1136.98,10.99,True,False,Region-04
FRD00948,CUST015013,2023-07-04,Suspicious Transfer,Branch,123.49,13.55,True,False,Region-03
FRD00949,CUST006460,2023-04-02,Suspicious Transfer,Mobile App,976.46,164.78,True,False,Region-04
FRD00950,CUST015627,2023-11-13,Card Fraud,Card Network,301.94,1113.71,False,True,Region-03
FRD00951,CUST004862,2024-08-30,Unusual Transaction Pattern,Card Network,1051.11,40.21,True,False,Region-01
FRD00952,CUST001840,2024-01-25,Unusual Transaction Pattern,Card Network,774.83,1301.96,False,False,Region-07
FRD00953,CUST008398,2024-10-16,Card Fraud,Online Banking,2156.39,204.05,True,False,Region-03
FRD00954,CUST007878,2024-12-19,Card Fraud,Mobile App,1265.25,53.24,True,False,Region-06
FRD00955,CUST010097,2023-04-27,Suspicious Transfer,Branch,645.44,2.9,True,False,Region-08
FRD00956,CUST009992,2024-06-24,Suspicious Transfer,ATM,223.59,53.12,True,False,Region-02
FRD00957,CUST017533,2023-08-12,Account Takeover,Branch,859.28,53.58,True,False,Region-08
FRD00958,CUST007042,2023-09-11,Suspicious Transfer,Online Banking,490.53,56.48,True,False,Region-09
FRD00959,CUST011468,2024-04-15,Unusual Transaction Pattern,Mobile App,1932.48,1.43,True,False,Region-05
FRD00960,CUST003338,2023-10-20,Card Fraud,Mobile App,648.68,783.66,False,True,Region-07
FRD00961,CUST004003,2024-09-28,Card Fraud,Online Banking,1931.96,105.21,True,False,Region-05
FRD00962,CUST010410,2024-03-31,Account Takeover,Card Network,632.55,1963.12,False,True,Region-01
FRD00963,CUST000471,2024-01-04,Suspicious Transfer,ATM,538.75,594.55,False,False,Region-02
FRD00964,CUST014617,2024-10-26,Account Takeover,Card Network,1794.16,9.71,True,False,Region-12
FRD00965,CUST012596,2024-03-11,Account Takeover,Card Network,720.21,4.45,True,False,Region-04
FRD00966,CUST003596,2024-04-24,Unusual Transaction Pattern,Online Banking,1294.12,26.57,True,False,Region-01
FRD00967,CUST012405,2024-03-24,Unusual Transaction Pattern,Branch,2043.48,3.42,True,False,Region-02
FRD00968,CUST010201,2023-08-26,Suspicious Transfer,ATM,1817.41,73.92,True,False,Region-02
FRD00969,CUST017581,2024-02-18,Unusual Transaction Pattern,Branch,427.09,461.85,False,False,Region-05
FRD00970,CUST001361,2023-10-10,Unusual Transaction Pattern,Card Network,297.4,28.44,True,False,Region-04
FRD00971,CUST004922,2023-05-02,Card Fraud,Card Network,93.22,42.14,True,False,Region-05
FRD00972,CUST008304,2023-08-10,Identity-related Anomaly,ATM,1080.93,121.52,True,False,Region-05
FRD00973,CUST009086,2023-09-26,Card Fraud,Branch,1318.8,31.96,True,False,Region-01
FRD00974,CUST003517,2023-03-23,Account Takeover,Card Network,651.96,59.25,True,False,Region-09
FRD00975,CUST006666,2023-01-15,Account Takeover,Mobile App,1609.61,99.75,True,False,Region-04
FRD00976,CUST016428,2023-05-08,Account Takeover,Branch,368.25,48.12,True,False,Region-11
FRD00977,CUST000640,2024-03-13,ATM Fraud,ATM,666.65,8.97,True,False,Region-05
FRD00978,CUST000968,2023-05-11,Suspicious Transfer,Online Banking,444.39,113.7,True,False,Region-08
FRD00979,CUST011309,2024-03-08,Card Fraud,Mobile App,951.03,197.13,True,False,Region-07
FRD00980,CUST016120,2023-08-30,Card Fraud,Branch,839.11,22.33,True,False,Region-05
FRD00981,CUST012414,2023-11-20,Identity-related Anomaly,Card Network,79.44,69.95,True,False,Region-09
FRD00982,CUST014852,2023-07-06,Unusual Transaction Pattern,Branch,1331.1,1072.1,False,False,Region-01
FRD00983,CUST005675,2024-04-19,Card Fraud,Mobile App,913.87,136.11,True,False,Region-05
FRD00984,CUST015584,2023-06-17,Card Fraud,Branch,537.3,485.2,False,False,Region-07
FRD00985,CUST007157,2023-05-06,Suspicious Transfer,Card Network,846.49,106.52,True,False,Region-06
FRD00986,CUST001360,2023-12-05,Account Takeover,Online Banking,651.29,19.75,True,False,Region-06
FRD00987,CUST011674,2024-01-26,Card Fraud,Mobile App,1351.15,163.67,True,False,Region-05
FRD00988,CUST008400,2023-08-13,Card Fraud,Branch,600.82,83.94,False,False,Region-12
FRD00989,CUST008564,2024-12-30,Card Fraud,Branch,111.28,220.08,False,False,Region-09
FRD00990,CUST005549,2023-10-14,Account Takeover,Online Banking,681.85,36.05,True,False,Region-01
FRD00991,CUST002841,2023-02-08,Unusual Transaction Pattern,Card Network,290.11,252.71,True,False,Region-03
FRD00992,CUST010634,2023-06-24,Account Takeover,Branch,190.77,30.68,True,False,Region-03
FRD00993,CUST002591,2023-01-02,ATM Fraud,Mobile App,88.65,462.92,False,False,Region-12
FRD00994,CUST007778,2023-04-24,Card Fraud,Mobile App,990.99,190.61,True,False,Region-09
FRD00995,CUST007676,2023-06-23,Account Takeover,ATM,645.06,87.63,True,False,Region-07
FRD00996,CUST000934,2023-02-27,Identity-related Anomaly,ATM,878.6,56.63,True,False,Region-01
FRD00997,CUST002783,2024-09-17,Card Fraud,Online Banking,213.15,80.88,True,False,Region-06
FRD00998,CUST018087,2024-06-09,Suspicious Transfer,Card Network,259.77,282.94,True,False,Region-10
FRD00999,CUST004288,2023-03-28,Unusual Transaction Pattern,Card Network,261.45,87.02,True,False,Region-03
FRD01000,CUST005819,2023-02-26,Card Fraud,Mobile App,385.3,63.78,True,False,Region-12
FRD01001,CUST003285,2024-07-10,Identity-related Anomaly,Online Banking,2223.49,209.87,False,True,Region-03
FRD01002,CUST000224,2023-07-15,Card Fraud,Mobile App,695.04,73.72,True,False,Region-03
FRD01003,CUST015836,2023-07-27,Suspicious Transfer,Mobile App,485.62,44.6,True,False,Region-10
FRD01004,CUST008600,2024-05-31,Account Takeover,Branch,1377.23,1341.87,False,False,Region-10
FRD01005,CUST008947,2023-10-15,Unusual Transaction Pattern,Online Banking,582.34,75.19,True,False,Region-10
FRD01006,CUST001629,2024-12-29,Card Fraud,Online Banking,1193.94,153.08,True,False,Region-09
FRD01007,CUST008075,2023-10-28,Identity-related Anomaly,ATM,375.47,50.56,True,False,Region-04
FRD01008,CUST018482,2024-12-04,Card Fraud,ATM,1132.96,13.21,True,False,Region-08
FRD01009,CUST010840,2023-05-05,Identity-related Anomaly,Online Banking,308.38,214.01,True,False,Region-10
FRD01010,CUST001760,2023-12-26,ATM Fraud,Mobile App,176.14,304.04,False,False,Region-06
FRD01011,CUST012754,2024-08-25,Identity-related Anomaly,Mobile App,204.62,38.48,True,False,Region-05
FRD01012,CUST016300,2024-05-03,Unusual Transaction Pattern,ATM,1221.33,105.64,True,False,Region-03
FRD01013,CUST006845,2024-05-31,Account Takeover,Branch,924.27,127.16,True,False,Region-12
FRD01014,CUST014158,2023-10-27,Suspicious Transfer,ATM,1050.56,51.93,True,False,Region-12
FRD01015,CUST001106,2024-06-27,Card Fraud,Mobile App,143.36,11.61,True,False,Region-01
FRD01016,CUST009536,2023-01-19,Unusual Transaction Pattern,Branch,1422.38,76.62,True,False,Region-06
FRD01017,CUST002304,2024-04-13,Account Takeover,Card Network,183.48,9.23,True,False,Region-12
FRD01018,CUST005451,2023-04-07,Card Fraud,Mobile App,667.61,258.17,True,False,Region-10
FRD01019,CUST012612,2023-11-02,Card Fraud,Mobile App,426.32,25.76,True,False,Region-01
FRD01020,CUST005250,2023-11-25,Unusual Transaction Pattern,Mobile App,1617.89,46.8,True,False,Region-02
FRD01021,CUST012528,2023-01-26,Account Takeover,ATM,1166.45,58.5,True,False,Region-11
FRD01022,CUST001621,2024-04-23,Card Fraud,Mobile App,813.01,44.29,True,False,Region-02
FRD01023,CUST019055,2024-12-16,Card Fraud,Branch,859.32,37.07,True,False,Region-11
FRD01024,CUST013475,2024-05-20,Card Fraud,Branch,1040.83,28.84,True,False,Region-03
FRD01025,CUST014856,2023-06-22,Unusual Transaction Pattern,Branch,532.26,78.45,True,False,Region-11
FRD01026,CUST009133,2024-06-27,Suspicious Transfer,Card Network,203.35,91.45,True,False,Region-03
FRD01027,CUST009921,2024-04-06,Card Fraud,Online Banking,506.06,96.46,True,False,Region-07
FRD01028,CUST012393,2023-09-21,ATM Fraud,Online Banking,1220.85,103.8,True,False,Region-01
FRD01029,CUST019085,2024-09-22,Unusual Transaction Pattern,ATM,925.51,29.55,True,False,Region-01
FRD01030,CUST009060,2023-04-22,Card Fraud,Branch,900.15,93.48,True,False,Region-10
FRD01031,CUST011786,2024-05-24,Suspicious Transfer,Online Banking,233.6,1316.29,False,False,Region-09
FRD01032,CUST016408,2024-07-06,Unusual Transaction Pattern,Card Network,986.26,128.29,True,False,Region-07
FRD01033,CUST012767,2023-07-12,Identity-related Anomaly,Mobile App,1174.4,109.74,True,False,Region-01
FRD01034,CUST001899,2024-02-24,ATM Fraud,Mobile App,924.86,28.92,True,False,Region-09
FRD01035,CUST015153,2024-02-27,Suspicious Transfer,Mobile App,464.56,46.84,True,False,Region-01
FRD01036,CUST000516,2023-11-25,Card Fraud,ATM,141.27,39.71,True,False,Region-10
FRD01037,CUST004877,2023-03-17,Card Fraud,Mobile App,1297.64,116.45,True,False,Region-02
FRD01038,CUST000662,2023-03-21,Card Fraud,Mobile App,1740.96,117.32,True,False,Region-03
FRD01039,CUST014415,2024-03-14,Card Fraud,Branch,565.34,41.85,True,False,Region-01
FRD01040,CUST014360,2024-10-19,Card Fraud,ATM,1159.11,874.99,False,False,Region-03
FRD01041,CUST019263,2024-11-07,Suspicious Transfer,Card Network,121.16,73.27,True,False,Region-12
FRD01042,CUST010944,2023-11-10,Account Takeover,Branch,772.98,1368.97,False,False,Region-07
FRD01043,CUST000800,2023-06-20,Suspicious Transfer,Branch,227.0,203.03,True,False,Region-08
FRD01044,CUST004399,2023-02-14,Identity-related Anomaly,ATM,180.49,31.04,True,False,Region-12
FRD01045,CUST016186,2023-12-08,Card Fraud,Online Banking,184.55,78.08,True,False,Region-04
FRD01046,CUST004817,2024-04-04,ATM Fraud,Branch,159.91,2.98,True,False,Region-12
FRD01047,CUST003485,2024-04-24,Card Fraud,Branch,306.08,192.05,True,False,Region-02
FRD01048,CUST004708,2024-06-13,ATM Fraud,Mobile App,831.17,135.25,True,False,Region-02
FRD01049,CUST005058,2023-10-26,Card Fraud,Card Network,253.6,391.44,False,False,Region-09
FRD01050,CUST019796,2023-04-12,Card Fraud,Branch,655.83,223.85,True,False,Region-01
FRD01051,CUST004208,2024-10-20,Account Takeover,Card Network,839.03,83.46,True,False,Region-03
FRD01052,CUST018828,2023-09-03,ATM Fraud,ATM,659.46,99.79,True,False,Region-11
FRD01053,CUST006635,2024-01-31,Card Fraud,Online Banking,1165.7,19.5,True,False,Region-08
FRD01054,CUST001989,2024-01-03,Card Fraud,Branch,2369.27,41.92,True,False,Region-09
FRD01055,CUST005756,2023-11-28,Identity-related Anomaly,Mobile App,405.84,487.74,False,True,Region-04
FRD01056,CUST016998,2024-11-10,Identity-related Anomaly,Branch,1506.65,41.68,True,False,Region-05
FRD01057,CUST002903,2023-04-14,Card Fraud,Branch,1534.85,896.94,False,False,Region-03
FRD01058,CUST002002,2023-02-18,Unusual Transaction Pattern,Card Network,204.21,1335.41,False,True,Region-06
FRD01059,CUST013183,2023-09-26,Identity-related Anomaly,ATM,617.35,37.12,True,False,Region-11
FRD01060,CUST005791,2024-04-20,Card Fraud,ATM,1160.08,57.37,True,False,Region-05
FRD01061,CUST006803,2024-09-08,Unusual Transaction Pattern,ATM,1955.26,139.97,True,False,Region-02
FRD01062,CUST003599,2024-06-13,Unusual Transaction Pattern,Branch,1213.04,44.88,True,False,Region-01
FRD01063,CUST007042,2024-12-06,Account Takeover,Online Banking,1259.37,17.93,True,False,Region-09
FRD01064,CUST013784,2024-01-09,Unusual Transaction Pattern,Mobile App,171.5,31.44,True,False,Region-05
FRD01065,CUST017282,2024-10-16,Suspicious Transfer,Mobile App,1430.82,4.04,True,False,Region-05
FRD01066,CUST018311,2024-03-23,Suspicious Transfer,Branch,278.23,140.14,True,False,Region-09
FRD01067,CUST003012,2024-08-09,Account Takeover,ATM,588.23,85.67,True,False,Region-10
FRD01068,CUST008329,2024-08-21,Card Fraud,Branch,459.43,147.75,True,False,Region-03
FRD01069,CUST002902,2023-12-05,Card Fraud,Mobile App,1788.26,40.05,True,False,Region-10
FRD01070,CUST002728,2023-08-24,Account Takeover,Mobile App,2821.06,68.18,True,False,Region-03
FRD01071,CUST010957,2024-11-17,ATM Fraud,ATM,549.4,295.08,True,False,Region-06
FRD01072,CUST007921,2023-12-05,Card Fraud,Mobile App,380.2,30.89,True,False,Region-10
FRD01073,CUST017673,2024-08-20,Card Fraud,Online Banking,909.87,50.71,True,False,Region-02
FRD01074,CUST010503,2024-07-24,Account Takeover,Branch,402.7,33.1,True,False,Region-03
FRD01075,CUST008467,2024-05-25,Suspicious Transfer,Card Network,854.82,139.16,True,False,Region-09
FRD01076,CUST001712,2023-10-02,Suspicious Transfer,Branch,279.95,80.93,True,False,Region-02
FRD01077,CUST008527,2023-08-02,ATM Fraud,ATM,1689.12,13.82,True,False,Region-11
FRD01078,CUST013508,2023-04-25,Identity-related Anomaly,Branch,307.23,7.27,True,False,Region-04
FRD01079,CUST007606,2024-09-15,Card Fraud,ATM,786.15,42.04,True,False,Region-08
FRD01080,CUST015372,2023-11-14,Card Fraud,Branch,213.29,53.23,True,False,Region-09
FRD01081,CUST004031,2023-05-09,Suspicious Transfer,Card Network,321.4,149.26,False,True,Region-10
FRD01082,CUST009143,2023-03-16,Suspicious Transfer,Mobile App,403.34,27.71,True,False,Region-04
FRD01083,CUST001573,2024-09-15,Suspicious Transfer,Mobile App,1503.69,42.96,True,False,Region-02
FRD01084,CUST007073,2024-09-16,Suspicious Transfer,ATM,94.31,43.47,True,False,Region-09
FRD01085,CUST006120,2023-07-02,Account Takeover,Mobile App,128.68,8.42,True,False,Region-06
FRD01086,CUST003835,2023-12-27,Card Fraud,Mobile App,274.19,19.42,True,False,Region-03
FRD01087,CUST019450,2023-11-25,Suspicious Transfer,ATM,250.3,1553.51,False,True,Region-07
FRD01088,CUST017810,2024-12-23,Suspicious Transfer,Mobile App,918.06,63.94,True,False,Region-11
FRD01089,CUST006752,2023-09-02,ATM Fraud,Online Banking,1401.42,42.68,True,False,Region-12
FRD01090,CUST003225,2024-02-27,Card Fraud,ATM,810.19,14.9,True,False,Region-06
FRD01091,CUST014807,2023-09-21,Suspicious Transfer,ATM,55.3,15.27,True,False,Region-11
FRD01092,CUST002556,2023-04-10,Card Fraud,Card Network,1012.09,1004.04,False,True,Region-12
FRD01093,CUST016518,2023-08-03,Card Fraud,Mobile App,162.08,23.33,True,False,Region-02
FRD01094,CUST016819,2023-07-16,Card Fraud,ATM,166.11,12.46,True,False,Region-08
FRD01095,CUST010477,2024-02-17,Account Takeover,ATM,512.81,34.53,True,False,Region-07
FRD01096,CUST001701,2024-09-05,Account Takeover,Mobile App,831.39,22.18,True,False,Region-10
FRD01097,CUST003278,2023-05-20,ATM Fraud,Online Banking,271.41,96.36,True,False,Region-08
FRD01098,CUST002273,2023-09-13,Suspicious Transfer,Online Banking,964.63,513.27,False,True,Region-06
FRD01099,CUST005659,2023-09-19,Unusual Transaction Pattern,ATM,603.26,49.95,True,False,Region-01
FRD01100,CUST002837,2024-05-09,Card Fraud,Mobile App,545.05,48.2,True,False,Region-12
FRD01101,CUST008702,2024-03-29,Suspicious Transfer,Online Banking,908.97,77.78,True,False,Region-08
FRD01102,CUST007911,2023-04-25,ATM Fraud,Mobile App,949.49,22.15,True,False,Region-10
FRD01103,CUST012725,2023-03-15,Suspicious Transfer,ATM,644.25,52.04,True,False,Region-10
FRD01104,CUST019370,2024-10-30,Card Fraud,ATM,1253.91,36.0,True,False,Region-01
FRD01105,CUST009049,2023-02-12,Suspicious Transfer,Card Network,181.34,53.64,True,False,Region-04
FRD01106,CUST006355,2023-03-06,Account Takeover,ATM,747.3,54.64,True,False,Region-06
FRD01107,CUST003307,2023-05-21,Suspicious Transfer,Card Network,143.31,13.36,True,False,Region-01
FRD01108,CUST016236,2024-06-16,Identity-related Anomaly,ATM,2212.75,218.99,True,False,Region-09
FRD01109,CUST008037,2023-07-31,Suspicious Transfer,Branch,59.0,29.66,True,False,Region-12
FRD01110,CUST002362,2024-05-12,Card Fraud,Card Network,375.16,53.53,True,False,Region-08
FRD01111,CUST011498,2023-10-27,Card Fraud,Card Network,526.78,60.49,True,False,Region-05
FRD01112,CUST009796,2024-04-25,Card Fraud,Online Banking,736.7,30.01,True,False,Region-06
FRD01113,CUST012477,2024-12-13,Unusual Transaction Pattern,Branch,874.21,33.4,True,False,Region-05
FRD01114,CUST017631,2023-12-19,Card Fraud,Online Banking,325.59,57.07,True,False,Region-10
FRD01115,CUST015601,2024-09-27,Card Fraud,Branch,493.12,581.62,False,False,Region-07
FRD01116,CUST008391,2023-04-08,Account Takeover,Branch,530.58,5.77,True,False,Region-03
FRD01117,CUST006153,2024-02-07,Card Fraud,Online Banking,213.09,104.23,False,True,Region-02
FRD01118,CUST007159,2023-11-04,Suspicious Transfer,Card Network,188.58,15.41,True,False,Region-03
FRD01119,CUST003799,2024-06-08,Unusual Transaction Pattern,Online Banking,1596.39,20.62,True,False,Region-10
FRD01120,CUST006291,2024-12-30,Suspicious Transfer,ATM,340.63,70.49,True,False,Region-07
FRD01121,CUST007241,2023-09-18,Card Fraud,ATM,101.76,502.75,False,False,Region-02
FRD01122,CUST001012,2024-03-01,Card Fraud,Branch,1034.94,47.89,True,False,Region-12
FRD01123,CUST008357,2024-08-22,Card Fraud,Card Network,1264.09,57.02,True,False,Region-12
FRD01124,CUST018661,2023-02-28,Identity-related Anomaly,Card Network,1552.08,25.68,True,False,Region-08
FRD01125,CUST006119,2023-12-24,Account Takeover,Branch,266.76,163.96,True,False,Region-03
FRD01126,CUST012946,2023-12-08,ATM Fraud,Branch,585.48,64.91,True,False,Region-10
FRD01127,CUST010300,2024-11-25,Suspicious Transfer,Card Network,198.85,76.93,True,False,Region-02
FRD01128,CUST002921,2023-03-19,Unusual Transaction Pattern,ATM,715.2,9.14,True,False,Region-02
FRD01129,CUST009536,2024-05-07,Card Fraud,Mobile App,338.77,79.06,True,False,Region-06
FRD01130,CUST015178,2024-06-28,Account Takeover,Mobile App,433.12,64.94,True,False,Region-09
FRD01131,CUST013661,2024-04-07,Card Fraud,Online Banking,1209.62,58.47,True,False,Region-03
FRD01132,CUST010837,2024-03-15,Identity-related Anomaly,Branch,1281.86,850.46,False,True,Region-06
FRD01133,CUST000590,2024-05-27,Unusual Transaction Pattern,Branch,494.56,252.96,False,True,Region-06
FRD01134,CUST009014,2024-11-02,Unusual Transaction Pattern,Branch,105.09,66.59,True,False,Region-06
FRD01135,CUST018031,2024-08-28,Card Fraud,Online Banking,1249.76,40.1,True,False,Region-09
FRD01136,CUST002414,2024-01-06,Identity-related Anomaly,Branch,487.94,259.92,True,False,Region-03
FRD01137,CUST015677,2024-04-10,Identity-related Anomaly,Online Banking,568.6,48.76,True,False,Region-12
FRD01138,CUST006535,2024-10-28,Unusual Transaction Pattern,Mobile App,1433.49,69.32,True,False,Region-08
FRD01139,CUST010864,2024-05-29,ATM Fraud,ATM,559.2,143.18,True,False,Region-01
FRD01140,CUST001692,2023-11-09,Unusual Transaction Pattern,Mobile App,857.62,122.47,False,False,Region-06
FRD01141,CUST015821,2023-04-11,Suspicious Transfer,Mobile App,1590.69,898.73,False,False,Region-04
FRD01142,CUST005387,2024-07-13,Suspicious Transfer,ATM,628.98,40.6,True,False,Region-11
FRD01143,CUST009317,2024-08-09,Suspicious Transfer,Mobile App,1110.06,213.98,False,False,Region-12
FRD01144,CUST002555,2024-01-09,Card Fraud,Card Network,1122.99,241.29,False,False,Region-06
FRD01145,CUST017533,2024-04-13,Card Fraud,Online Banking,674.67,23.99,True,False,Region-08
FRD01146,CUST015648,2023-10-28,Card Fraud,Card Network,225.2,42.22,True,False,Region-04
FRD01147,CUST001742,2024-05-15,Unusual Transaction Pattern,ATM,624.05,57.53,True,False,Region-04
FRD01148,CUST016726,2023-03-05,Account Takeover,ATM,1199.76,5.21,True,False,Region-04
FRD01149,CUST017460,2024-06-14,Suspicious Transfer,Mobile App,392.98,53.46,True,False,Region-02
FRD01150,CUST013100,2023-03-31,Identity-related Anomaly,Card Network,106.67,26.4,True,False,Region-06
FRD01151,CUST005801,2024-09-25,Account Takeover,Card Network,285.73,59.66,True,False,Region-12
FRD01152,CUST004732,2024-03-06,Card Fraud,Card Network,1697.23,45.02,True,False,Region-11
FRD01153,CUST017663,2023-04-17,ATM Fraud,Mobile App,1588.94,69.37,True,False,Region-12
FRD01154,CUST006663,2023-05-19,Identity-related Anomaly,Online Banking,701.61,185.06,True,False,Region-06
FRD01155,CUST008851,2024-09-11,ATM Fraud,Branch,666.33,144.74,True,False,Region-09
FRD01156,CUST019688,2024-05-27,Suspicious Transfer,ATM,395.45,63.76,True,False,Region-09
FRD01157,CUST005875,2023-08-12,Identity-related Anomaly,ATM,510.4,15.8,True,False,Region-08
FRD01158,CUST005213,2023-06-20,ATM Fraud,Mobile App,529.8,1070.87,False,True,Region-04
FRD01159,CUST017811,2023-03-10,Card Fraud,Card Network,511.7,59.96,True,False,Region-01
FRD01160,CUST008040,2023-11-25,Card Fraud,Branch,256.77,13.69,True,False,Region-09
FRD01161,CUST007492,2023-06-02,Card Fraud,ATM,179.33,79.91,True,False,Region-10
FRD01162,CUST018987,2024-11-06,Unusual Transaction Pattern,Online Banking,1455.66,7.61,True,False,Region-02
FRD01163,CUST011412,2023-09-02,Card Fraud,Branch,437.33,21.99,True,False,Region-12
FRD01164,CUST007893,2024-07-31,Suspicious Transfer,Online Banking,1512.34,28.06,True,False,Region-01
FRD01165,CUST002547,2024-06-18,Suspicious Transfer,Card Network,315.33,3105.86,False,False,Region-04
FRD01166,CUST005238,2024-08-20,Suspicious Transfer,Online Banking,65.4,311.43,False,True,Region-09
FRD01167,CUST012179,2024-07-17,Account Takeover,Card Network,616.29,525.25,False,False,Region-09
FRD01168,CUST005414,2023-07-16,Suspicious Transfer,Online Banking,163.71,67.34,True,False,Region-01
FRD01169,CUST003164,2023-07-12,Account Takeover,Mobile App,408.31,43.06,True,False,Region-07
FRD01170,CUST015999,2024-12-24,Card Fraud,ATM,1005.48,18.84,True,False,Region-09
FRD01171,CUST004628,2024-12-18,Unusual Transaction Pattern,ATM,523.12,360.28,False,False,Region-09
FRD01172,CUST019777,2023-05-25,Identity-related Anomaly,Card Network,687.11,5.7,True,False,Region-02
FRD01173,CUST010372,2024-11-23,ATM Fraud,Card Network,1686.17,409.33,True,False,Region-03
FRD01174,CUST008474,2023-01-21,Suspicious Transfer,Mobile App,120.2,11.93,True,False,Region-11
FRD01175,CUST003369,2023-01-04,ATM Fraud,ATM,521.17,24.85,True,False,Region-07
FRD01176,CUST019548,2023-01-18,ATM Fraud,Card Network,668.14,201.6,True,False,Region-09
FRD01177,CUST013134,2024-02-20,Suspicious Transfer,Mobile App,164.92,1233.53,False,True,Region-02
FRD01178,CUST001731,2024-03-22,ATM Fraud,Card Network,541.12,63.23,True,False,Region-10
FRD01179,CUST002807,2023-11-13,ATM Fraud,Branch,1192.06,112.24,True,False,Region-05
FRD01180,CUST018638,2024-02-21,Suspicious Transfer,Card Network,178.09,67.23,True,False,Region-07
FRD01181,CUST016675,2023-05-16,ATM Fraud,Branch,580.29,11.03,True,False,Region-02
FRD01182,CUST003498,2023-10-12,Identity-related Anomaly,ATM,147.18,7.06,True,False,Region-09
FRD01183,CUST004419,2023-08-09,Suspicious Transfer,ATM,1195.15,140.23,True,False,Region-11
FRD01184,CUST005328,2023-04-19,Suspicious Transfer,Online Banking,979.96,237.06,True,False,Region-10
FRD01185,CUST013713,2024-08-22,ATM Fraud,Branch,183.52,50.26,True,False,Region-12
FRD01186,CUST018050,2023-09-20,Account Takeover,Online Banking,1150.41,352.23,True,False,Region-06
FRD01187,CUST014952,2024-05-04,Card Fraud,Mobile App,1346.02,14.88,True,False,Region-06
FRD01188,CUST012824,2024-12-07,Suspicious Transfer,Card Network,213.16,46.58,True,False,Region-10
FRD01189,CUST016776,2024-11-26,Account Takeover,ATM,1242.39,93.02,True,False,Region-02
FRD01190,CUST009665,2024-08-05,Unusual Transaction Pattern,Card Network,1145.44,86.54,True,False,Region-06
FRD01191,CUST015703,2024-09-26,Suspicious Transfer,Card Network,178.72,101.81,True,False,Region-06
FRD01192,CUST017275,2023-01-27,Suspicious Transfer,Online Banking,519.98,44.72,True,False,Region-05
FRD01193,CUST001303,2024-12-05,Suspicious Transfer,Mobile App,421.44,85.3,True,False,Region-01
FRD01194,CUST012856,2024-07-14,Account Takeover,Branch,610.56,28.2,True,False,Region-04
FRD01195,CUST010967,2023-04-03,ATM Fraud,ATM,124.79,26.77,True,False,Region-06
FRD01196,CUST000763,2023-04-28,Identity-related Anomaly,ATM,283.35,35.46,True,False,Region-12
FRD01197,CUST017441,2024-05-29,Suspicious Transfer,Mobile App,1798.91,42.89,True,False,Region-07
FRD01198,CUST006396,2023-07-04,Card Fraud,Mobile App,1943.31,3.48,True,False,Region-12
FRD01199,CUST017695,2024-04-19,Account Takeover,Mobile App,221.15,66.12,True,False,Region-11
FRD01200,CUST006226,2023-07-28,Unusual Transaction Pattern,Mobile App,265.61,125.92,True,False,Region-05
FRD01201,CUST002919,2024-08-16,Unusual Transaction Pattern,Online Banking,244.32,43.01,True,False,Region-12
FRD01202,CUST002954,2024-01-06,Card Fraud,Online Banking,1610.55,18.6,True,False,Region-09
FRD01203,CUST011603,2023-08-13,Card Fraud,Branch,126.43,41.29,True,False,Region-07
FRD01204,CUST013893,2023-09-11,Card Fraud,Branch,1005.69,406.02,False,False,Region-03
FRD01205,CUST011508,2024-05-21,Card Fraud,Online Banking,103.23,83.31,True,False,Region-04
FRD01206,CUST019433,2023-04-24,Unusual Transaction Pattern,Online Banking,655.81,24.28,True,False,Region-11
FRD01207,CUST012881,2024-06-20,Account Takeover,Mobile App,270.94,447.8,False,False,Region-03
FRD01208,CUST015486,2024-03-26,Unusual Transaction Pattern,ATM,868.61,18.03,True,False,Region-10
FRD01209,CUST013720,2024-09-04,Card Fraud,ATM,1139.74,123.97,True,False,Region-06
FRD01210,CUST000821,2024-02-20,ATM Fraud,Mobile App,359.6,9.14,True,False,Region-08
FRD01211,CUST012044,2024-08-25,Card Fraud,Card Network,287.74,113.8,True,False,Region-11
FRD01212,CUST005942,2023-08-23,Card Fraud,Online Banking,325.87,648.33,False,False,Region-11
FRD01213,CUST011152,2024-02-12,Identity-related Anomaly,Card Network,961.14,20.53,True,False,Region-03
FRD01214,CUST016869,2024-11-08,Account Takeover,Branch,205.28,16.15,True,False,Region-01
FRD01215,CUST007946,2024-08-17,ATM Fraud,ATM,161.54,42.72,True,False,Region-03
FRD01216,CUST013195,2024-06-14,Identity-related Anomaly,Online Banking,820.42,35.53,True,False,Region-01
FRD01217,CUST016204,2024-01-25,Card Fraud,Mobile App,396.43,69.91,True,False,Region-03
FRD01218,CUST002248,2023-07-29,Card Fraud,Card Network,488.57,35.1,True,False,Region-04
FRD01219,CUST002412,2023-10-07,Card Fraud,Mobile App,505.42,7.2,True,False,Region-06
FRD01220,CUST009705,2023-07-25,Account Takeover,Card Network,1306.86,57.74,True,False,Region-04
FRD01221,CUST005085,2023-11-24,Account Takeover,Branch,422.72,24.0,True,False,Region-09
FRD01222,CUST003848,2023-01-04,Card Fraud,Online Banking,448.25,8.33,True,False,Region-10
FRD01223,CUST006421,2024-12-26,Suspicious Transfer,Mobile App,107.19,0.68,True,False,Region-03
FRD01224,CUST001408,2024-08-17,Card Fraud,Online Banking,980.18,121.21,True,False,Region-03
FRD01225,CUST003751,2023-08-28,Card Fraud,Branch,1544.52,1.58,True,False,Region-01
FRD01226,CUST006899,2024-04-03,Suspicious Transfer,Mobile App,217.15,95.81,True,False,Region-04
FRD01227,CUST008700,2024-04-22,Suspicious Transfer,Card Network,145.35,1137.92,False,True,Region-09
FRD01228,CUST001966,2023-11-09,Card Fraud,ATM,2196.03,43.85,True,False,Region-02
FRD01229,CUST017920,2024-03-29,Card Fraud,Mobile App,593.53,114.91,True,False,Region-11
FRD01230,CUST011665,2023-07-30,Card Fraud,Mobile App,959.25,53.73,True,False,Region-09
FRD01231,CUST018824,2024-03-15,Card Fraud,Mobile App,69.59,828.36,False,False,Region-07
FRD01232,CUST018821,2024-12-24,Card Fraud,Online Banking,58.46,96.3,True,False,Region-10
FRD01233,CUST003407,2023-11-07,Unusual Transaction Pattern,Mobile App,989.52,118.32,True,False,Region-01
FRD01234,CUST004461,2023-01-20,Suspicious Transfer,Card Network,410.04,14.11,True,False,Region-08
FRD01235,CUST018774,2024-05-30,ATM Fraud,Online Banking,817.86,16.29,True,False,Region-12
FRD01236,CUST001737,2023-05-07,Identity-related Anomaly,ATM,1090.75,84.17,True,False,Region-01
FRD01237,CUST001881,2023-11-29,Unusual Transaction Pattern,Branch,564.93,1.35,True,False,Region-06
FRD01238,CUST013961,2023-09-29,Suspicious Transfer,Online Banking,1027.37,16.38,True,False,Region-06
FRD01239,CUST004588,2023-06-11,Account Takeover,Card Network,345.92,25.34,True,False,Region-02
FRD01240,CUST017441,2023-05-07,Suspicious Transfer,Online Banking,763.61,22.74,True,False,Region-07
FRD01241,CUST003035,2024-04-15,Card Fraud,Online Banking,1460.03,6.77,True,False,Region-02
FRD01242,CUST017314,2024-01-28,ATM Fraud,ATM,699.61,25.92,True,False,Region-02
FRD01243,CUST009545,2023-10-03,Card Fraud,Branch,684.32,267.11,False,True,Region-04
FRD01244,CUST005303,2024-06-17,Account Takeover,Card Network,903.44,121.05,True,False,Region-10
FRD01245,CUST014824,2023-01-06,Account Takeover,ATM,693.96,133.92,True,False,Region-08
FRD01246,CUST018010,2024-09-26,Card Fraud,Branch,1337.93,1270.94,False,False,Region-03
FRD01247,CUST012825,2023-05-30,Account Takeover,ATM,343.45,203.54,True,False,Region-03
FRD01248,CUST006281,2023-11-14,Suspicious Transfer,Card Network,1787.18,141.61,True,False,Region-12
FRD01249,CUST009455,2024-12-02,Card Fraud,Card Network,393.23,62.85,True,False,Region-01
FRD01250,CUST008439,2024-02-15,Card Fraud,ATM,448.84,95.46,True,False,Region-05
FRD01251,CUST016180,2023-10-26,Card Fraud,Card Network,537.78,41.73,True,False,Region-06
FRD01252,CUST002885,2023-02-23,Card Fraud,Branch,169.82,11.08,True,False,Region-07
FRD01253,CUST018730,2024-01-04,Card Fraud,Branch,940.82,66.65,True,False,Region-01
FRD01254,CUST005652,2023-03-28,Unusual Transaction Pattern,Online Banking,1799.69,54.07,True,False,Region-07
FRD01255,CUST014640,2024-04-19,Card Fraud,Branch,751.13,156.24,True,False,Region-11
FRD01256,CUST002256,2023-12-21,Card Fraud,Online Banking,986.61,76.35,True,False,Region-07
FRD01257,CUST017394,2023-02-15,Suspicious Transfer,ATM,3019.13,66.0,False,True,Region-10
FRD01258,CUST014356,2023-02-17,Suspicious Transfer,ATM,283.58,14.73,True,False,Region-04
FRD01259,CUST009929,2023-03-17,Suspicious Transfer,Mobile App,481.95,85.1,True,False,Region-10
FRD01260,CUST002561,2023-09-10,Card Fraud,Card Network,1112.23,73.76,True,False,Region-05
FRD01261,CUST012179,2023-05-06,Suspicious Transfer,ATM,1282.23,26.79,True,False,Region-09
FRD01262,CUST018704,2024-09-21,Identity-related Anomaly,Online Banking,228.93,130.48,True,False,Region-03
FRD01263,CUST001136,2023-03-31,Card Fraud,ATM,323.58,67.66,True,False,Region-07
FRD01264,CUST004248,2023-02-23,Card Fraud,Mobile App,145.59,69.76,True,False,Region-09
FRD01265,CUST014320,2024-01-05,Suspicious Transfer,Branch,2620.47,42.17,True,False,Region-04
FRD01266,CUST001138,2024-12-21,Account Takeover,Branch,548.08,97.79,True,False,Region-01
FRD01267,CUST013272,2023-01-11,Card Fraud,Card Network,1162.08,44.74,True,False,Region-11
FRD01268,CUST002817,2024-03-17,ATM Fraud,Branch,693.82,55.53,True,False,Region-01
FRD01269,CUST004157,2023-08-11,Account Takeover,Card Network,667.72,222.24,True,False,Region-11
FRD01270,CUST009300,2024-06-20,Account Takeover,Card Network,1305.52,11.05,True,False,Region-05
FRD01271,CUST003779,2024-04-20,Unusual Transaction Pattern,Card Network,116.08,103.99,True,False,Region-02
FRD01272,CUST003652,2024-09-11,Card Fraud,Mobile App,227.39,19.22,True,False,Region-02
FRD01273,CUST003612,2024-05-07,ATM Fraud,ATM,1359.45,47.78,True,False,Region-12
FRD01274,CUST016215,2024-08-03,Suspicious Transfer,Mobile App,249.46,43.04,True,False,Region-08
FRD01275,CUST000763,2024-08-17,ATM Fraud,ATM,303.35,56.79,True,False,Region-12
FRD01276,CUST001226,2024-03-24,Card Fraud,Card Network,646.8,152.23,True,False,Region-04
FRD01277,CUST002201,2024-08-18,Card Fraud,Online Banking,1288.52,12.87,True,False,Region-08
FRD01278,CUST012139,2024-09-26,Card Fraud,ATM,2195.41,59.57,True,False,Region-04
FRD01279,CUST014961,2023-07-17,Unusual Transaction Pattern,Online Banking,453.75,628.73,False,False,Region-11
FRD01280,CUST014172,2023-04-25,Card Fraud,Mobile App,935.44,143.17,True,False,Region-08
FRD01281,CUST019824,2023-04-05,Card Fraud,Mobile App,819.05,1.35,True,False,Region-05
FRD01282,CUST014764,2023-12-17,ATM Fraud,Mobile App,1682.05,365.18,False,False,Region-11
FRD01283,CUST012877,2024-04-20,ATM Fraud,Online Banking,381.24,13.96,True,False,Region-06
FRD01284,CUST012693,2023-06-21,Account Takeover,Online Banking,620.26,1326.74,False,True,Region-06
FRD01285,CUST011482,2024-08-30,Identity-related Anomaly,Mobile App,808.0,136.91,True,False,Region-09
FRD01286,CUST016148,2023-08-30,Suspicious Transfer,Card Network,168.31,35.76,True,False,Region-03
FRD01287,CUST019768,2023-03-08,Suspicious Transfer,Card Network,534.32,87.93,True,False,Region-01
FRD01288,CUST001320,2024-06-08,Unusual Transaction Pattern,Online Banking,1123.02,15.01,True,False,Region-01
FRD01289,CUST011293,2023-11-17,Account Takeover,Branch,323.91,25.82,True,False,Region-11
FRD01290,CUST017753,2024-02-29,Suspicious Transfer,Card Network,1110.72,19.56,True,False,Region-01
FRD01291,CUST010070,2023-08-09,Account Takeover,Mobile App,697.55,103.67,True,False,Region-12
FRD01292,CUST003995,2023-08-27,Suspicious Transfer,Card Network,474.83,83.09,True,False,Region-07
FRD01293,CUST011202,2024-06-23,Account Takeover,Mobile App,254.46,98.23,True,False,Region-12
FRD01294,CUST012001,2023-08-25,Suspicious Transfer,Branch,335.21,103.04,True,False,Region-10
FRD01295,CUST004200,2024-03-29,Card Fraud,Card Network,441.83,55.59,True,False,Region-01
FRD01296,CUST007953,2024-08-17,Card Fraud,Branch,665.04,748.28,False,True,Region-01
FRD01297,CUST008806,2024-10-28,Card Fraud,ATM,451.87,5.08,True,False,Region-09
FRD01298,CUST017927,2024-09-03,Card Fraud,ATM,1102.26,39.12,True,False,Region-01
FRD01299,CUST008077,2024-10-24,Suspicious Transfer,ATM,209.99,615.57,False,False,Region-09
FRD01300,CUST002789,2023-12-15,Account Takeover,Online Banking,645.32,70.19,True,False,Region-08
FRD01301,CUST010934,2023-06-23,Suspicious Transfer,ATM,479.11,125.7,True,False,Region-05
FRD01302,CUST005344,2024-05-05,Account Takeover,ATM,411.83,68.27,True,False,Region-05
FRD01303,CUST017069,2024-04-19,Card Fraud,Card Network,647.33,1611.23,False,False,Region-07
FRD01304,CUST018247,2023-06-06,Card Fraud,Card Network,258.36,52.36,True,False,Region-01
FRD01305,CUST007771,2024-08-12,Unusual Transaction Pattern,Card Network,262.66,39.94,True,False,Region-11
FRD01306,CUST002896,2023-12-26,Card Fraud,Card Network,206.6,3.93,True,False,Region-01
FRD01307,CUST007338,2023-06-10,ATM Fraud,Card Network,184.43,747.04,False,True,Region-09
FRD01308,CUST017241,2023-05-16,Account Takeover,ATM,873.68,37.39,True,False,Region-02
FRD01309,CUST002498,2023-06-11,ATM Fraud,Branch,875.65,77.08,True,False,Region-06
FRD01310,CUST010376,2024-04-14,Suspicious Transfer,Mobile App,200.98,62.24,True,False,Region-05
FRD01311,CUST014332,2023-06-21,Suspicious Transfer,Online Banking,1018.87,82.7,True,False,Region-04
FRD01312,CUST010182,2024-11-25,Card Fraud,Branch,121.93,2.34,True,False,Region-03
FRD01313,CUST011993,2023-12-24,Suspicious Transfer,Card Network,1026.95,188.7,True,False,Region-11
FRD01314,CUST009098,2023-10-08,ATM Fraud,Online Banking,1055.85,48.86,True,False,Region-08
FRD01315,CUST008882,2023-05-19,Card Fraud,Mobile App,299.47,167.67,True,False,Region-03
FRD01316,CUST007419,2024-03-28,Card Fraud,Card Network,638.29,60.77,True,False,Region-09
FRD01317,CUST005611,2023-10-02,Card Fraud,Branch,450.85,40.51,True,False,Region-08
FRD01318,CUST009833,2023-03-28,ATM Fraud,Mobile App,494.88,45.06,True,False,Region-02
FRD01319,CUST018835,2024-11-06,Suspicious Transfer,Mobile App,929.55,69.15,True,False,Region-06
FRD01320,CUST014793,2024-08-08,Account Takeover,Mobile App,634.71,43.79,True,False,Region-04
FRD01321,CUST014180,2024-05-30,Suspicious Transfer,ATM,212.6,64.59,True,False,Region-12
FRD01322,CUST006743,2023-08-08,ATM Fraud,Online Banking,1083.97,1.1,True,False,Region-11
FRD01323,CUST013219,2024-09-19,Card Fraud,Branch,1228.23,207.72,True,False,Region-05
FRD01324,CUST003057,2023-04-12,ATM Fraud,Branch,1765.9,11.48,True,False,Region-01
FRD01325,CUST018811,2024-09-22,Card Fraud,Online Banking,755.87,36.37,True,False,Region-03
FRD01326,CUST014601,2024-09-06,Identity-related Anomaly,Online Banking,242.5,80.3,True,False,Region-09
FRD01327,CUST004275,2023-08-23,Suspicious Transfer,ATM,546.07,65.44,True,False,Region-05
FRD01328,CUST007111,2024-01-17,ATM Fraud,Mobile App,541.32,52.11,True,False,Region-02
FRD01329,CUST004469,2023-08-01,ATM Fraud,Branch,1829.13,101.43,True,False,Region-04
FRD01330,CUST010427,2024-11-22,Account Takeover,Online Banking,192.23,131.4,True,False,Region-12
FRD01331,CUST019559,2023-07-23,Card Fraud,Branch,311.16,166.23,True,False,Region-12
FRD01332,CUST018971,2023-10-06,ATM Fraud,Online Banking,166.11,49.75,True,False,Region-02
FRD01333,CUST010551,2023-09-25,Suspicious Transfer,Online Banking,1886.36,25.06,True,False,Region-11
FRD01334,CUST003106,2023-07-02,Suspicious Transfer,Mobile App,1035.81,125.88,True,False,Region-09
FRD01335,CUST000645,2023-01-20,Account Takeover,ATM,977.0,86.2,True,False,Region-10
FRD01336,CUST002536,2023-08-01,Identity-related Anomaly,Branch,639.61,28.37,True,False,Region-06
FRD01337,CUST014239,2023-03-13,Suspicious Transfer,Mobile App,2071.76,47.23,True,False,Region-10
FRD01338,CUST005911,2024-03-15,Card Fraud,Online Banking,647.51,69.89,True,False,Region-01
FRD01339,CUST002055,2023-02-10,ATM Fraud,Online Banking,271.83,68.53,True,False,Region-04
FRD01340,CUST013340,2024-12-08,Card Fraud,Online Banking,442.47,22.44,True,False,Region-03
FRD01341,CUST018236,2023-05-13,Suspicious Transfer,Mobile App,270.66,62.85,True,False,Region-04
FRD01342,CUST017520,2023-10-05,Suspicious Transfer,Mobile App,1252.81,878.29,False,True,Region-09
FRD01343,CUST014179,2024-09-30,Unusual Transaction Pattern,Online Banking,546.23,331.32,False,False,Region-07
FRD01344,CUST015263,2024-05-01,Unusual Transaction Pattern,Online Banking,128.86,44.54,True,False,Region-04
FRD01345,CUST019001,2024-03-24,Card Fraud,Mobile App,240.86,15.06,True,False,Region-06
FRD01346,CUST008650,2023-11-23,ATM Fraud,Online Banking,484.33,26.7,True,False,Region-02
FRD01347,CUST001452,2023-09-20,ATM Fraud,Card Network,611.13,31.04,True,False,Region-12
FRD01348,CUST013254,2024-03-19,Card Fraud,ATM,495.8,7.89,True,False,Region-04
FRD01349,CUST017567,2024-06-14,Card Fraud,Mobile App,383.8,30.51,True,False,Region-03
FRD01350,CUST001899,2023-10-30,Identity-related Anomaly,Mobile App,551.79,92.68,True,False,Region-09
FRD01351,CUST002705,2023-04-07,Suspicious Transfer,Card Network,578.53,136.94,True,False,Region-02
FRD01352,CUST011475,2024-06-10,Identity-related Anomaly,Mobile App,849.26,39.33,True,False,Region-08
FRD01353,CUST008928,2023-03-21,Account Takeover,Mobile App,2954.56,26.32,True,False,Region-10
FRD01354,CUST009026,2024-11-21,Identity-related Anomaly,ATM,104.47,1.22,True,False,Region-05
FRD01355,CUST017763,2023-07-07,Account Takeover,Mobile App,1326.09,133.61,True,False,Region-03
FRD01356,CUST016545,2024-08-12,ATM Fraud,ATM,344.37,137.3,True,False,Region-04
FRD01357,CUST005860,2024-10-22,Card Fraud,ATM,506.42,263.03,True,False,Region-10
FRD01358,CUST014985,2024-03-29,Suspicious Transfer,Card Network,265.92,92.01,True,False,Region-10
FRD01359,CUST005861,2023-03-17,ATM Fraud,Branch,618.67,240.96,True,False,Region-12
FRD01360,CUST019049,2024-11-08,Card Fraud,Mobile App,861.24,37.19,True,False,Region-06
FRD01361,CUST005300,2023-01-02,ATM Fraud,ATM,439.85,949.91,False,False,Region-05
FRD01362,CUST004032,2024-08-02,Suspicious Transfer,Mobile App,993.54,83.08,True,False,Region-10
FRD01363,CUST009988,2023-04-03,Card Fraud,Branch,612.24,14.34,True,False,Region-04
FRD01364,CUST008936,2024-06-28,Unusual Transaction Pattern,Mobile App,456.21,26.16,True,False,Region-12
FRD01365,CUST007092,2024-06-04,Card Fraud,Branch,233.19,1906.84,False,True,Region-08
FRD01366,CUST012371,2023-03-04,Card Fraud,Card Network,482.05,65.89,True,False,Region-07
FRD01367,CUST001537,2024-03-21,Card Fraud,ATM,1561.86,81.09,True,False,Region-04
FRD01368,CUST007303,2023-12-16,Suspicious Transfer,Branch,614.89,22.03,True,False,Region-06
FRD01369,CUST015085,2024-04-03,Card Fraud,Online Banking,552.71,289.34,False,False,Region-01
FRD01370,CUST002506,2023-04-13,Suspicious Transfer,ATM,234.84,6.49,True,False,Region-10
FRD01371,CUST016316,2024-06-26,Suspicious Transfer,Branch,1290.48,6.91,True,False,Region-07
FRD01372,CUST008485,2024-03-22,ATM Fraud,ATM,892.9,152.72,True,False,Region-09
FRD01373,CUST019097,2023-08-20,Account Takeover,ATM,706.22,8.54,True,False,Region-06
FRD01374,CUST004692,2023-03-28,Unusual Transaction Pattern,Branch,170.28,20.15,True,False,Region-05
FRD01375,CUST015629,2023-03-15,Card Fraud,Online Banking,130.46,72.85,True,False,Region-04
FRD01376,CUST018648,2023-03-02,Suspicious Transfer,Branch,914.72,89.76,True,False,Region-06
FRD01377,CUST015545,2023-05-16,Card Fraud,Branch,1229.02,33.46,True,False,Region-12
FRD01378,CUST008618,2023-10-20,Card Fraud,Branch,30.64,297.93,False,False,Region-08
FRD01379,CUST007603,2023-03-23,Card Fraud,Mobile App,349.51,5.88,True,False,Region-04
FRD01380,CUST001276,2024-04-01,Card Fraud,Branch,684.48,52.79,True,False,Region-06
FRD01381,CUST004049,2024-01-22,Unusual Transaction Pattern,ATM,1486.71,56.84,True,False,Region-03
FRD01382,CUST003528,2024-12-23,ATM Fraud,Card Network,375.65,47.43,True,False,Region-05
FRD01383,CUST013111,2024-04-29,Suspicious Transfer,Card Network,607.11,96.61,True,False,Region-09
FRD01384,CUST011346,2024-12-08,Account Takeover,Branch,816.25,39.45,True,False,Region-12
FRD01385,CUST001704,2023-07-09,Account Takeover,ATM,1005.87,73.3,True,False,Region-01
FRD01386,CUST008452,2024-05-06,Card Fraud,Card Network,193.3,114.27,True,False,Region-03
FRD01387,CUST003334,2024-01-21,Account Takeover,Mobile App,548.79,799.27,False,True,Region-05
FRD01388,CUST000298,2024-04-30,Card Fraud,Online Banking,349.53,21.72,True,False,Region-10
FRD01389,CUST018553,2024-01-17,Identity-related Anomaly,Branch,1304.32,71.36,True,False,Region-07
FRD01390,CUST003577,2023-03-02,Card Fraud,ATM,580.85,1533.48,False,True,Region-12
FRD01391,CUST010857,2024-06-24,Suspicious Transfer,ATM,298.19,19.02,True,False,Region-01
FRD01392,CUST014502,2023-08-21,Suspicious Transfer,ATM,909.37,105.62,True,False,Region-08
FRD01393,CUST012233,2024-10-25,Account Takeover,Card Network,929.92,8.99,True,False,Region-09
FRD01394,CUST013135,2023-07-26,Card Fraud,ATM,529.13,73.73,True,False,Region-12
FRD01395,CUST009650,2024-10-21,Card Fraud,Mobile App,367.36,2.36,True,False,Region-11
FRD01396,CUST016197,2023-01-14,Suspicious Transfer,ATM,291.99,111.83,False,True,Region-01
FRD01397,CUST002580,2023-02-04,Identity-related Anomaly,Mobile App,234.38,1683.63,False,True,Region-10
FRD01398,CUST012082,2023-08-08,Card Fraud,Mobile App,1443.3,25.02,True,False,Region-07
FRD01399,CUST008282,2023-01-20,Account Takeover,ATM,246.87,57.6,True,False,Region-01
FRD01400,CUST007987,2024-04-02,Unusual Transaction Pattern,Mobile App,128.11,564.05,False,False,Region-07
FRD01401,CUST018213,2024-09-08,Card Fraud,Card Network,797.18,3.55,True,False,Region-04
FRD01402,CUST018663,2023-08-18,Account Takeover,Mobile App,558.32,1278.32,False,True,Region-05
FRD01403,CUST005400,2024-04-02,Unusual Transaction Pattern,Card Network,42.32,52.62,True,False,Region-04
FRD01404,CUST019771,2024-09-10,Card Fraud,Online Banking,1428.39,82.43,True,False,Region-08
FRD01405,CUST008774,2023-08-28,Card Fraud,Online Banking,275.6,41.3,True,False,Region-11
FRD01406,CUST014794,2023-01-24,Unusual Transaction Pattern,Online Banking,88.15,111.85,True,False,Region-08
FRD01407,CUST005941,2024-07-28,Card Fraud,Branch,1065.08,433.19,False,True,Region-01
FRD01408,CUST009159,2024-09-01,Card Fraud,Mobile App,957.42,411.99,False,True,Region-10
FRD01409,CUST009884,2024-12-01,Card Fraud,ATM,117.16,148.59,True,False,Region-07
FRD01410,CUST004322,2024-08-20,Identity-related Anomaly,Branch,41.79,14.84,True,False,Region-05
FRD01411,CUST014725,2023-11-10,Card Fraud,Mobile App,236.3,74.52,True,False,Region-12
FRD01412,CUST003022,2024-01-24,Card Fraud,Mobile App,255.52,32.99,True,False,Region-05
FRD01413,CUST001046,2023-01-01,Account Takeover,Mobile App,259.93,58.25,True,False,Region-07
FRD01414,CUST008307,2023-02-25,Suspicious Transfer,Card Network,823.38,52.93,True,False,Region-11
FRD01415,CUST007105,2023-08-27,Suspicious Transfer,Card Network,433.8,1058.6,False,False,Region-09
FRD01416,CUST007725,2023-04-17,Suspicious Transfer,ATM,901.85,158.27,True,False,Region-01
FRD01417,CUST019757,2023-04-10,Unusual Transaction Pattern,Mobile App,950.47,5.72,True,False,Region-11
FRD01418,CUST005503,2023-10-17,Account Takeover,Branch,1110.18,33.82,True,False,Region-11
FRD01419,CUST017588,2024-01-26,Unusual Transaction Pattern,Online Banking,594.54,32.32,True,False,Region-08
FRD01420,CUST015008,2024-08-17,Card Fraud,ATM,277.18,29.93,True,False,Region-01
FRD01421,CUST013356,2023-04-23,Card Fraud,Mobile App,564.61,54.15,True,False,Region-11
FRD01422,CUST019768,2023-03-31,Suspicious Transfer,Online Banking,1337.43,0.68,True,False,Region-01
FRD01423,CUST006463,2024-12-03,Card Fraud,ATM,637.49,91.47,True,False,Region-02
FRD01424,CUST003144,2024-11-16,Card Fraud,Card Network,968.56,9.08,True,False,Region-12
FRD01425,CUST009325,2024-07-10,Identity-related Anomaly,Online Banking,1065.91,35.62,True,False,Region-07
FRD01426,CUST004285,2023-05-16,Identity-related Anomaly,Mobile App,251.47,129.3,True,False,Region-07
FRD01427,CUST011969,2023-12-06,Card Fraud,Branch,1401.72,134.41,False,False,Region-04
FRD01428,CUST009717,2023-05-18,Suspicious Transfer,Card Network,727.6,609.9,False,False,Region-05
FRD01429,CUST012507,2023-10-31,ATM Fraud,Branch,491.5,20.91,True,False,Region-01
FRD01430,CUST007307,2024-12-11,Suspicious Transfer,Card Network,581.7,505.76,False,False,Region-07
FRD01431,CUST011661,2023-12-04,Card Fraud,Mobile App,725.46,53.91,True,False,Region-02
FRD01432,CUST015717,2024-05-04,Account Takeover,Mobile App,191.44,86.56,False,False,Region-03
FRD01433,CUST007829,2024-08-17,Suspicious Transfer,Card Network,172.79,8.98,True,False,Region-08
FRD01434,CUST013647,2024-04-27,Suspicious Transfer,Branch,822.42,176.31,True,False,Region-07
FRD01435,CUST016202,2023-12-29,Unusual Transaction Pattern,Mobile App,740.09,41.42,True,False,Region-12
FRD01436,CUST014255,2023-08-11,Card Fraud,Online Banking,540.78,7.01,True,False,Region-11
FRD01437,CUST002490,2024-03-11,Card Fraud,ATM,391.44,40.36,True,False,Region-06
FRD01438,CUST009287,2023-03-13,Card Fraud,Branch,241.17,34.37,True,False,Region-07
FRD01439,CUST010103,2024-07-29,ATM Fraud,ATM,679.89,85.25,True,False,Region-04
FRD01440,CUST007210,2023-10-08,Card Fraud,Mobile App,614.1,528.81,False,True,Region-11
FRD01441,CUST013802,2024-05-03,Card Fraud,Mobile App,819.48,7.55,True,False,Region-12
FRD01442,CUST009990,2024-07-01,Account Takeover,Card Network,1239.17,64.84,True,False,Region-11
FRD01443,CUST013946,2023-02-15,ATM Fraud,Mobile App,535.69,89.45,True,False,Region-09
FRD01444,CUST002149,2023-09-28,Card Fraud,Branch,272.22,3.0,True,False,Region-12
FRD01445,CUST017946,2023-03-15,Suspicious Transfer,ATM,641.98,403.62,False,False,Region-02
FRD01446,CUST004650,2023-08-13,Card Fraud,Card Network,730.91,45.69,True,False,Region-10
FRD01447,CUST007925,2024-08-22,ATM Fraud,Online Banking,1103.57,735.01,False,True,Region-01
FRD01448,CUST018493,2023-02-24,Suspicious Transfer,ATM,1358.2,137.14,True,False,Region-06
FRD01449,CUST009577,2023-01-03,Suspicious Transfer,Online Banking,584.68,3.41,True,False,Region-08
FRD01450,CUST006025,2023-10-23,Account Takeover,Online Banking,729.7,12.29,True,False,Region-07
FRD01451,CUST000160,2023-08-23,Card Fraud,Mobile App,568.23,117.55,True,False,Region-10
FRD01452,CUST019201,2023-10-15,Account Takeover,ATM,582.67,33.63,True,False,Region-02
FRD01453,CUST007269,2024-12-11,Card Fraud,Card Network,321.59,24.41,True,False,Region-06
FRD01454,CUST000001,2023-03-10,Suspicious Transfer,ATM,1404.59,6.24,True,False,Region-10
FRD01455,CUST017492,2023-07-11,Card Fraud,ATM,1059.58,13.76,True,False,Region-11
FRD01456,CUST007148,2024-09-19,Suspicious Transfer,Online Banking,988.08,13.99,True,False,Region-04
FRD01457,CUST019738,2024-10-14,Card Fraud,Online Banking,846.49,45.31,True,False,Region-08
FRD01458,CUST007809,2023-05-17,Card Fraud,Online Banking,1041.21,82.57,True,False,Region-02
FRD01459,CUST015787,2023-12-23,ATM Fraud,Card Network,203.03,49.98,True,False,Region-04
FRD01460,CUST018146,2024-05-31,Suspicious Transfer,Online Banking,716.76,3.74,True,False,Region-10
FRD01461,CUST002833,2024-04-07,Card Fraud,Card Network,1254.19,123.93,True,False,Region-03
FRD01462,CUST011130,2024-02-19,Account Takeover,Online Banking,764.42,59.88,True,False,Region-02
FRD01463,CUST009162,2023-10-25,ATM Fraud,ATM,632.19,21.62,True,False,Region-09
FRD01464,CUST014474,2023-01-28,Identity-related Anomaly,Branch,576.31,203.21,True,False,Region-05
FRD01465,CUST017778,2024-11-09,Card Fraud,Card Network,1039.9,4.39,True,False,Region-05
FRD01466,CUST017123,2023-12-11,ATM Fraud,Card Network,834.91,199.12,True,False,Region-01
FRD01467,CUST019472,2024-04-01,Card Fraud,ATM,315.88,9.09,True,False,Region-04
FRD01468,CUST007150,2023-07-04,Suspicious Transfer,Mobile App,356.81,55.21,True,False,Region-09
FRD01469,CUST009821,2024-11-28,Unusual Transaction Pattern,Branch,679.9,427.71,False,True,Region-01
FRD01470,CUST007291,2024-03-30,ATM Fraud,Branch,300.26,132.47,True,False,Region-09
FRD01471,CUST010177,2023-07-07,Suspicious Transfer,Online Banking,321.47,40.9,True,False,Region-06
FRD01472,CUST018813,2023-05-07,Identity-related Anomaly,Branch,1034.8,79.24,True,False,Region-06
FRD01473,CUST008332,2024-01-02,Suspicious Transfer,ATM,1328.22,51.15,True,False,Region-06
FRD01474,CUST004240,2024-08-05,Card Fraud,Mobile App,884.19,74.52,True,False,Region-09
FRD01475,CUST009751,2024-04-13,Suspicious Transfer,Online Banking,447.75,54.18,True,False,Region-10
FRD01476,CUST018690,2024-11-12,Unusual Transaction Pattern,Card Network,915.63,12.83,True,False,Region-08
FRD01477,CUST014719,2024-04-19,Card Fraud,ATM,122.28,168.23,False,True,Region-07
FRD01478,CUST006296,2023-04-04,Unusual Transaction Pattern,Branch,960.29,44.55,True,False,Region-12
FRD01479,CUST010179,2023-05-15,Identity-related Anomaly,Branch,1020.8,45.9,True,False,Region-04
FRD01480,CUST017815,2023-06-27,Unusual Transaction Pattern,Mobile App,164.29,133.73,True,False,Region-06
FRD01481,CUST014295,2023-01-24,Card Fraud,Online Banking,353.62,60.89,True,False,Region-12
FRD01482,CUST001865,2024-03-23,Card Fraud,ATM,426.81,52.88,True,False,Region-01
FRD01483,CUST007185,2024-12-27,Suspicious Transfer,Online Banking,509.97,62.46,True,False,Region-11
FRD01484,CUST009037,2024-11-09,Account Takeover,Online Banking,342.45,88.92,True,False,Region-12
FRD01485,CUST014330,2024-07-30,Account Takeover,Mobile App,2119.56,42.15,True,False,Region-05
FRD01486,CUST004798,2023-09-20,Unusual Transaction Pattern,Card Network,1077.07,54.17,True,False,Region-04
FRD01487,CUST015921,2024-10-25,ATM Fraud,Online Banking,221.94,111.13,True,False,Region-04
FRD01488,CUST012329,2024-07-01,Suspicious Transfer,Mobile App,1106.87,135.67,True,False,Region-01
FRD01489,CUST015707,2024-07-29,Identity-related Anomaly,Mobile App,1926.67,1303.92,False,True,Region-02
FRD01490,CUST010496,2023-01-27,Card Fraud,Mobile App,295.47,1566.83,False,False,Region-06
FRD01491,CUST009789,2023-12-19,Identity-related Anomaly,Online Banking,452.86,224.93,False,True,Region-04
FRD01492,CUST009756,2024-06-22,Card Fraud,Mobile App,729.46,219.52,True,False,Region-03
FRD01493,CUST005111,2023-04-06,Identity-related Anomaly,Card Network,788.7,58.93,True,False,Region-04
FRD01494,CUST014204,2024-01-29,Card Fraud,Online Banking,822.12,73.74,True,False,Region-01
FRD01495,CUST019365,2023-09-28,ATM Fraud,Mobile App,1008.24,990.13,False,False,Region-07
FRD01496,CUST007658,2023-09-14,Card Fraud,Mobile App,751.4,64.89,True,False,Region-10
FRD01497,CUST011827,2024-02-18,Account Takeover,Mobile App,662.33,107.94,True,False,Region-01
FRD01498,CUST008135,2023-04-01,Card Fraud,Card Network,488.0,26.31,True,False,Region-07
FRD01499,CUST000839,2024-10-17,ATM Fraud,Online Banking,448.03,8.96,True,False,Region-02
FRD01500,CUST011162,2024-09-11,ATM Fraud,Card Network,1302.26,414.98,False,False,Region-09
FRD01501,CUST013654,2024-05-12,Suspicious Transfer,Branch,1986.35,14.82,True,False,Region-04
FRD01502,CUST016142,2023-05-28,Card Fraud,ATM,908.08,50.34,True,False,Region-11
FRD01503,CUST014485,2024-06-15,Account Takeover,Online Banking,1114.69,178.38,True,False,Region-11
FRD01504,CUST009656,2024-02-29,Card Fraud,Branch,1252.26,112.0,True,False,Region-10
FRD01505,CUST013184,2023-11-15,Account Takeover,Mobile App,1322.87,32.57,True,False,Region-05
FRD01506,CUST004538,2023-06-30,Suspicious Transfer,Mobile App,140.62,110.44,True,False,Region-04
FRD01507,CUST007932,2023-04-15,Suspicious Transfer,Online Banking,936.99,45.54,True,False,Region-11
FRD01508,CUST002312,2023-08-05,Suspicious Transfer,Branch,443.52,765.79,False,False,Region-12
FRD01509,CUST000745,2024-08-06,Unusual Transaction Pattern,Mobile App,1278.94,792.0,False,False,Region-05
FRD01510,CUST008383,2023-07-18,ATM Fraud,Mobile App,156.69,1909.23,False,False,Region-09
FRD01511,CUST003319,2024-02-20,Unusual Transaction Pattern,Branch,122.59,11.98,True,False,Region-01
FRD01512,CUST006592,2023-01-25,Card Fraud,Card Network,737.64,57.39,True,False,Region-08
FRD01513,CUST006668,2024-06-26,ATM Fraud,Online Banking,452.63,65.19,True,False,Region-09
FRD01514,CUST009730,2024-06-09,Suspicious Transfer,Card Network,402.16,17.3,True,False,Region-11
FRD01515,CUST008714,2024-12-01,Card Fraud,Mobile App,510.28,85.37,False,False,Region-10
FRD01516,CUST015076,2023-09-18,Suspicious Transfer,Online Banking,874.95,888.24,False,False,Region-06
FRD01517,CUST011720,2024-01-14,ATM Fraud,ATM,1464.34,43.94,True,False,Region-09
FRD01518,CUST008619,2023-04-12,Card Fraud,Mobile App,1555.49,28.9,True,False,Region-10
FRD01519,CUST019814,2023-07-06,Suspicious Transfer,Mobile App,687.63,146.14,True,False,Region-09
FRD01520,CUST016170,2023-08-30,Card Fraud,Card Network,1163.86,143.2,True,False,Region-04
FRD01521,CUST018353,2024-08-26,Suspicious Transfer,Branch,306.73,64.44,True,False,Region-11
FRD01522,CUST014870,2023-01-04,Account Takeover,Branch,371.59,7.52,True,False,Region-04
FRD01523,CUST015232,2023-02-14,Account Takeover,Branch,692.43,31.42,True,False,Region-12
FRD01524,CUST016978,2024-09-01,Identity-related Anomaly,Card Network,181.41,165.17,True,False,Region-12
FRD01525,CUST019009,2023-04-24,Card Fraud,ATM,919.58,168.27,True,False,Region-02
FRD01526,CUST014848,2024-04-22,Card Fraud,ATM,450.33,144.64,True,False,Region-04
FRD01527,CUST001011,2023-09-05,Card Fraud,Mobile App,258.83,29.78,True,False,Region-06
FRD01528,CUST015539,2023-04-15,Identity-related Anomaly,Branch,295.82,7.15,True,False,Region-05
FRD01529,CUST010964,2024-11-13,Card Fraud,Mobile App,106.48,945.04,False,True,Region-02
FRD01530,CUST001481,2024-11-05,Card Fraud,Mobile App,863.94,22.55,True,False,Region-07
FRD01531,CUST019683,2023-03-12,Suspicious Transfer,ATM,256.05,120.81,True,False,Region-09
FRD01532,CUST015086,2023-07-28,Card Fraud,Branch,721.45,22.64,True,False,Region-06
FRD01533,CUST017356,2023-06-21,Card Fraud,Mobile App,181.18,722.04,False,False,Region-02
FRD01534,CUST000169,2023-02-23,Card Fraud,Branch,243.81,89.9,True,False,Region-01
FRD01535,CUST011756,2024-05-13,Suspicious Transfer,Branch,730.35,40.02,True,False,Region-08
FRD01536,CUST000511,2024-10-03,Card Fraud,Mobile App,813.61,42.87,True,False,Region-04
FRD01537,CUST007441,2023-07-23,Identity-related Anomaly,Mobile App,998.53,265.86,True,False,Region-05
FRD01538,CUST011323,2023-10-25,Identity-related Anomaly,Mobile App,562.31,14.96,True,False,Region-11
FRD01539,CUST014154,2023-01-25,Suspicious Transfer,Card Network,277.73,597.46,False,True,Region-09
FRD01540,CUST003452,2024-07-05,Card Fraud,Branch,469.42,64.84,True,False,Region-04
FRD01541,CUST005344,2023-11-30,Account Takeover,Online Banking,427.41,60.89,True,False,Region-05
FRD01542,CUST000157,2024-02-03,Account Takeover,Mobile App,589.77,566.31,False,False,Region-11
FRD01543,CUST007520,2024-12-27,Card Fraud,ATM,1618.75,39.61,True,False,Region-03
FRD01544,CUST019969,2024-08-08,Card Fraud,Online Banking,440.29,61.51,True,False,Region-01
FRD01545,CUST013423,2024-11-10,Card Fraud,ATM,117.08,57.8,True,False,Region-03
FRD01546,CUST013689,2024-10-20,Identity-related Anomaly,Branch,2174.46,337.25,True,False,Region-06
FRD01547,CUST009245,2023-01-07,Card Fraud,Online Banking,334.22,1649.63,False,False,Region-01
FRD01548,CUST008353,2023-11-05,Card Fraud,Online Banking,350.17,3.35,True,False,Region-02
FRD01549,CUST002091,2023-09-14,Unusual Transaction Pattern,Branch,795.96,229.43,True,False,Region-07
FRD01550,CUST018395,2024-09-26,Suspicious Transfer,Branch,165.02,43.74,True,False,Region-01
FRD01551,CUST014383,2023-12-28,Card Fraud,Mobile App,1419.83,58.45,True,False,Region-05
FRD01552,CUST002172,2023-04-19,Unusual Transaction Pattern,Branch,786.94,582.62,False,True,Region-07
FRD01553,CUST010784,2023-12-17,Suspicious Transfer,Card Network,605.98,124.79,True,False,Region-05
FRD01554,CUST010538,2024-06-16,Suspicious Transfer,Online Banking,1093.85,14.51,True,False,Region-12
FRD01555,CUST006460,2024-10-28,Suspicious Transfer,Online Banking,1697.36,131.57,True,False,Region-04
FRD01556,CUST009456,2024-07-25,Card Fraud,Branch,510.09,122.32,True,False,Region-12
FRD01557,CUST006554,2024-06-16,Unusual Transaction Pattern,Branch,253.31,210.93,True,False,Region-04
FRD01558,CUST004577,2024-10-18,Account Takeover,Card Network,454.48,177.29,True,False,Region-04
FRD01559,CUST008967,2024-04-19,Suspicious Transfer,ATM,771.19,64.79,True,False,Region-08
FRD01560,CUST011609,2024-12-01,Suspicious Transfer,Branch,1582.58,1165.65,False,True,Region-12
FRD01561,CUST016799,2024-03-30,Identity-related Anomaly,Online Banking,1291.67,1137.97,False,True,Region-11
FRD01562,CUST006195,2023-10-31,Card Fraud,Mobile App,497.53,19.33,True,False,Region-09
FRD01563,CUST001341,2023-07-12,ATM Fraud,Card Network,672.67,175.25,True,False,Region-01
FRD01564,CUST005915,2024-08-20,Suspicious Transfer,Card Network,1094.11,4.59,True,False,Region-02
FRD01565,CUST013277,2023-11-22,ATM Fraud,ATM,549.72,93.61,True,False,Region-06
FRD01566,CUST007864,2023-11-16,ATM Fraud,Branch,818.51,73.55,True,False,Region-01
FRD01567,CUST019888,2023-01-14,ATM Fraud,Card Network,1136.89,74.03,True,False,Region-05
FRD01568,CUST019265,2024-10-19,Card Fraud,Mobile App,777.69,344.84,False,False,Region-05
FRD01569,CUST004787,2024-07-25,Account Takeover,Branch,714.7,229.51,True,False,Region-06
FRD01570,CUST006978,2023-08-06,Account Takeover,Branch,796.57,242.7,False,False,Region-11
FRD01571,CUST013561,2023-04-13,ATM Fraud,Mobile App,830.91,20.67,True,False,Region-09
FRD01572,CUST006707,2023-05-03,Card Fraud,Mobile App,981.02,152.22,True,False,Region-05
FRD01573,CUST007597,2023-03-18,Unusual Transaction Pattern,Branch,639.62,7.62,True,False,Region-05
FRD01574,CUST014573,2023-03-11,Unusual Transaction Pattern,Mobile App,403.2,17.67,True,False,Region-10
FRD01575,CUST007819,2023-09-01,ATM Fraud,ATM,659.38,11.55,True,False,Region-04
FRD01576,CUST007637,2024-09-04,Card Fraud,Card Network,756.52,735.56,False,True,Region-09
FRD01577,CUST016829,2024-11-25,Unusual Transaction Pattern,Card Network,532.87,585.96,False,False,Region-05
FRD01578,CUST007319,2023-08-19,Account Takeover,Branch,687.02,747.41,False,False,Region-03
FRD01579,CUST004925,2023-08-16,Card Fraud,Card Network,766.24,4.71,True,False,Region-07
FRD01580,CUST015435,2024-04-23,Suspicious Transfer,Branch,28.55,39.62,True,False,Region-02
FRD01581,CUST006747,2024-11-23,Suspicious Transfer,Branch,202.15,76.78,True,False,Region-05
FRD01582,CUST000976,2024-07-09,Suspicious Transfer,Card Network,690.45,10.05,True,False,Region-07
FRD01583,CUST019486,2023-05-21,Card Fraud,ATM,1063.66,48.49,True,False,Region-10
FRD01584,CUST004940,2023-12-02,Card Fraud,Online Banking,353.31,73.12,True,False,Region-11
FRD01585,CUST009688,2023-12-11,Unusual Transaction Pattern,ATM,525.72,9.52,True,False,Region-04
FRD01586,CUST001457,2023-05-17,Suspicious Transfer,Online Banking,427.88,19.16,True,False,Region-05
FRD01587,CUST000393,2023-03-13,Suspicious Transfer,Card Network,496.72,178.34,True,False,Region-09
FRD01588,CUST019625,2024-09-26,Suspicious Transfer,Mobile App,1299.62,44.96,True,False,Region-09
FRD01589,CUST005208,2024-01-02,Identity-related Anomaly,ATM,2379.04,34.24,True,False,Region-09
FRD01590,CUST019931,2023-09-25,Card Fraud,Card Network,109.91,760.8,False,False,Region-10
FRD01591,CUST010268,2023-07-13,Account Takeover,Card Network,76.82,107.95,True,False,Region-05
FRD01592,CUST005260,2023-04-27,Card Fraud,Online Banking,405.24,33.97,True,False,Region-01
FRD01593,CUST003059,2024-11-11,ATM Fraud,Card Network,1349.28,61.95,True,False,Region-05
FRD01594,CUST006588,2024-07-16,Unusual Transaction Pattern,ATM,170.49,13.77,True,False,Region-07
FRD01595,CUST019481,2024-09-13,Suspicious Transfer,ATM,170.64,131.85,True,False,Region-10
FRD01596,CUST002633,2023-02-25,Identity-related Anomaly,Branch,1049.7,145.76,False,False,Region-12
FRD01597,CUST005014,2023-03-10,Card Fraud,Online Banking,1164.79,37.14,True,False,Region-04
FRD01598,CUST002649,2023-04-15,Account Takeover,ATM,1094.83,13.98,True,False,Region-04
FRD01599,CUST013111,2024-11-05,Suspicious Transfer,Online Banking,1082.05,12.29,True,False,Region-09
FRD01600,CUST015872,2024-02-22,Suspicious Transfer,Card Network,862.45,57.16,True,False,Region-01
FRD01601,CUST007142,2024-07-12,Identity-related Anomaly,Card Network,1529.15,77.37,True,False,Region-05
FRD01602,CUST002618,2023-06-13,Suspicious Transfer,Mobile App,225.92,118.44,True,False,Region-05
FRD01603,CUST019840,2023-11-02,Card Fraud,Branch,275.78,70.65,True,False,Region-03
FRD01604,CUST003133,2023-07-31,Account Takeover,Online Banking,672.43,457.25,False,True,Region-06
FRD01605,CUST004449,2023-05-27,Card Fraud,Online Banking,512.6,126.57,True,False,Region-12
FRD01606,CUST000339,2024-07-02,Card Fraud,Card Network,482.19,390.35,False,False,Region-05
FRD01607,CUST005796,2024-09-10,Suspicious Transfer,Card Network,813.27,139.37,True,False,Region-06
FRD01608,CUST007953,2024-02-25,Account Takeover,Online Banking,1494.99,318.43,True,False,Region-01
FRD01609,CUST019756,2024-04-25,Unusual Transaction Pattern,Mobile App,479.48,114.51,False,False,Region-04
FRD01610,CUST008318,2024-10-02,Card Fraud,Branch,1120.19,509.9,False,False,Region-10
FRD01611,CUST017760,2024-10-14,Suspicious Transfer,Online Banking,467.76,35.63,True,False,Region-05
FRD01612,CUST000956,2023-03-18,Card Fraud,Card Network,476.77,7.12,True,False,Region-04
FRD01613,CUST003629,2024-01-25,Account Takeover,Online Banking,209.75,105.48,True,False,Region-06
FRD01614,CUST018050,2023-01-29,Card Fraud,Branch,1379.16,51.52,True,False,Region-06
FRD01615,CUST001943,2023-07-29,Suspicious Transfer,Mobile App,217.79,198.53,True,False,Region-05
FRD01616,CUST005186,2024-02-07,Suspicious Transfer,ATM,859.03,159.21,True,False,Region-09
FRD01617,CUST000400,2023-02-27,Account Takeover,Mobile App,937.91,56.26,True,False,Region-05
FRD01618,CUST014892,2024-07-08,ATM Fraud,Card Network,858.74,64.79,True,False,Region-02
FRD01619,CUST017153,2023-05-30,ATM Fraud,Online Banking,426.33,78.85,True,False,Region-09
FRD01620,CUST004433,2024-11-08,ATM Fraud,Mobile App,1769.07,31.96,True,False,Region-04
FRD01621,CUST016394,2024-06-07,Card Fraud,Card Network,489.63,39.89,True,False,Region-07
FRD01622,CUST010512,2024-01-13,Account Takeover,Online Banking,871.89,563.2,True,False,Region-10
FRD01623,CUST010270,2023-11-23,Suspicious Transfer,Branch,703.51,2.7,True,False,Region-08
FRD01624,CUST011381,2023-02-23,Identity-related Anomaly,Branch,595.27,27.03,True,False,Region-07
FRD01625,CUST007526,2023-10-22,Unusual Transaction Pattern,ATM,185.65,26.61,True,False,Region-05
FRD01626,CUST007528,2024-08-01,Account Takeover,Mobile App,184.13,39.96,True,False,Region-02
FRD01627,CUST018965,2024-05-30,Suspicious Transfer,ATM,407.08,161.57,False,True,Region-04
FRD01628,CUST012345,2023-01-21,Card Fraud,ATM,730.06,65.1,True,False,Region-08
FRD01629,CUST013681,2023-01-28,Card Fraud,Mobile App,507.75,158.81,True,False,Region-12
FRD01630,CUST001288,2024-11-08,Card Fraud,Online Banking,969.04,111.16,True,False,Region-07
FRD01631,CUST018810,2024-03-28,Suspicious Transfer,Branch,994.46,47.14,True,False,Region-05
FRD01632,CUST015434,2024-09-18,Card Fraud,Mobile App,1343.37,248.38,True,False,Region-01
FRD01633,CUST013991,2024-10-08,Account Takeover,Mobile App,458.94,81.65,True,False,Region-04
FRD01634,CUST012796,2023-05-16,Unusual Transaction Pattern,ATM,297.41,116.6,True,False,Region-08
FRD01635,CUST013546,2024-08-30,Unusual Transaction Pattern,Card Network,1857.27,200.65,True,False,Region-09
FRD01636,CUST016281,2024-07-21,Suspicious Transfer,Online Banking,475.41,14.48,True,False,Region-01
FRD01637,CUST007014,2024-07-30,Card Fraud,ATM,664.71,43.43,True,False,Region-07
FRD01638,CUST005215,2023-09-16,Card Fraud,Card Network,919.82,213.38,False,False,Region-12
FRD01639,CUST018327,2024-07-18,Unusual Transaction Pattern,ATM,470.08,300.82,True,False,Region-03
FRD01640,CUST019345,2023-10-11,Card Fraud,Branch,691.36,54.21,True,False,Region-11
FRD01641,CUST012092,2023-06-08,Unusual Transaction Pattern,Mobile App,524.07,29.39,True,False,Region-04
FRD01642,CUST015790,2024-01-12,Suspicious Transfer,Online Banking,748.3,71.04,True,False,Region-03
FRD01643,CUST008746,2024-03-31,Suspicious Transfer,Online Banking,177.86,45.31,True,False,Region-03
FRD01644,CUST011855,2024-11-23,Account Takeover,Card Network,2088.44,4.25,True,False,Region-02
FRD01645,CUST002330,2024-02-12,Card Fraud,Branch,238.31,105.15,True,False,Region-11
FRD01646,CUST002675,2023-06-09,Card Fraud,ATM,753.67,17.51,True,False,Region-06
FRD01647,CUST012896,2024-02-15,Identity-related Anomaly,ATM,1139.38,57.09,True,False,Region-11
FRD01648,CUST001871,2023-02-10,Unusual Transaction Pattern,ATM,635.48,57.15,True,False,Region-05
FRD01649,CUST013367,2023-12-04,Unusual Transaction Pattern,Branch,310.37,99.83,True,False,Region-11
FRD01650,CUST001139,2024-07-04,Card Fraud,Card Network,1409.64,72.72,True,False,Region-03
FRD01651,CUST006385,2024-10-10,Identity-related Anomaly,Mobile App,762.06,14.66,True,False,Region-11
FRD01652,CUST006464,2023-05-03,ATM Fraud,ATM,188.19,82.14,True,False,Region-11
FRD01653,CUST001671,2023-12-20,Unusual Transaction Pattern,Card Network,527.33,20.28,True,False,Region-12
FRD01654,CUST004500,2023-07-10,Unusual Transaction Pattern,ATM,12.36,20.31,True,False,Region-04
FRD01655,CUST015811,2023-12-01,Card Fraud,Online Banking,400.98,862.21,False,True,Region-02
FRD01656,CUST000454,2023-10-28,Card Fraud,ATM,768.29,1218.26,False,True,Region-04
FRD01657,CUST011578,2023-10-05,Suspicious Transfer,Mobile App,363.77,1667.47,False,False,Region-10
FRD01658,CUST015165,2023-04-12,Account Takeover,Branch,1033.39,311.66,False,False,Region-05
FRD01659,CUST009294,2024-01-14,Identity-related Anomaly,Mobile App,154.17,97.45,True,False,Region-05
FRD01660,CUST019910,2023-07-05,Identity-related Anomaly,Card Network,695.95,106.85,True,False,Region-06
FRD01661,CUST000568,2024-10-27,Account Takeover,Card Network,329.35,111.06,True,False,Region-03
FRD01662,CUST013797,2024-01-21,Unusual Transaction Pattern,Mobile App,295.29,1502.07,False,False,Region-02
FRD01663,CUST002951,2024-12-30,ATM Fraud,Card Network,377.88,142.67,True,False,Region-07
FRD01664,CUST014525,2024-02-17,Unusual Transaction Pattern,Mobile App,506.47,226.96,False,True,Region-02
FRD01665,CUST003759,2024-12-14,Card Fraud,Mobile App,2307.47,10.08,True,False,Region-10
FRD01666,CUST012874,2024-05-28,Suspicious Transfer,Online Banking,673.86,103.42,True,False,Region-07
FRD01667,CUST000061,2023-03-17,Card Fraud,Branch,326.26,224.8,True,False,Region-11
FRD01668,CUST007488,2023-06-17,Suspicious Transfer,Branch,821.11,56.05,True,False,Region-08
FRD01669,CUST016455,2024-02-26,Card Fraud,Branch,1210.21,66.64,True,False,Region-03
FRD01670,CUST002796,2023-04-05,Card Fraud,Mobile App,111.54,25.39,True,False,Region-04
FRD01671,CUST006900,2023-05-26,Unusual Transaction Pattern,Card Network,601.26,40.75,True,False,Region-01
FRD01672,CUST007996,2023-10-21,Account Takeover,Card Network,802.45,18.74,True,False,Region-11
FRD01673,CUST011152,2024-01-21,Identity-related Anomaly,Branch,472.25,95.91,True,False,Region-03
FRD01674,CUST003751,2023-06-22,Account Takeover,Card Network,27.9,353.55,False,True,Region-01
FRD01675,CUST016973,2023-04-28,Card Fraud,Online Banking,389.34,13.2,True,False,Region-04
FRD01676,CUST012325,2023-05-31,Identity-related Anomaly,Mobile App,575.85,43.55,True,False,Region-10
FRD01677,CUST013346,2024-05-29,ATM Fraud,ATM,1176.38,732.67,False,True,Region-12
FRD01678,CUST004444,2024-12-24,Identity-related Anomaly,Card Network,224.38,12.51,True,False,Region-08
FRD01679,CUST006129,2024-06-21,Unusual Transaction Pattern,Branch,300.56,858.93,False,True,Region-07
FRD01680,CUST018249,2023-04-13,Account Takeover,Branch,335.5,44.41,True,False,Region-08
FRD01681,CUST012298,2023-10-07,Card Fraud,Mobile App,231.82,1296.03,False,False,Region-10
FRD01682,CUST019227,2023-02-24,Account Takeover,Mobile App,182.21,4.5,True,False,Region-10
FRD01683,CUST004866,2023-08-20,Unusual Transaction Pattern,ATM,1883.82,1315.37,False,False,Region-03
FRD01684,CUST003602,2023-02-24,ATM Fraud,Branch,787.8,26.9,True,False,Region-02
FRD01685,CUST008639,2024-07-04,ATM Fraud,Branch,787.7,36.93,True,False,Region-05
FRD01686,CUST017683,2024-02-01,Suspicious Transfer,Online Banking,820.81,165.68,True,False,Region-09
FRD01687,CUST002179,2024-04-21,Unusual Transaction Pattern,Mobile App,833.59,22.48,True,False,Region-02
FRD01688,CUST011675,2023-09-15,Unusual Transaction Pattern,Card Network,833.8,12.95,True,False,Region-08
FRD01689,CUST012884,2024-07-08,Card Fraud,Online Banking,980.92,40.99,True,False,Region-05
FRD01690,CUST013273,2024-04-27,Card Fraud,Card Network,1186.13,36.4,True,False,Region-08
FRD01691,CUST001953,2024-11-14,Suspicious Transfer,Card Network,354.27,182.91,True,False,Region-09
FRD01692,CUST015974,2024-10-19,Unusual Transaction Pattern,Online Banking,752.77,18.4,True,False,Region-03
FRD01693,CUST012367,2023-12-05,Suspicious Transfer,Branch,1016.2,5.31,True,False,Region-12
FRD01694,CUST002034,2023-05-22,Suspicious Transfer,Card Network,570.75,71.79,True,False,Region-07
FRD01695,CUST018156,2024-04-30,Unusual Transaction Pattern,Branch,624.82,28.73,True,False,Region-07
FRD01696,CUST015491,2023-07-22,ATM Fraud,ATM,2871.03,573.76,False,False,Region-09
FRD01697,CUST005543,2023-04-07,Account Takeover,Card Network,512.21,22.61,True,False,Region-09
FRD01698,CUST000455,2024-06-04,Card Fraud,Branch,703.96,1.78,True,False,Region-03
FRD01699,CUST009600,2024-11-24,Unusual Transaction Pattern,Branch,396.16,9.28,True,False,Region-03
FRD01700,CUST008439,2023-12-06,Unusual Transaction Pattern,Online Banking,721.6,368.98,False,False,Region-05
FRD01701,CUST012253,2024-06-24,Account Takeover,Card Network,653.46,398.53,False,False,Region-10
FRD01702,CUST018293,2023-11-21,Unusual Transaction Pattern,Mobile App,728.45,136.92,True,False,Region-06
FRD01703,CUST000744,2024-02-21,ATM Fraud,ATM,796.42,56.57,True,False,Region-01
FRD01704,CUST011813,2023-07-04,Card Fraud,Card Network,1062.84,120.65,True,False,Region-03
FRD01705,CUST015103,2023-04-15,Identity-related Anomaly,Card Network,174.9,53.98,True,False,Region-01
FRD01706,CUST008032,2023-06-02,Account Takeover,Branch,356.83,77.92,True,False,Region-11
FRD01707,CUST003668,2024-11-18,Suspicious Transfer,Mobile App,90.7,38.43,True,False,Region-05
FRD01708,CUST002802,2024-10-27,Card Fraud,Card Network,764.4,7.08,True,False,Region-02
FRD01709,CUST009120,2023-04-06,Suspicious Transfer,Online Banking,103.77,615.72,False,False,Region-10
FRD01710,CUST016515,2023-04-12,Account Takeover,Mobile App,2390.77,1.39,True,False,Region-12
FRD01711,CUST001119,2023-02-08,Account Takeover,ATM,1645.9,36.11,True,False,Region-12
FRD01712,CUST005824,2024-06-08,Suspicious Transfer,ATM,1374.18,97.23,True,False,Region-05
FRD01713,CUST010770,2023-12-14,Suspicious Transfer,Mobile App,634.6,24.91,True,False,Region-04
FRD01714,CUST010534,2024-08-03,Card Fraud,Online Banking,161.08,148.97,False,True,Region-08
FRD01715,CUST006129,2024-11-08,Card Fraud,ATM,566.81,29.01,True,False,Region-07
FRD01716,CUST019660,2023-04-12,Card Fraud,Card Network,576.69,353.63,True,False,Region-01
FRD01717,CUST009741,2023-02-02,Identity-related Anomaly,Card Network,616.71,34.46,True,False,Region-08
FRD01718,CUST008608,2023-01-09,Card Fraud,ATM,101.74,37.11,True,False,Region-01
FRD01719,CUST009436,2024-01-17,Suspicious Transfer,Card Network,897.39,808.37,False,True,Region-07
FRD01720,CUST014769,2023-11-12,Card Fraud,Mobile App,1085.24,3.75,True,False,Region-10
FRD01721,CUST011987,2024-05-31,Card Fraud,ATM,228.84,760.14,False,False,Region-03
FRD01722,CUST006872,2024-08-06,Card Fraud,Online Banking,407.07,182.25,True,False,Region-11
FRD01723,CUST002281,2024-02-05,Card Fraud,Online Banking,413.11,1651.42,False,True,Region-06
FRD01724,CUST011722,2023-04-11,Identity-related Anomaly,Mobile App,245.03,12.22,True,False,Region-10
FRD01725,CUST014629,2024-09-13,Suspicious Transfer,ATM,768.83,33.82,True,False,Region-06
FRD01726,CUST008325,2024-02-23,Unusual Transaction Pattern,ATM,596.66,121.65,True,False,Region-08
FRD01727,CUST013926,2024-08-30,Card Fraud,Online Banking,101.06,929.35,False,False,Region-01
FRD01728,CUST010625,2024-10-03,Card Fraud,ATM,294.1,600.05,False,False,Region-10
FRD01729,CUST019590,2023-12-09,Account Takeover,Mobile App,944.07,6.21,True,False,Region-12
FRD01730,CUST008656,2024-06-19,ATM Fraud,ATM,296.12,29.66,True,False,Region-05
FRD01731,CUST010297,2023-09-15,Card Fraud,Online Banking,718.27,20.72,True,False,Region-03
FRD01732,CUST019389,2024-03-01,ATM Fraud,Branch,514.24,113.93,True,False,Region-07
FRD01733,CUST017081,2023-04-19,Suspicious Transfer,Mobile App,162.49,1444.19,False,False,Region-01
FRD01734,CUST008214,2023-12-29,Identity-related Anomaly,Branch,803.39,17.34,True,False,Region-11
FRD01735,CUST009700,2024-01-04,Suspicious Transfer,Card Network,278.45,317.45,False,True,Region-11
FRD01736,CUST000096,2024-01-04,Card Fraud,Branch,1188.31,35.05,True,False,Region-01
FRD01737,CUST009112,2024-04-20,Suspicious Transfer,Card Network,512.21,32.09,True,False,Region-02
FRD01738,CUST010153,2023-05-06,Suspicious Transfer,Card Network,748.73,1439.93,False,False,Region-02
FRD01739,CUST000700,2024-06-18,Card Fraud,Branch,442.12,164.45,False,True,Region-03
FRD01740,CUST015418,2024-05-20,Account Takeover,ATM,1125.81,16.05,True,False,Region-06
FRD01741,CUST008949,2023-08-28,Suspicious Transfer,ATM,1320.08,1124.08,False,False,Region-06
FRD01742,CUST013023,2023-07-01,Card Fraud,Online Banking,372.6,30.01,True,False,Region-04
FRD01743,CUST011388,2023-03-09,Unusual Transaction Pattern,ATM,936.3,179.67,False,True,Region-08
FRD01744,CUST017088,2024-08-06,Unusual Transaction Pattern,Online Banking,952.18,53.79,True,False,Region-07
FRD01745,CUST002920,2023-09-23,Unusual Transaction Pattern,Card Network,1263.99,66.13,True,False,Region-12
FRD01746,CUST013209,2024-08-14,Suspicious Transfer,Mobile App,568.95,9.08,True,False,Region-08
FRD01747,CUST000951,2023-05-23,Card Fraud,Card Network,889.81,164.04,True,False,Region-02
FRD01748,CUST019339,2024-01-11,Suspicious Transfer,Branch,2845.03,84.68,True,False,Region-04
FRD01749,CUST014871,2023-11-04,Unusual Transaction Pattern,Online Banking,550.41,138.12,True,False,Region-04
FRD01750,CUST008386,2024-08-19,Card Fraud,Mobile App,251.66,26.76,True,False,Region-05
FRD01751,CUST016369,2024-07-09,Card Fraud,Mobile App,324.52,53.73,True,False,Region-09
FRD01752,CUST012499,2023-04-07,Card Fraud,Mobile App,248.23,13.16,True,False,Region-12
FRD01753,CUST018742,2023-12-13,Account Takeover,Mobile App,417.05,4.94,True,False,Region-09
FRD01754,CUST007539,2023-01-11,Identity-related Anomaly,Online Banking,2300.17,43.15,True,False,Region-06
FRD01755,CUST006785,2024-03-19,Account Takeover,ATM,551.73,93.65,True,False,Region-04
FRD01756,CUST005131,2024-12-30,Unusual Transaction Pattern,Mobile App,490.89,26.79,True,False,Region-08
FRD01757,CUST006293,2023-02-09,Card Fraud,Branch,377.78,1205.41,False,False,Region-06
FRD01758,CUST012254,2024-10-28,Unusual Transaction Pattern,Mobile App,690.14,289.6,False,True,Region-03
FRD01759,CUST006973,2024-08-17,Card Fraud,Card Network,690.86,13.4,True,False,Region-10
FRD01760,CUST007939,2023-09-20,Identity-related Anomaly,Mobile App,763.7,104.42,True,False,Region-01
FRD01761,CUST018634,2023-07-25,ATM Fraud,Mobile App,497.16,1640.34,False,False,Region-04
FRD01762,CUST005583,2023-11-29,Card Fraud,Online Banking,1171.6,173.1,True,False,Region-10
FRD01763,CUST004407,2024-06-17,Card Fraud,Online Banking,1370.58,60.9,True,False,Region-07
FRD01764,CUST007318,2024-12-28,Card Fraud,Mobile App,142.84,27.36,True,False,Region-11
FRD01765,CUST008406,2024-07-23,Suspicious Transfer,Mobile App,1161.93,35.15,True,False,Region-04
FRD01766,CUST000683,2024-02-14,Card Fraud,Mobile App,280.91,113.77,True,False,Region-01
FRD01767,CUST008066,2024-10-20,Suspicious Transfer,ATM,1669.67,77.19,True,False,Region-06
FRD01768,CUST000354,2023-04-23,Card Fraud,Card Network,519.88,144.09,True,False,Region-01
FRD01769,CUST013546,2023-01-08,ATM Fraud,ATM,175.48,41.67,True,False,Region-09
FRD01770,CUST006742,2024-01-08,Suspicious Transfer,Branch,292.61,8.76,True,False,Region-10
FRD01771,CUST019578,2024-02-27,Account Takeover,ATM,1686.82,70.22,True,False,Region-07
FRD01772,CUST009395,2024-08-05,Card Fraud,Online Banking,1310.61,182.36,True,False,Region-12
FRD01773,CUST010330,2023-06-19,Card Fraud,Online Banking,637.46,57.85,True,False,Region-06
FRD01774,CUST000410,2023-03-19,Account Takeover,Card Network,176.87,68.52,True,False,Region-04
FRD01775,CUST016662,2023-12-25,Suspicious Transfer,Card Network,443.3,29.62,True,False,Region-10
FRD01776,CUST019328,2024-03-16,Suspicious Transfer,ATM,1814.39,67.09,True,False,Region-05
FRD01777,CUST003026,2024-08-08,Card Fraud,Card Network,1485.65,542.87,False,False,Region-12
FRD01778,CUST005249,2023-02-12,Card Fraud,Card Network,538.01,103.99,True,False,Region-08
FRD01779,CUST018977,2023-04-12,Unusual Transaction Pattern,Mobile App,896.24,92.36,True,False,Region-08
FRD01780,CUST006292,2024-09-23,Suspicious Transfer,Online Banking,670.32,2.08,True,False,Region-09
FRD01781,CUST005906,2024-03-10,ATM Fraud,Branch,269.02,103.75,True,False,Region-03
FRD01782,CUST001188,2023-09-22,Suspicious Transfer,Branch,7.88,753.38,False,True,Region-12
FRD01783,CUST013183,2024-01-31,ATM Fraud,Branch,359.36,221.37,True,False,Region-11
FRD01784,CUST015153,2023-03-18,ATM Fraud,Online Banking,1222.58,807.24,False,True,Region-01
FRD01785,CUST010238,2023-12-12,ATM Fraud,Card Network,393.23,19.92,True,False,Region-09
FRD01786,CUST007373,2023-09-05,Account Takeover,Card Network,898.13,51.41,True,False,Region-08
FRD01787,CUST002530,2024-04-02,ATM Fraud,Online Banking,1595.53,185.77,True,False,Region-05
FRD01788,CUST009173,2024-11-01,Unusual Transaction Pattern,ATM,433.92,186.64,True,False,Region-09
FRD01789,CUST007572,2024-05-16,Suspicious Transfer,ATM,291.69,224.46,False,True,Region-09
FRD01790,CUST010929,2024-08-01,Account Takeover,Branch,1121.1,7.6,True,False,Region-03
FRD01791,CUST014596,2024-12-24,Identity-related Anomaly,Branch,820.9,131.46,True,False,Region-11
FRD01792,CUST003902,2024-05-03,Card Fraud,Card Network,1630.51,11.31,True,False,Region-04
FRD01793,CUST001204,2024-06-17,Account Takeover,Online Banking,498.71,34.11,True,False,Region-10
FRD01794,CUST016191,2023-10-20,Suspicious Transfer,Branch,2276.82,97.61,True,False,Region-08
FRD01795,CUST008208,2024-12-19,Card Fraud,ATM,377.7,425.12,False,False,Region-05
FRD01796,CUST010254,2024-04-27,ATM Fraud,Mobile App,196.79,5.5,True,False,Region-02
FRD01797,CUST012446,2023-05-20,Card Fraud,Card Network,1196.55,788.86,False,False,Region-02
FRD01798,CUST005763,2023-06-19,Card Fraud,ATM,224.32,37.15,True,False,Region-12
FRD01799,CUST019950,2023-10-30,Unusual Transaction Pattern,Mobile App,169.39,257.81,False,False,Region-05
FRD01800,CUST005368,2023-04-07,ATM Fraud,Branch,301.31,26.39,True,False,Region-12
FRD01801,CUST005279,2023-10-18,Suspicious Transfer,Branch,925.86,130.47,True,False,Region-06
FRD01802,CUST001506,2023-03-13,ATM Fraud,Branch,747.57,443.58,False,False,Region-11
FRD01803,CUST014093,2024-12-29,Account Takeover,ATM,719.27,108.21,True,False,Region-11
FRD01804,CUST008596,2024-05-23,Card Fraud,ATM,1080.26,248.83,True,False,Region-08
FRD01805,CUST019650,2024-06-20,Account Takeover,ATM,918.87,47.17,True,False,Region-12
FRD01806,CUST009206,2023-07-05,Card Fraud,Online Banking,1303.7,114.77,True,False,Region-03
FRD01807,CUST019656,2023-06-08,Suspicious Transfer,ATM,1188.05,930.02,False,False,Region-09
FRD01808,CUST016335,2023-10-26,Suspicious Transfer,ATM,418.02,30.4,True,False,Region-09
FRD01809,CUST013250,2023-07-09,Unusual Transaction Pattern,Online Banking,719.04,151.95,True,False,Region-05
FRD01810,CUST011693,2024-09-19,ATM Fraud,Branch,799.31,68.92,True,False,Region-07
FRD01811,CUST010826,2024-11-30,Identity-related Anomaly,ATM,223.02,54.73,True,False,Region-10
FRD01812,CUST010746,2023-11-18,Card Fraud,Mobile App,603.18,85.25,True,False,Region-10
FRD01813,CUST016517,2023-09-06,Unusual Transaction Pattern,Mobile App,373.54,12.89,True,False,Region-07
FRD01814,CUST003840,2024-06-23,Suspicious Transfer,ATM,373.07,65.12,True,False,Region-05
FRD01815,CUST012083,2023-02-15,Suspicious Transfer,Branch,117.66,153.73,False,False,Region-03
FRD01816,CUST009442,2024-05-11,Card Fraud,Card Network,144.05,20.62,True,False,Region-08
FRD01817,CUST008241,2023-09-16,Identity-related Anomaly,Card Network,433.53,6.51,True,False,Region-02
FRD01818,CUST012253,2023-01-04,ATM Fraud,Branch,753.24,17.6,True,False,Region-10
FRD01819,CUST014348,2024-12-07,Card Fraud,Online Banking,535.07,780.39,False,True,Region-09
FRD01820,CUST001432,2024-08-21,ATM Fraud,Card Network,544.74,31.8,True,False,Region-08
FRD01821,CUST002395,2024-11-09,Suspicious Transfer,ATM,186.63,280.4,True,False,Region-07
FRD01822,CUST009470,2024-01-20,ATM Fraud,Branch,1058.87,62.24,True,False,Region-11
FRD01823,CUST004853,2023-08-01,Card Fraud,Online Banking,361.57,3.47,True,False,Region-06
FRD01824,CUST011341,2024-05-24,Card Fraud,ATM,904.95,79.42,True,False,Region-10
FRD01825,CUST018366,2024-09-26,Card Fraud,Mobile App,567.59,104.21,True,False,Region-02
FRD01826,CUST009755,2024-11-23,Card Fraud,Card Network,852.93,94.59,True,False,Region-02
FRD01827,CUST011176,2023-12-18,Unusual Transaction Pattern,Mobile App,854.15,42.38,True,False,Region-07
FRD01828,CUST007408,2024-07-12,Unusual Transaction Pattern,ATM,171.95,2382.74,False,False,Region-11
FRD01829,CUST015367,2024-02-14,ATM Fraud,Mobile App,497.08,92.83,True,False,Region-09
FRD01830,CUST006444,2023-01-12,Card Fraud,Online Banking,1320.54,1653.12,False,False,Region-09
FRD01831,CUST018483,2023-03-01,Suspicious Transfer,Branch,805.36,166.74,True,False,Region-12
FRD01832,CUST014317,2023-01-12,Account Takeover,Branch,1038.63,152.47,True,False,Region-08
FRD01833,CUST009735,2023-08-27,ATM Fraud,Card Network,900.93,13.83,True,False,Region-10
FRD01834,CUST008716,2023-05-28,Suspicious Transfer,Mobile App,691.63,26.11,True,False,Region-01
FRD01835,CUST014138,2023-03-30,Card Fraud,ATM,399.0,847.7,False,True,Region-03
FRD01836,CUST006066,2024-08-22,Card Fraud,Branch,1139.49,0.03,True,False,Region-12
FRD01837,CUST004405,2024-10-08,Suspicious Transfer,ATM,870.53,1007.39,False,False,Region-11
FRD01838,CUST013926,2023-07-04,Identity-related Anomaly,Mobile App,814.19,88.33,True,False,Region-01
FRD01839,CUST004813,2023-08-29,Suspicious Transfer,Card Network,1484.58,106.49,True,False,Region-10
FRD01840,CUST002175,2024-08-24,Card Fraud,Mobile App,912.51,48.76,True,False,Region-04
FRD01841,CUST013624,2024-10-19,Suspicious Transfer,Branch,298.45,90.56,True,False,Region-07
FRD01842,CUST018548,2023-07-20,Unusual Transaction Pattern,ATM,329.93,17.59,True,False,Region-07
FRD01843,CUST019147,2023-09-20,Unusual Transaction Pattern,ATM,354.34,13.97,True,False,Region-11
FRD01844,CUST013656,2024-12-26,Card Fraud,Mobile App,252.53,51.72,True,False,Region-12
FRD01845,CUST004486,2024-04-30,Suspicious Transfer,Online Banking,840.62,375.52,False,False,Region-07
FRD01846,CUST005205,2024-06-28,Card Fraud,ATM,380.02,93.75,True,False,Region-04
FRD01847,CUST018382,2024-08-22,Suspicious Transfer,Online Banking,296.72,124.75,True,False,Region-04
FRD01848,CUST002912,2024-09-09,Unusual Transaction Pattern,Branch,1378.99,49.87,True,False,Region-06
FRD01849,CUST011292,2024-12-15,Identity-related Anomaly,Branch,1069.36,0.95,True,False,Region-03
FRD01850,CUST005085,2023-06-27,Suspicious Transfer,Card Network,716.25,20.98,True,False,Region-09
FRD01851,CUST018954,2023-01-30,Card Fraud,Mobile App,2075.55,72.66,True,False,Region-07
FRD01852,CUST017542,2024-01-14,Unusual Transaction Pattern,ATM,705.05,900.72,False,False,Region-03
FRD01853,CUST008285,2023-02-12,Card Fraud,Online Banking,482.64,177.99,True,False,Region-03
FRD01854,CUST003091,2023-01-30,Identity-related Anomaly,ATM,215.33,63.35,True,False,Region-10
FRD01855,CUST003741,2023-09-08,Account Takeover,Mobile App,1087.2,36.06,True,False,Region-01
FRD01856,CUST016595,2023-02-25,Card Fraud,Mobile App,229.44,288.39,False,False,Region-07
FRD01857,CUST009755,2024-07-15,Card Fraud,ATM,343.63,1117.75,False,False,Region-02
FRD01858,CUST018445,2023-11-17,ATM Fraud,Online Banking,982.25,5.85,True,False,Region-12
FRD01859,CUST000735,2024-04-20,Suspicious Transfer,Card Network,177.04,63.67,True,False,Region-07
FRD01860,CUST015699,2023-08-05,Card Fraud,Mobile App,674.68,752.84,False,False,Region-07
FRD01861,CUST010926,2024-04-27,ATM Fraud,Mobile App,748.78,125.64,True,False,Region-06
FRD01862,CUST006787,2023-07-01,Unusual Transaction Pattern,Card Network,351.36,120.26,True,False,Region-11
FRD01863,CUST019420,2024-06-01,Account Takeover,Mobile App,840.92,29.8,True,False,Region-06
FRD01864,CUST007893,2023-10-31,Suspicious Transfer,Card Network,198.5,7.98,True,False,Region-01
FRD01865,CUST019294,2024-08-26,Card Fraud,ATM,274.76,25.09,True,False,Region-07
FRD01866,CUST014417,2023-05-20,Account Takeover,Branch,426.66,9.28,True,False,Region-11
FRD01867,CUST001267,2024-10-11,Suspicious Transfer,Branch,797.68,90.67,True,False,Region-07
FRD01868,CUST001760,2023-05-15,ATM Fraud,Online Banking,145.04,6.08,True,False,Region-06
FRD01869,CUST018004,2023-06-04,Card Fraud,Mobile App,1435.06,10.63,True,False,Region-07
FRD01870,CUST012979,2023-09-28,Card Fraud,Branch,711.33,86.53,True,False,Region-11
FRD01871,CUST004104,2023-07-23,ATM Fraud,Card Network,1927.39,72.76,True,False,Region-06
FRD01872,CUST002752,2023-04-21,ATM Fraud,Card Network,1001.81,8.07,True,False,Region-05
FRD01873,CUST002822,2023-07-10,Card Fraud,Branch,551.59,178.13,False,True,Region-10
FRD01874,CUST010838,2023-06-19,Card Fraud,Mobile App,378.42,84.27,True,False,Region-11
FRD01875,CUST016338,2024-12-25,Suspicious Transfer,Mobile App,364.14,35.11,True,False,Region-06
FRD01876,CUST010243,2023-05-07,Suspicious Transfer,Branch,225.81,185.9,True,False,Region-10
FRD01877,CUST004258,2023-06-03,Suspicious Transfer,Card Network,832.97,111.04,True,False,Region-09
FRD01878,CUST014291,2023-09-16,Suspicious Transfer,Card Network,611.54,86.85,True,False,Region-08
FRD01879,CUST019803,2023-06-06,Card Fraud,Branch,834.96,922.22,False,False,Region-12
FRD01880,CUST007968,2024-11-29,ATM Fraud,Online Banking,1163.12,687.98,False,False,Region-07
FRD01881,CUST002458,2023-10-17,Suspicious Transfer,ATM,343.81,36.05,True,False,Region-06
FRD01882,CUST003002,2023-09-21,Unusual Transaction Pattern,Card Network,401.85,208.9,False,False,Region-06
FRD01883,CUST018984,2023-12-31,Identity-related Anomaly,Branch,1653.42,40.28,True,False,Region-02
FRD01884,CUST000140,2023-10-29,Unusual Transaction Pattern,Card Network,187.86,169.87,False,False,Region-09
FRD01885,CUST005970,2024-06-27,ATM Fraud,Mobile App,750.34,51.36,True,False,Region-11
FRD01886,CUST012286,2024-02-15,Account Takeover,Branch,810.7,106.82,True,False,Region-03
FRD01887,CUST008532,2024-02-14,Card Fraud,ATM,349.98,65.07,True,False,Region-04
FRD01888,CUST003539,2024-09-25,ATM Fraud,ATM,785.89,29.72,True,False,Region-07
FRD01889,CUST001101,2024-07-08,Card Fraud,Mobile App,236.48,38.9,True,False,Region-09
FRD01890,CUST005413,2023-04-14,Unusual Transaction Pattern,Online Banking,587.69,33.78,False,False,Region-11
FRD01891,CUST007612,2023-02-26,Card Fraud,ATM,1948.58,133.91,True,False,Region-08
FRD01892,CUST005746,2024-10-10,Suspicious Transfer,Mobile App,122.31,9.86,True,False,Region-05
FRD01893,CUST019593,2024-01-29,Account Takeover,ATM,839.17,303.19,False,False,Region-01
FRD01894,CUST001245,2023-02-17,Identity-related Anomaly,ATM,1116.81,19.76,True,False,Region-03
FRD01895,CUST018589,2024-03-10,Card Fraud,Mobile App,727.31,137.8,True,False,Region-04
FRD01896,CUST011245,2023-10-13,Card Fraud,Mobile App,421.69,90.04,True,False,Region-01
FRD01897,CUST019327,2023-10-15,Identity-related Anomaly,Mobile App,498.0,41.53,True,False,Region-02
FRD01898,CUST016128,2023-01-27,Suspicious Transfer,Card Network,387.77,39.37,True,False,Region-05
FRD01899,CUST008116,2023-05-25,ATM Fraud,Online Banking,591.81,88.24,True,False,Region-04
FRD01900,CUST003117,2023-03-16,Suspicious Transfer,ATM,720.31,180.25,True,False,Region-01
FRD01901,CUST009271,2023-10-16,Unusual Transaction Pattern,Branch,992.36,40.85,True,False,Region-04
FRD01902,CUST015428,2023-07-20,Suspicious Transfer,Mobile App,907.37,10.27,True,False,Region-12
FRD01903,CUST008322,2024-09-21,ATM Fraud,ATM,1142.58,954.78,False,False,Region-01
FRD01904,CUST001444,2023-04-13,Suspicious Transfer,Branch,839.18,119.05,True,False,Region-01
FRD01905,CUST002205,2024-01-25,Card Fraud,Branch,134.23,35.78,True,False,Region-06
FRD01906,CUST008358,2024-05-28,ATM Fraud,Branch,1601.31,70.86,True,False,Region-09
FRD01907,CUST012705,2024-07-11,Card Fraud,Online Banking,930.74,223.36,True,False,Region-02
FRD01908,CUST003320,2023-05-30,Account Takeover,Mobile App,1078.41,45.73,True,False,Region-03
FRD01909,CUST005338,2023-09-08,Card Fraud,Online Banking,1581.12,628.92,False,True,Region-06
FRD01910,CUST003361,2024-03-12,Suspicious Transfer,Branch,473.7,38.87,True,False,Region-03
FRD01911,CUST011975,2024-08-09,Identity-related Anomaly,ATM,272.62,8.67,True,False,Region-05
FRD01912,CUST018877,2023-09-18,Identity-related Anomaly,Branch,1195.86,85.24,True,False,Region-09
FRD01913,CUST004276,2024-08-28,Account Takeover,Branch,474.61,38.38,True,False,Region-08
FRD01914,CUST018245,2023-03-25,Account Takeover,Card Network,718.29,635.05,False,False,Region-02
FRD01915,CUST011827,2023-12-10,Unusual Transaction Pattern,Card Network,212.97,34.15,True,False,Region-01
FRD01916,CUST001109,2023-02-01,Suspicious Transfer,Card Network,1357.94,51.42,True,False,Region-03
FRD01917,CUST003852,2024-12-03,ATM Fraud,Mobile App,287.87,22.22,True,False,Region-04
FRD01918,CUST003419,2024-07-23,ATM Fraud,Mobile App,508.9,64.29,True,False,Region-05
FRD01919,CUST013714,2023-08-04,Card Fraud,ATM,431.17,529.95,False,False,Region-12
FRD01920,CUST018321,2023-03-17,Account Takeover,Online Banking,1104.49,110.42,True,False,Region-05
FRD01921,CUST001749,2024-08-30,Card Fraud,Online Banking,977.76,17.24,True,False,Region-11
FRD01922,CUST008436,2024-07-12,Card Fraud,ATM,149.87,40.87,True,False,Region-06
FRD01923,CUST008849,2024-04-09,ATM Fraud,Card Network,276.61,22.11,True,False,Region-06
FRD01924,CUST006135,2024-10-29,Unusual Transaction Pattern,Branch,755.15,150.28,True,False,Region-01
FRD01925,CUST017528,2023-04-09,Suspicious Transfer,Mobile App,374.18,33.62,True,False,Region-01
FRD01926,CUST017309,2024-09-06,Suspicious Transfer,Branch,828.24,50.52,True,False,Region-05
FRD01927,CUST007515,2023-05-05,Suspicious Transfer,ATM,609.44,1869.79,False,False,Region-11
FRD01928,CUST013281,2024-06-09,Card Fraud,Mobile App,971.49,123.15,True,False,Region-10
FRD01929,CUST010464,2024-08-02,ATM Fraud,Card Network,156.57,43.94,True,False,Region-12
FRD01930,CUST013959,2023-10-25,Account Takeover,Mobile App,1373.1,57.37,True,False,Region-05
FRD01931,CUST010925,2024-01-20,Suspicious Transfer,Online Banking,1284.45,737.94,False,True,Region-05
FRD01932,CUST012079,2024-09-06,Suspicious Transfer,Mobile App,148.18,165.0,True,False,Region-02
FRD01933,CUST014171,2024-02-09,Suspicious Transfer,Branch,720.98,324.62,True,False,Region-11
FRD01934,CUST015956,2023-09-14,Identity-related Anomaly,Branch,1324.21,18.38,True,False,Region-10
FRD01935,CUST010724,2023-12-14,ATM Fraud,Card Network,516.66,32.23,True,False,Region-05
FRD01936,CUST018707,2024-08-30,ATM Fraud,ATM,1006.29,57.17,True,False,Region-02
FRD01937,CUST011067,2024-03-13,Card Fraud,ATM,770.07,346.66,False,False,Region-01
FRD01938,CUST016782,2023-04-17,Account Takeover,ATM,157.75,27.68,True,False,Region-08
FRD01939,CUST005958,2024-04-10,Account Takeover,Mobile App,1202.67,168.4,True,False,Region-11
FRD01940,CUST017846,2023-05-17,Unusual Transaction Pattern,Mobile App,552.49,24.51,True,False,Region-06
FRD01941,CUST004134,2024-08-04,Account Takeover,Card Network,198.19,22.87,True,False,Region-03
FRD01942,CUST003173,2024-11-26,Unusual Transaction Pattern,Online Banking,56.17,170.6,False,False,Region-12
FRD01943,CUST009323,2023-11-09,ATM Fraud,Card Network,396.26,46.62,True,False,Region-07
FRD01944,CUST011801,2023-08-23,Card Fraud,Branch,1690.08,59.19,True,False,Region-09
FRD01945,CUST018623,2023-02-24,Unusual Transaction Pattern,ATM,941.86,124.94,True,False,Region-07
FRD01946,CUST005751,2024-09-04,Card Fraud,Card Network,355.89,100.87,True,False,Region-06
FRD01947,CUST017566,2023-05-19,Account Takeover,ATM,160.29,23.39,True,False,Region-06
FRD01948,CUST014304,2023-04-04,Identity-related Anomaly,Mobile App,507.75,193.3,True,False,Region-02
FRD01949,CUST013280,2024-11-14,ATM Fraud,Card Network,620.14,76.57,True,False,Region-02
FRD01950,CUST013012,2024-09-20,Suspicious Transfer,Card Network,448.65,92.63,True,False,Region-07
FRD01951,CUST013350,2023-06-07,ATM Fraud,Online Banking,1140.66,159.91,False,False,Region-01
FRD01952,CUST000424,2023-01-21,Suspicious Transfer,Online Banking,1341.06,158.74,True,False,Region-12
FRD01953,CUST000980,2023-06-24,Card Fraud,Branch,102.67,25.75,True,False,Region-06
FRD01954,CUST000771,2023-10-20,ATM Fraud,Mobile App,966.45,322.62,False,False,Region-08
FRD01955,CUST004633,2023-03-12,Identity-related Anomaly,Online Banking,909.99,415.63,False,False,Region-12
FRD01956,CUST007454,2023-06-04,Suspicious Transfer,Branch,2585.14,139.58,True,False,Region-09
FRD01957,CUST007787,2023-08-15,Unusual Transaction Pattern,ATM,1072.75,101.3,True,False,Region-06
FRD01958,CUST015934,2024-05-07,Card Fraud,Online Banking,309.12,28.73,True,False,Region-01
FRD01959,CUST009471,2023-07-17,Card Fraud,Card Network,689.83,10.56,True,False,Region-03
FRD01960,CUST013725,2023-06-05,Card Fraud,Online Banking,433.71,32.33,True,False,Region-12
FRD01961,CUST016818,2024-01-01,Identity-related Anomaly,Online Banking,633.58,12.18,True,False,Region-09
FRD01962,CUST006176,2023-04-07,Suspicious Transfer,Card Network,1132.55,70.45,True,False,Region-11
FRD01963,CUST000574,2023-05-10,ATM Fraud,Online Banking,838.8,239.71,False,False,Region-06
FRD01964,CUST011529,2024-06-11,Card Fraud,Mobile App,313.74,57.74,True,False,Region-06
FRD01965,CUST009087,2024-10-18,ATM Fraud,Online Banking,177.29,1126.35,False,False,Region-12
FRD01966,CUST011564,2023-10-31,Card Fraud,ATM,902.6,29.75,True,False,Region-05
FRD01967,CUST001118,2024-11-03,Account Takeover,ATM,1149.87,163.86,True,False,Region-06
FRD01968,CUST013826,2023-05-02,Unusual Transaction Pattern,Online Banking,1015.62,128.17,True,False,Region-03
FRD01969,CUST015896,2024-11-11,Suspicious Transfer,Branch,258.26,96.54,True,False,Region-07
FRD01970,CUST015063,2024-08-20,Account Takeover,Online Banking,1098.71,102.66,True,False,Region-08
FRD01971,CUST015018,2023-10-25,Unusual Transaction Pattern,Mobile App,1315.15,156.37,True,False,Region-10
FRD01972,CUST007231,2024-02-27,ATM Fraud,Card Network,478.84,142.86,True,False,Region-03
FRD01973,CUST010461,2023-07-27,Card Fraud,ATM,540.62,70.39,True,False,Region-06
FRD01974,CUST000307,2023-01-21,Identity-related Anomaly,Branch,480.8,52.1,True,False,Region-04
FRD01975,CUST002423,2024-02-05,Account Takeover,Card Network,232.14,15.79,True,False,Region-12
FRD01976,CUST013146,2024-09-15,Card Fraud,Branch,360.07,3.29,True,False,Region-10
FRD01977,CUST008567,2023-06-27,Card Fraud,Branch,644.55,16.19,True,False,Region-09
FRD01978,CUST018931,2023-02-02,Card Fraud,Online Banking,322.79,1178.9,False,False,Region-02
FRD01979,CUST007668,2023-11-21,Identity-related Anomaly,ATM,2164.24,24.41,True,False,Region-01
FRD01980,CUST007250,2024-05-30,Suspicious Transfer,Online Banking,467.86,74.25,True,False,Region-10
FRD01981,CUST006337,2024-03-21,Card Fraud,Branch,1074.09,294.06,False,True,Region-04
FRD01982,CUST011811,2023-05-28,Card Fraud,ATM,520.99,37.94,True,False,Region-07
FRD01983,CUST002962,2023-01-15,Card Fraud,Card Network,812.13,99.62,True,False,Region-07
FRD01984,CUST018857,2024-05-21,Card Fraud,Mobile App,322.7,354.07,True,False,Region-03
FRD01985,CUST012325,2023-12-13,Account Takeover,ATM,380.33,83.51,True,False,Region-10
FRD01986,CUST012064,2024-11-11,Suspicious Transfer,Online Banking,436.87,88.96,True,False,Region-08
FRD01987,CUST019434,2023-06-17,Unusual Transaction Pattern,Online Banking,265.54,19.42,True,False,Region-11
FRD01988,CUST014671,2024-02-02,ATM Fraud,Card Network,669.14,1.48,True,False,Region-08
FRD01989,CUST001834,2024-09-03,Account Takeover,Card Network,583.17,59.86,True,False,Region-01
FRD01990,CUST018949,2023-01-10,Card Fraud,Branch,503.69,5.55,True,False,Region-11
FRD01991,CUST016449,2023-06-19,Suspicious Transfer,Online Banking,271.61,4.47,True,False,Region-03
FRD01992,CUST003643,2023-08-05,Identity-related Anomaly,Branch,872.19,497.96,False,False,Region-02
FRD01993,CUST019995,2024-09-08,Unusual Transaction Pattern,Mobile App,785.4,10.38,True,False,Region-01
FRD01994,CUST009329,2024-05-17,Card Fraud,Mobile App,1162.29,296.58,False,True,Region-06
FRD01995,CUST007971,2024-08-04,Card Fraud,ATM,310.83,213.62,True,False,Region-09
FRD01996,CUST010914,2024-08-25,Identity-related Anomaly,Card Network,1261.17,157.52,True,False,Region-03
FRD01997,CUST002276,2023-04-17,Account Takeover,Mobile App,460.94,32.39,True,False,Region-04
FRD01998,CUST005537,2023-05-28,Identity-related Anomaly,Branch,415.18,1193.32,False,False,Region-01
FRD01999,CUST016519,2023-01-31,Identity-related Anomaly,Online Banking,577.25,72.5,True,False,Region-08
FRD02000,CUST006879,2023-08-17,Account Takeover,Mobile App,695.5,73.71,True,False,Region-03
FRD02001,CUST004000,2024-01-14,Card Fraud,Mobile App,269.85,47.42,True,False,Region-11
FRD02002,CUST012508,2024-10-24,Card Fraud,Online Banking,836.82,39.15,True,False,Region-02
FRD02003,CUST013328,2024-12-29,Identity-related Anomaly,Mobile App,434.06,75.3,True,False,Region-02
FRD02004,CUST008081,2024-12-28,ATM Fraud,ATM,749.17,2.72,True,False,Region-09
FRD02005,CUST006951,2024-05-26,Identity-related Anomaly,Mobile App,1710.6,252.57,False,True,Region-06
FRD02006,CUST009626,2024-08-29,Identity-related Anomaly,Online Banking,919.49,3.7,True,False,Region-01
FRD02007,CUST004304,2023-08-15,Suspicious Transfer,Branch,253.82,43.42,True,False,Region-12
FRD02008,CUST010938,2023-10-11,Account Takeover,Mobile App,713.51,14.65,True,False,Region-03
FRD02009,CUST017141,2023-01-08,Card Fraud,Card Network,1119.29,317.61,False,False,Region-12
FRD02010,CUST010909,2023-10-13,Suspicious Transfer,ATM,342.19,13.79,True,False,Region-04
FRD02011,CUST011390,2024-11-24,Card Fraud,Mobile App,739.69,2.04,True,False,Region-02
FRD02012,CUST004184,2024-03-20,Account Takeover,Online Banking,956.54,804.04,False,False,Region-09
FRD02013,CUST004278,2023-02-26,Suspicious Transfer,Card Network,632.84,105.68,False,False,Region-01
FRD02014,CUST014997,2023-02-28,Suspicious Transfer,Mobile App,796.48,119.19,True,False,Region-06
FRD02015,CUST013378,2023-11-27,Card Fraud,Card Network,1652.31,161.62,True,False,Region-11
FRD02016,CUST011586,2024-11-25,Identity-related Anomaly,Branch,492.74,11.28,True,False,Region-09
FRD02017,CUST011375,2024-08-25,Unusual Transaction Pattern,Mobile App,1030.56,69.39,True,False,Region-12
FRD02018,CUST004018,2024-10-29,Identity-related Anomaly,Mobile App,1222.16,101.89,True,False,Region-10
FRD02019,CUST018298,2023-05-27,Card Fraud,Mobile App,520.68,67.48,True,False,Region-01
FRD02020,CUST014819,2023-10-21,Account Takeover,Mobile App,973.83,35.87,True,False,Region-09
FRD02021,CUST002697,2024-07-22,Suspicious Transfer,ATM,665.87,28.66,True,False,Region-03
FRD02022,CUST013092,2023-10-03,Card Fraud,Online Banking,409.88,99.23,True,False,Region-10
FRD02023,CUST015215,2023-09-19,Suspicious Transfer,Online Banking,1311.56,21.53,True,False,Region-08
FRD02024,CUST003276,2024-12-05,Suspicious Transfer,Branch,353.18,26.12,True,False,Region-09
FRD02025,CUST007144,2024-08-29,Card Fraud,Mobile App,238.32,406.81,False,False,Region-05
FRD02026,CUST009313,2024-09-03,Identity-related Anomaly,Branch,165.31,505.21,False,False,Region-10
FRD02027,CUST010914,2024-04-17,Card Fraud,ATM,874.18,1318.0,False,False,Region-03
FRD02028,CUST010828,2024-10-16,Card Fraud,ATM,1100.62,34.65,True,False,Region-09
FRD02029,CUST010769,2023-05-15,Unusual Transaction Pattern,Card Network,742.36,5.65,True,False,Region-06
FRD02030,CUST018185,2024-11-01,Account Takeover,Online Banking,257.01,78.4,True,False,Region-10
FRD02031,CUST012588,2024-02-25,Card Fraud,ATM,573.15,17.79,True,False,Region-08
FRD02032,CUST005469,2023-06-17,ATM Fraud,Mobile App,500.44,276.06,True,False,Region-07
FRD02033,CUST000050,2024-06-30,Card Fraud,Card Network,999.9,140.8,True,False,Region-05
FRD02034,CUST010849,2024-01-13,Identity-related Anomaly,Card Network,1104.9,742.22,False,False,Region-07
FRD02035,CUST008269,2023-09-21,Account Takeover,Branch,875.64,21.73,True,False,Region-08
FRD02036,CUST002952,2023-08-16,Card Fraud,ATM,267.15,359.8,False,True,Region-04
FRD02037,CUST014535,2024-05-05,Identity-related Anomaly,Card Network,578.95,64.76,True,False,Region-08
FRD02038,CUST003659,2024-03-09,Unusual Transaction Pattern,Online Banking,1170.52,1128.56,False,False,Region-04
FRD02039,CUST018064,2023-01-12,Card Fraud,Mobile App,462.57,20.78,True,False,Region-11
FRD02040,CUST011538,2023-01-09,Suspicious Transfer,Card Network,730.87,423.28,False,False,Region-05
FRD02041,CUST014244,2024-08-24,Card Fraud,Branch,2546.98,335.44,False,False,Region-03
FRD02042,CUST002334,2024-09-20,ATM Fraud,ATM,1621.92,84.24,True,False,Region-04
FRD02043,CUST016907,2023-04-30,Card Fraud,Online Banking,531.12,86.65,True,False,Region-08
FRD02044,CUST018927,2024-02-19,Suspicious Transfer,ATM,536.46,6.79,True,False,Region-12
FRD02045,CUST005305,2024-11-05,Suspicious Transfer,Online Banking,1759.23,53.95,True,False,Region-02
FRD02046,CUST014377,2023-10-30,Suspicious Transfer,Card Network,519.85,100.92,True,False,Region-06
FRD02047,CUST012716,2023-06-18,Suspicious Transfer,Card Network,1065.65,178.0,False,False,Region-04
FRD02048,CUST007088,2023-06-14,Card Fraud,Online Banking,390.15,185.79,True,False,Region-03
FRD02049,CUST016951,2024-04-26,Unusual Transaction Pattern,Online Banking,472.75,39.31,True,False,Region-03
FRD02050,CUST005492,2024-03-12,Card Fraud,Online Banking,339.23,51.37,True,False,Region-10
FRD02051,CUST015529,2024-12-29,Account Takeover,Online Banking,1167.29,104.31,True,False,Region-02
FRD02052,CUST011062,2024-11-05,ATM Fraud,ATM,195.81,128.72,True,False,Region-06
FRD02053,CUST011246,2023-03-12,Unusual Transaction Pattern,ATM,627.24,42.7,True,False,Region-09
FRD02054,CUST005922,2024-06-06,Identity-related Anomaly,Online Banking,218.15,41.11,True,False,Region-01
FRD02055,CUST014958,2023-12-06,Unusual Transaction Pattern,Mobile App,605.91,62.46,True,False,Region-04
FRD02056,CUST014286,2023-11-04,Suspicious Transfer,ATM,596.15,46.14,True,False,Region-07
FRD02057,CUST017442,2023-07-24,Identity-related Anomaly,Branch,165.23,59.58,False,True,Region-08
FRD02058,CUST009957,2023-06-15,Identity-related Anomaly,Branch,861.42,4.09,True,False,Region-10
FRD02059,CUST017580,2024-12-05,Account Takeover,Mobile App,176.05,565.11,False,False,Region-02
FRD02060,CUST001361,2024-01-05,Card Fraud,ATM,200.7,260.62,True,False,Region-04
FRD02061,CUST017150,2023-02-27,Suspicious Transfer,Branch,791.74,19.81,True,False,Region-04
FRD02062,CUST011567,2024-11-19,Unusual Transaction Pattern,ATM,808.18,149.07,True,False,Region-03
FRD02063,CUST005779,2024-04-12,Account Takeover,Mobile App,179.95,105.6,True,False,Region-04
FRD02064,CUST006706,2024-05-06,Card Fraud,ATM,538.69,34.64,True,False,Region-06
FRD02065,CUST011271,2024-03-02,Unusual Transaction Pattern,Branch,330.99,606.19,False,False,Region-02
FRD02066,CUST016236,2023-03-16,Identity-related Anomaly,Online Banking,227.24,124.59,True,False,Region-09
FRD02067,CUST006428,2023-10-31,ATM Fraud,Card Network,1212.17,341.06,False,False,Region-10
FRD02068,CUST019430,2024-10-25,Account Takeover,Mobile App,552.99,66.63,True,False,Region-12
FRD02069,CUST012985,2024-11-27,Account Takeover,ATM,456.23,1.28,True,False,Region-01
FRD02070,CUST019181,2023-05-13,Suspicious Transfer,Online Banking,777.21,50.45,True,False,Region-06
FRD02071,CUST001761,2023-08-23,Account Takeover,Online Banking,434.01,241.87,False,False,Region-09
FRD02072,CUST008613,2023-11-04,Card Fraud,ATM,483.44,16.25,True,False,Region-09
FRD02073,CUST000912,2023-01-16,ATM Fraud,ATM,1006.92,45.88,True,False,Region-12
FRD02074,CUST002708,2024-05-04,Card Fraud,Online Banking,721.25,20.12,True,False,Region-07
FRD02075,CUST010129,2024-02-24,ATM Fraud,Mobile App,619.48,53.73,True,False,Region-02
FRD02076,CUST007553,2023-10-31,Suspicious Transfer,ATM,48.62,1096.93,False,True,Region-08
FRD02077,CUST019396,2023-03-11,Suspicious Transfer,Mobile App,799.73,65.89,True,False,Region-11
FRD02078,CUST000554,2024-07-27,Identity-related Anomaly,Branch,868.98,12.75,True,False,Region-10
FRD02079,CUST000737,2024-06-01,Unusual Transaction Pattern,ATM,408.42,16.2,True,False,Region-04
FRD02080,CUST009656,2024-07-14,Unusual Transaction Pattern,Card Network,588.28,13.96,True,False,Region-10
FRD02081,CUST002183,2023-03-31,Suspicious Transfer,Online Banking,1191.43,111.29,True,False,Region-05
FRD02082,CUST018358,2023-10-24,Suspicious Transfer,ATM,1261.81,38.85,True,False,Region-07
FRD02083,CUST003643,2024-10-03,ATM Fraud,Branch,303.15,1.51,True,False,Region-02
FRD02084,CUST004098,2023-03-21,Suspicious Transfer,ATM,223.87,208.81,True,False,Region-03
FRD02085,CUST011977,2024-04-01,Identity-related Anomaly,Card Network,511.73,22.54,True,False,Region-03
FRD02086,CUST004094,2024-09-03,Card Fraud,Online Banking,439.11,23.38,True,False,Region-02
FRD02087,CUST008462,2024-06-20,Suspicious Transfer,Branch,995.35,13.32,True,False,Region-04
FRD02088,CUST019127,2024-08-07,ATM Fraud,Card Network,518.97,83.67,True,False,Region-11
FRD02089,CUST002823,2024-07-13,Suspicious Transfer,Online Banking,1547.01,122.93,True,False,Region-03
FRD02090,CUST014846,2024-02-14,Card Fraud,Mobile App,620.8,116.75,True,False,Region-07
FRD02091,CUST014484,2023-06-08,Account Takeover,Online Banking,450.73,104.68,True,False,Region-10
FRD02092,CUST001545,2024-07-01,Suspicious Transfer,ATM,291.48,11.01,True,False,Region-08
FRD02093,CUST004818,2024-05-26,Account Takeover,Card Network,599.64,51.47,True,False,Region-11
FRD02094,CUST008550,2023-11-07,Account Takeover,Online Banking,185.59,74.78,True,False,Region-08
FRD02095,CUST001273,2023-10-20,Suspicious Transfer,ATM,494.12,22.9,True,False,Region-07
FRD02096,CUST009715,2024-04-13,Unusual Transaction Pattern,Online Banking,608.53,39.76,True,False,Region-08
FRD02097,CUST015332,2023-09-27,Card Fraud,Card Network,265.3,29.09,True,False,Region-08
FRD02098,CUST010347,2023-10-04,Identity-related Anomaly,Online Banking,1161.54,91.93,True,False,Region-06
FRD02099,CUST000930,2024-04-27,Card Fraud,ATM,1622.46,40.39,True,False,Region-11
FRD02100,CUST017661,2023-12-06,Card Fraud,Card Network,702.07,87.06,True,False,Region-01
FRD02101,CUST014613,2023-09-16,Card Fraud,Mobile App,555.25,67.92,True,False,Region-01
FRD02102,CUST011682,2023-06-26,Suspicious Transfer,Mobile App,193.6,7.32,True,False,Region-07
FRD02103,CUST015486,2023-10-09,Card Fraud,Card Network,686.5,18.77,True,False,Region-10
FRD02104,CUST000925,2024-04-25,Identity-related Anomaly,Branch,1461.97,477.36,True,False,Region-05
FRD02105,CUST003537,2023-03-12,Card Fraud,Card Network,1075.19,87.99,True,False,Region-07
FRD02106,CUST004705,2023-07-06,Account Takeover,Mobile App,572.0,77.08,True,False,Region-04
FRD02107,CUST001072,2024-11-06,ATM Fraud,Branch,716.3,8.95,True,False,Region-08
FRD02108,CUST008561,2024-10-17,Card Fraud,ATM,1424.01,7.88,True,False,Region-01
FRD02109,CUST012957,2024-05-11,Unusual Transaction Pattern,Mobile App,604.07,3.86,True,False,Region-08
FRD02110,CUST013964,2023-12-19,Suspicious Transfer,ATM,829.54,2.08,True,False,Region-11
FRD02111,CUST018916,2023-10-05,Suspicious Transfer,ATM,1059.78,113.9,True,False,Region-11
FRD02112,CUST012386,2023-05-19,ATM Fraud,Branch,339.81,1755.24,False,False,Region-07
FRD02113,CUST015089,2024-11-04,Suspicious Transfer,Online Banking,1149.56,68.77,True,False,Region-01
FRD02114,CUST000348,2024-04-22,Account Takeover,Mobile App,270.51,15.1,True,False,Region-09
FRD02115,CUST011232,2023-01-16,Account Takeover,Mobile App,640.74,8.99,True,False,Region-06
FRD02116,CUST005624,2023-09-16,ATM Fraud,ATM,521.56,59.81,True,False,Region-03
FRD02117,CUST012602,2024-06-27,Account Takeover,ATM,299.65,101.63,True,False,Region-05
FRD02118,CUST013131,2024-11-23,Card Fraud,Branch,720.01,414.21,False,False,Region-04
FRD02119,CUST015814,2023-12-23,Card Fraud,Mobile App,112.8,8.14,True,False,Region-08
FRD02120,CUST016237,2023-10-15,Suspicious Transfer,Branch,423.72,476.03,False,True,Region-06
FRD02121,CUST017537,2024-07-10,Account Takeover,Branch,285.52,57.52,True,False,Region-10
FRD02122,CUST017041,2024-11-29,Card Fraud,Branch,1102.61,62.64,True,False,Region-04
FRD02123,CUST018049,2024-05-07,Suspicious Transfer,Card Network,1336.6,1536.22,False,False,Region-08
FRD02124,CUST013079,2023-10-25,Unusual Transaction Pattern,Online Banking,1655.11,140.83,True,False,Region-12
FRD02125,CUST007249,2023-10-05,Card Fraud,Mobile App,179.9,16.87,True,False,Region-04
FRD02126,CUST006275,2024-11-28,Account Takeover,Card Network,339.43,151.25,True,False,Region-03
FRD02127,CUST012225,2024-05-13,Account Takeover,Online Banking,453.96,62.98,True,False,Region-04
FRD02128,CUST002768,2024-10-20,Unusual Transaction Pattern,Branch,979.06,82.42,True,False,Region-01
FRD02129,CUST016969,2024-08-21,Card Fraud,ATM,666.24,102.39,True,False,Region-07
FRD02130,CUST006507,2024-12-21,ATM Fraud,Card Network,2127.04,24.69,True,False,Region-04
FRD02131,CUST019029,2023-05-07,ATM Fraud,ATM,1116.92,21.71,True,False,Region-11
FRD02132,CUST018758,2023-06-08,Unusual Transaction Pattern,Online Banking,302.16,17.75,True,False,Region-03
FRD02133,CUST017216,2024-06-28,Account Takeover,ATM,1417.77,44.39,True,False,Region-04
FRD02134,CUST000784,2023-12-18,ATM Fraud,Branch,970.87,42.46,True,False,Region-02
FRD02135,CUST014351,2023-10-04,Identity-related Anomaly,Card Network,946.97,12.95,True,False,Region-08
FRD02136,CUST002135,2024-11-01,Suspicious Transfer,Branch,292.14,46.06,True,False,Region-03
FRD02137,CUST018929,2023-09-04,Account Takeover,Online Banking,1866.19,357.06,True,False,Region-06
FRD02138,CUST001750,2024-11-18,Suspicious Transfer,Online Banking,1036.28,96.19,True,False,Region-06
FRD02139,CUST007345,2024-07-07,Identity-related Anomaly,Mobile App,417.84,41.58,True,False,Region-10
FRD02140,CUST008718,2023-09-17,Card Fraud,Mobile App,403.04,44.82,True,False,Region-12
FRD02141,CUST005479,2024-06-30,Suspicious Transfer,Online Banking,162.57,77.53,True,False,Region-09
FRD02142,CUST010633,2023-07-10,Account Takeover,Mobile App,451.17,14.65,True,False,Region-05
FRD02143,CUST003053,2024-03-08,Card Fraud,Card Network,1953.94,32.48,True,False,Region-07
FRD02144,CUST008013,2023-09-23,Account Takeover,Card Network,1223.19,88.22,True,False,Region-05
FRD02145,CUST010607,2024-04-14,Account Takeover,Card Network,1713.59,18.74,True,False,Region-03
FRD02146,CUST016334,2023-01-26,ATM Fraud,ATM,841.37,424.38,False,False,Region-08
FRD02147,CUST015885,2024-10-28,Identity-related Anomaly,Card Network,480.29,914.49,False,False,Region-04
FRD02148,CUST018506,2024-09-13,Suspicious Transfer,ATM,1257.07,75.41,True,False,Region-11
FRD02149,CUST005683,2023-05-14,Unusual Transaction Pattern,Mobile App,682.26,156.28,True,False,Region-01
FRD02150,CUST014495,2023-08-16,Suspicious Transfer,Mobile App,131.51,295.44,False,True,Region-11
FRD02151,CUST019541,2024-10-20,Card Fraud,Card Network,1340.66,65.92,True,False,Region-11
FRD02152,CUST002628,2023-03-30,Card Fraud,Online Banking,240.46,23.28,True,False,Region-08
FRD02153,CUST014545,2024-07-23,Unusual Transaction Pattern,Online Banking,54.86,20.45,True,False,Region-09
FRD02154,CUST009634,2023-11-19,Account Takeover,Online Banking,707.28,260.26,True,False,Region-01
FRD02155,CUST018904,2023-01-07,Card Fraud,Online Banking,818.28,83.23,True,False,Region-06
FRD02156,CUST019195,2024-12-16,Card Fraud,Card Network,487.54,160.65,True,False,Region-05
FRD02157,CUST006237,2024-12-01,Suspicious Transfer,ATM,975.27,51.27,True,False,Region-04
FRD02158,CUST006284,2024-10-27,ATM Fraud,ATM,776.15,26.0,True,False,Region-05
FRD02159,CUST006751,2023-05-26,Account Takeover,Card Network,262.4,115.1,True,False,Region-02
FRD02160,CUST003948,2024-06-13,Account Takeover,Online Banking,312.89,225.27,True,False,Region-11
FRD02161,CUST004412,2023-04-17,Account Takeover,Mobile App,2045.22,35.28,True,False,Region-06
FRD02162,CUST010680,2023-12-19,Account Takeover,ATM,356.63,60.46,True,False,Region-01
FRD02163,CUST014684,2023-07-02,Unusual Transaction Pattern,Online Banking,1131.81,166.78,True,False,Region-09
FRD02164,CUST004266,2023-10-28,Suspicious Transfer,Mobile App,1094.64,239.82,False,False,Region-01
FRD02165,CUST001522,2024-12-21,Card Fraud,Card Network,1624.01,62.81,True,False,Region-11
FRD02166,CUST002964,2024-04-06,Account Takeover,Online Banking,345.19,125.5,True,False,Region-07
FRD02167,CUST003110,2023-03-20,Identity-related Anomaly,Card Network,387.52,130.49,True,False,Region-02
FRD02168,CUST006644,2023-06-14,Identity-related Anomaly,ATM,359.46,80.94,True,False,Region-10
FRD02169,CUST004255,2024-02-21,Suspicious Transfer,ATM,1299.2,121.43,True,False,Region-03
FRD02170,CUST013470,2023-12-11,Card Fraud,Card Network,681.35,84.2,True,False,Region-04
FRD02171,CUST010880,2023-10-30,Card Fraud,Mobile App,877.56,182.25,False,False,Region-11
FRD02172,CUST007104,2024-05-30,Suspicious Transfer,Card Network,1197.66,53.89,True,False,Region-03
FRD02173,CUST013003,2023-09-16,ATM Fraud,Mobile App,410.7,44.87,True,False,Region-04
FRD02174,CUST019420,2023-06-19,Account Takeover,Online Banking,496.54,996.75,False,True,Region-06
FRD02175,CUST002915,2024-03-14,ATM Fraud,Mobile App,1220.01,16.54,True,False,Region-02
FRD02176,CUST018712,2023-08-15,ATM Fraud,Card Network,1643.72,73.21,True,False,Region-05
FRD02177,CUST016907,2024-05-15,Card Fraud,Online Banking,254.07,256.32,False,True,Region-08
FRD02178,CUST006607,2024-09-07,Identity-related Anomaly,ATM,120.5,87.25,True,False,Region-11
FRD02179,CUST002885,2024-02-10,Unusual Transaction Pattern,Mobile App,1349.19,135.56,True,False,Region-07
FRD02180,CUST000048,2024-06-23,Card Fraud,Branch,982.0,164.01,True,False,Region-04
FRD02181,CUST019925,2023-10-01,Card Fraud,Mobile App,624.08,92.28,True,False,Region-11
FRD02182,CUST003123,2023-12-15,Card Fraud,Online Banking,238.26,27.92,True,False,Region-07
FRD02183,CUST005867,2024-11-01,ATM Fraud,Branch,797.26,87.15,True,False,Region-12
FRD02184,CUST004120,2023-09-18,Unusual Transaction Pattern,Card Network,400.51,20.19,True,False,Region-02
FRD02185,CUST016168,2024-03-19,Card Fraud,Branch,157.89,5.61,True,False,Region-03
FRD02186,CUST008576,2023-04-25,Card Fraud,ATM,395.97,85.17,True,False,Region-10
FRD02187,CUST009992,2023-09-03,ATM Fraud,Mobile App,483.27,18.75,True,False,Region-02
FRD02188,CUST003782,2024-03-23,Account Takeover,ATM,1179.84,13.98,True,False,Region-03
FRD02189,CUST010400,2024-12-15,Suspicious Transfer,Mobile App,474.84,2.74,True,False,Region-02
FRD02190,CUST019385,2024-05-05,Account Takeover,Card Network,623.36,896.94,False,True,Region-07
FRD02191,CUST013082,2024-06-16,Card Fraud,Online Banking,1192.21,94.39,True,False,Region-01
FRD02192,CUST007716,2024-09-26,Account Takeover,Card Network,606.61,1.15,True,False,Region-02
FRD02193,CUST008869,2024-02-11,Suspicious Transfer,Mobile App,393.46,464.61,False,True,Region-03
FRD02194,CUST004594,2023-04-04,Card Fraud,Branch,482.12,104.16,True,False,Region-06
FRD02195,CUST012478,2024-03-10,Card Fraud,ATM,795.57,167.91,False,True,Region-02
FRD02196,CUST005689,2024-08-22,Card Fraud,Card Network,198.74,328.8,False,True,Region-10
FRD02197,CUST004336,2023-03-17,Suspicious Transfer,Branch,675.59,79.32,True,False,Region-05
FRD02198,CUST006454,2024-08-01,Card Fraud,Branch,1632.06,70.94,True,False,Region-09
FRD02199,CUST000387,2024-11-05,Suspicious Transfer,Online Banking,1177.98,36.0,True,False,Region-01
FRD02200,CUST010946,2024-09-15,Card Fraud,Online Banking,1417.04,8.39,True,False,Region-01
